census_profile_id,agency_id,agency_name,year,driver_race,population,stops,stop_rate,baseline_rate,stop_rate_ratio,times_likely,url
1600000US3755900,228,Reidsville Police Department,2023,Native American,0,1,,0.23607873607873608,,,https://nccopwatch.org/agencies/228/search-rate
1600000US3747845,204,North Topsail Beach Police Department,2023,Asian,0,3,,0.31789137380191695,,,https://nccopwatch.org/agencies/204/search-rate
1600000US3743580,288,Village of Misenheimer Police Department,2023,Asian,0,2,,0.09669811320754718,,,https://nccopwatch.org/agencies/288/search-rate
1600000US3742700,169,Middlesex Police Department,2023,Asian,0,2,,0.5623800383877159,,,https://nccopwatch.org/agencies/169/search-rate
1600000US3742240,167,Mebane Police Department,2023,Native American,0,1,,0.20652173913043478,,,https://nccopwatch.org/agencies/167/search-rate
1600000US3742060,164,Mayodan Police Department,2023,Asian,0,1,,0.14795918367346939,,,https://nccopwatch.org/agencies/164/search-rate
1600000US3700680,3,Albemarle Police Department,2023,Native American,0,1,,0.08283682490870652,,,https://nccopwatch.org/agencies/3/search-rate
1600000US3774020,304,Wilkesboro Police Department,2023,Asian,0,8,,0.3031018206338503,,,https://nccopwatch.org/agencies/304/search-rate
1600000US3748700,206,Ocean Isle Beach Police Department,2023,Other,0,12,,0.7912932138284251,,,https://nccopwatch.org/agencies/206/search-rate
1600000US3701720,10,Archdale Police Department,2023,Native American,0,1,,0.09211087420042643,,,https://nccopwatch.org/agencies/10/search-rate
1600000US3702500,15,Atlantic Beach Police Department,2023,Hispanic,0,30,,0.210727969348659,,,https://nccopwatch.org/agencies/15/search-rate
1600000US3751820,217,Pilot Mountain Police Department,2023,Native American,0,1,,0.4828551434569629,,,https://nccopwatch.org/agencies/217/search-rate
1600000US3703150,18,Bald Head Island Police Department,2023,Black,0,1,,0.7602739726027398,,,https://nccopwatch.org/agencies/18/search-rate
1600000US3703150,18,Bald Head Island Police Department,2023,Other,0,2,,0.7602739726027398,,,https://nccopwatch.org/agencies/18/search-rate
0500000US37073,100,Gates County Sheriff's Office,2023,Asian,0,1,,0.02887377173091459,,,https://nccopwatch.org/agencies/100/search-rate
1600000US3752000,219,Pine Knoll Shores Police Department,2023,Asian,0,13,,0.6512481644640234,,,https://nccopwatch.org/agencies/219/search-rate
1600000US3705880,24,Biltmore Forest Police Department,2023,Native American,0,1,,0.128,,,https://nccopwatch.org/agencies/24/search-rate
1600000US3706500,27,Blowing Rock Police Department,2023,Asian,0,24,,1.369289340101523,,,https://nccopwatch.org/agencies/27/search-rate
1600000US3706500,27,Blowing Rock Police Department,2023,Hispanic,0,95,,1.369289340101523,,,https://nccopwatch.org/agencies/27/search-rate
1600000US3752000,219,Pine Knoll Shores Police Department,2023,Native American,0,2,,0.6512481644640234,,,https://nccopwatch.org/agencies/219/search-rate
1600000US3740560,157,Madison Police Department,2023,Asian,0,6,,0.25933756166314303,,,https://nccopwatch.org/agencies/157/search-rate
1600000US3752140,220,Pinetops Police Department,2023,Hispanic,0,25,,0.2593984962406015,,,https://nccopwatch.org/agencies/220/search-rate
1600000US3738680,153,Littleton Police Department,2023,Native American,0,16,,0.39171974522292996,,,https://nccopwatch.org/agencies/153/search-rate
1600000US3752140,220,Pinetops Police Department,2023,Native American,0,2,,0.2593984962406015,,,https://nccopwatch.org/agencies/220/search-rate
1600000US3768040,273,Topsail Beach Police Department,2023,Native American,0,1,,1.1496598639455782,,,https://nccopwatch.org/agencies/273/search-rate
1600000US3768040,273,Topsail Beach Police Department,2023,Hispanic,0,51,,1.1496598639455782,,,https://nccopwatch.org/agencies/273/search-rate
1600000US3768040,273,Topsail Beach Police Department,2023,Black,0,38,,1.1496598639455782,,,https://nccopwatch.org/agencies/273/search-rate
1600000US3768040,273,Topsail Beach Police Department,2023,Asian,0,12,,1.1496598639455782,,,https://nccopwatch.org/agencies/273/search-rate
1600000US3712720,57,Claremont Police Department,2023,Native American,0,1,,0.10936555891238671,,,https://nccopwatch.org/agencies/57/search-rate
1600000US3713980,63,Columbus Police Department,2023,Asian,0,12,,1.8247549019607843,,,https://nccopwatch.org/agencies/63/search-rate
1600000US3714340,65,Conover Police Department,2023,Native American,0,2,,0.17845381840991062,,,https://nccopwatch.org/agencies/65/search-rate
1600000US3716400,73,Davidson Police Department,2023,Native American,0,2,,0.1490667127549257,,,https://nccopwatch.org/agencies/73/search-rate
1600000US3718060,76,Duck Police Department,2023,Black,0,31,,0.6295133437990581,,,https://nccopwatch.org/agencies/76/search-rate
1600000US3738680,153,Littleton Police Department,2023,Asian,0,1,,0.39171974522292996,,,https://nccopwatch.org/agencies/153/search-rate
1600000US3765530,264,Sugar Mountain Police Department,2023,Native American,0,1,,0.16666666666666666,,,https://nccopwatch.org/agencies/264/search-rate
1600000US3765530,264,Sugar Mountain Police Department,2023,Black,0,2,,0.16666666666666666,,,https://nccopwatch.org/agencies/264/search-rate
1600000US3737680,147,Leland Police Department,2023,Native American,0,9,,0.0500916310323763,,,https://nccopwatch.org/agencies/147/search-rate
1600000US3722360,88,Fairmont Department of Public Safety,2023,Asian,0,2,,0.165,,,https://nccopwatch.org/agencies/88/search-rate
1600000US3764560,258,Stantonsburg Police Department,2023,Asian,0,1,,0.03293413173652695,,,https://nccopwatch.org/agencies/258/search-rate
1600000US3736500,144,Lake Lure Police Department,2023,Black,0,24,,0.17766911165444174,,,https://nccopwatch.org/agencies/144/search-rate
1600000US3736500,144,Lake Lure Police Department,2023,Asian,0,2,,0.17766911165444174,,,https://nccopwatch.org/agencies/144/search-rate
1600000US3736220,143,Kure Beach Police Department,2023,Black,0,1,,0.0026702269692923898,,,https://nccopwatch.org/agencies/143/search-rate
1600000US3727280,102,Graham Police Department,2023,Native American,0,8,,0.19200088632838466,,,https://nccopwatch.org/agencies/102/search-rate
1600000US3758720,241,Saint Pauls Police Department,2023,Asian,0,15,,0.34913793103448276,,,https://nccopwatch.org/agencies/241/search-rate
1600000US3760505,247,Seven Devils Police Department,2023,Black,0,3,,0.18716577540106952,,,https://nccopwatch.org/agencies/247/search-rate
1600000US3775820,311,Wrightsville Beach Police Department,2023,Native American,0,5,,0.6435643564356436,,,https://nccopwatch.org/agencies/311/search-rate
1600000US3744900,180,Mount Gilead Police Department,2023,Native American,0,3,,0.6200607902735562,,,https://nccopwatch.org/agencies/180/search-rate
1600000US3746740,200,Newland Police Department,2023,Other,0,3,,0.28191489361702127,,,https://nccopwatch.org/agencies/200/search-rate
1600000US3705880,24,Biltmore Forest Police Department,2023,Black,3,62,20.666666666666668,0.128,160.45833333333334,161.45833333333334,https://nccopwatch.org/agencies/24/search-rate
1600000US3752000,219,Pine Knoll Shores Police Department,2023,Black,1,89,89.0,0.6512481644640234,135.66065388951523,136.66065388951523,https://nccopwatch.org/agencies/219/search-rate
1600000US3736220,143,Kure Beach Police Department,2023,Hispanic,20,3,0.15,0.0026702269692923898,55.175,56.175,https://nccopwatch.org/agencies/143/search-rate
1600000US3766700,270,Tarboro Police Department,2023,Asian,1,10,10.0,0.1954132823698041,50.17359413202934,51.17359413202934,https://nccopwatch.org/agencies/270/search-rate
1600000US3773300,303,White Lake Police Department,2023,Native American,3,6,2.0,0.045512010113780026,42.94444444444444,43.94444444444444,https://nccopwatch.org/agencies/303/search-rate
1600000US3751940,218,Pinehurst Police Department,2023,Black,160,453,2.83125,0.08123159646652157,33.85404846335697,34.85404846335697,https://nccopwatch.org/agencies/218/search-rate
1600000US3775820,311,Wrightsville Beach Police Department,2023,Black,15,276,18.4,0.6435643564356436,27.59076923076923,28.59076923076923,https://nccopwatch.org/agencies/311/search-rate
1600000US3704510,21,Beech Mountain Police Department,2023,Black,3,7,2.3333333333333335,0.09009009009009009,24.900000000000002,25.900000000000002,https://nccopwatch.org/agencies/21/search-rate
1600000US3770820,292,Walnut Creek Police Department,2023,Black,18,15,0.8333333333333334,0.03238095238095238,24.73529411764706,25.73529411764706,https://nccopwatch.org/agencies/292/search-rate
1600000US3744960,181,Mount Holly Police Department,2023,Native American,3,3,1.0,0.046339501206757845,20.57986111111111,21.57986111111111,https://nccopwatch.org/agencies/181/search-rate
1600000US3735460,136,Kenansville Police Department,2023,Hispanic,25,68,2.72,0.13840399002493767,18.65261261261261,19.65261261261261,https://nccopwatch.org/agencies/136/search-rate
1600000US3746740,200,Newland Police Department,2023,Black,2,11,5.5,0.28191489361702127,18.509433962264154,19.509433962264154,https://nccopwatch.org/agencies/200/search-rate
1600000US3708860,33,Bunn Police Department,2023,Hispanic,4,25,6.25,0.3247863247863248,18.24342105263158,19.24342105263158,https://nccopwatch.org/agencies/33/search-rate
1600000US3714100,64,Concord Police Department,2023,Native American,34,161,4.735294117647059,0.24656931092683643,18.204718137254904,19.204718137254904,https://nccopwatch.org/agencies/64/search-rate
0500000US37105,146,Lee County Sheriff's Office,2023,Native American,57,23,0.40350877192982454,0.028023517775701962,13.39893360853113,14.39893360853113,https://nccopwatch.org/agencies/146/search-rate
1600000US3766040,266,Surf City Police Department,2023,Native American,1,6,6.0,0.41752433936022254,13.370419720186542,14.370419720186542,https://nccopwatch.org/agencies/266/search-rate
1600000US3748700,206,Ocean Isle Beach Police Department,2023,Black,4,44,11.0,0.7912932138284251,12.901294498381878,13.901294498381878,https://nccopwatch.org/agencies/206/search-rate
1600000US3740600,158,Maggie Valley Police Department,2023,Black,10,66,6.6,0.4791666666666667,12.77391304347826,13.77391304347826,https://nccopwatch.org/agencies/158/search-rate
1600000US3770820,292,Walnut Creek Police Department,2023,Hispanic,20,8,0.4,0.03238095238095238,11.352941176470589,12.352941176470589,https://nccopwatch.org/agencies/292/search-rate
1600000US3705880,24,Biltmore Forest Police Department,2023,Hispanic,19,30,1.5789473684210527,0.128,11.335526315789473,12.335526315789473,https://nccopwatch.org/agencies/24/search-rate
1600000US3765530,264,Sugar Mountain Police Department,2023,Hispanic,4,8,2.0,0.16666666666666666,11.0,12.0,https://nccopwatch.org/agencies/264/search-rate
0500000US37041,56,Chowan County Sheriff's Office,2023,Asian,10,3,0.3,0.025804895695164597,10.62570093457944,11.62570093457944,https://nccopwatch.org/agencies/56/search-rate
1600000US3731360,118,Highlands Police Department,2023,Other,7,13,1.8571428571428572,0.1695852534562212,9.95108695652174,10.95108695652174,https://nccopwatch.org/agencies/118/search-rate
1600000US3702500,15,Atlantic Beach Police Department,2023,Black,13,29,2.230769230769231,0.210727969348659,9.586013986013986,10.586013986013986,https://nccopwatch.org/agencies/15/search-rate
1600000US3766960,271,Taylorsville Police Department,2023,Native American,4,2,0.5,0.04773384763741562,9.474747474747474,10.474747474747474,https://nccopwatch.org/agencies/271/search-rate
1600000US3705880,24,Biltmore Forest Police Department,2023,Asian,3,4,1.3333333333333333,0.128,9.416666666666666,10.416666666666666,https://nccopwatch.org/agencies/24/search-rate
0500000US37025,38,Cabarrus County Sheriff's Office,2023,Native American,74,37,0.5,0.048760379247394146,9.254227053140097,10.254227053140097,https://nccopwatch.org/agencies/38/search-rate
1600000US3742060,164,Mayodan Police Department,2023,Black,71,105,1.4788732394366197,0.14795918367346939,8.995143273433706,9.995143273433706,https://nccopwatch.org/agencies/164/search-rate
1600000US3731060,117,Hickory Police Department,2023,Native American,7,9,1.2857142857142858,0.1307284815302023,8.834997474649365,9.834997474649365,https://nccopwatch.org/agencies/117/search-rate
0500000US37197,312,Yadkin County Sheriff's Office,2023,Asian,29,5,0.1724137931034483,0.017934446505875078,8.613555291319857,9.613555291319857,https://nccopwatch.org/agencies/312/search-rate
1600000US3735200,135,Kannapolis Police Department,2023,Native American,5,7,1.4,0.15080190314144373,8.283702465524446,9.283702465524446,https://nccopwatch.org/agencies/135/search-rate
1600000US3714340,65,Conover Police Department,2023,Black,197,323,1.6395939086294415,0.17845381840991062,8.187777113646703,9.187777113646703,https://nccopwatch.org/agencies/65/search-rate
0500000US37059,74,Davie County Sheriff's Office,2023,Black,1734,462,0.2664359861591695,0.03162000278590333,7.426184778135146,8.426184778135145,https://nccopwatch.org/agencies/74/search-rate
1600000US3710740,46,Cary Police Department,2023,Native American,239,102,0.42677824267782427,0.05092813874771989,7.380008639073456,8.380008639073456,https://nccopwatch.org/agencies/46/search-rate
1600000US3763120,253,Southern Pines Police Department,2023,Native American,30,15,0.5,0.0599291975724882,7.343178621659634,8.343178621659634,https://nccopwatch.org/agencies/253/search-rate
1600000US3764420,256,Stallings Police Department,2023,Native American,25,13,0.52,0.0665785560878903,6.8103225806451615,7.8103225806451615,https://nccopwatch.org/agencies/256/search-rate
1600000US3722360,88,Fairmont Department of Public Safety,2023,Hispanic,25,31,1.24,0.165,6.515151515151515,7.515151515151515,https://nccopwatch.org/agencies/88/search-rate
1600000US3744520,178,Morrisville Police Department,2023,Native American,30,45,1.5,0.20325051373061834,6.380055147058823,7.380055147058823,https://nccopwatch.org/agencies/178/search-rate
1600000US3744220,176,Mooresville Police Department,2023,Native American,22,25,1.1363636363636365,0.1584692126153186,6.170879551993108,7.170879551993108,https://nccopwatch.org/agencies/176/search-rate
1600000US3763120,253,Southern Pines Police Department,2023,Black,1878,797,0.42438764643237487,0.0599291975724882,6.081483878022075,7.081483878022075,https://nccopwatch.org/agencies/253/search-rate
1600000US3738680,153,Littleton Police Department,2023,Hispanic,7,19,2.7142857142857144,0.39171974522292996,5.929152148664344,6.929152148664344,https://nccopwatch.org/agencies/153/search-rate
1600000US3770540,291,Wake Forest Police Department,2023,Native American,34,31,0.9117647058823529,0.13518904435844,5.74436830446779,6.74436830446779,https://nccopwatch.org/agencies/291/search-rate
0500000US37167,257,Stanly County Sheriff's Office,2023,Native American,15,2,0.13333333333333333,0.02011511421800004,5.628514851485148,6.628514851485148,https://nccopwatch.org/agencies/257/search-rate
1600000US3748700,206,Ocean Isle Beach Police Department,2023,Hispanic,8,40,5.0,0.7912932138284251,5.318770226537217,6.318770226537217,https://nccopwatch.org/agencies/206/search-rate
1600000US3745660,183,Murphy Police Department,2023,Asian,4,7,1.75,0.283210332103321,5.179153094462541,6.179153094462541,https://nccopwatch.org/agencies/183/search-rate
0500000US37005,5,Alleghany County Sheriff's Office,2023,Black,151,15,0.09933774834437085,0.016456921587608905,5.036229061160888,6.036229061160888,https://nccopwatch.org/agencies/5/search-rate
0500000US37135,209,Orange County Sheriff's Office,2023,Black,15054,731,0.0485585226517869,0.00812066144261162,4.979626535959906,5.979626535959906,https://nccopwatch.org/agencies/209/search-rate
0500000US37063,79,Durham County Sheriff's Office,2023,Native American,712,36,0.05056179775280899,0.008672738065935975,4.829969424696592,5.829969424696592,https://nccopwatch.org/agencies/79/search-rate
1600000US3771460,298,Waxhaw Police Department,2023,Native American,25,16,0.64,0.110348576476184,4.799802955665025,5.799802955665025,https://nccopwatch.org/agencies/298/search-rate
1600000US3710740,46,Cary Police Department,2023,Black,12903,3786,0.2934201348523599,0.05092813874771989,4.761454120792832,5.761454120792832,https://nccopwatch.org/agencies/46/search-rate
1600000US3752000,219,Pine Knoll Shores Police Department,2023,Hispanic,18,67,3.7222222222222223,0.6512481644640234,4.715520481022173,5.715520481022173,https://nccopwatch.org/agencies/219/search-rate
0500000US37179,285,Union County Sheriff's Office,2023,Native American,345,4,0.011594202898550725,0.002053363433319724,4.646444613950335,5.646444613950335,https://nccopwatch.org/agencies/285/search-rate
1600000US3771100,294,Warrenton Police Department,2023,Black,289,207,0.7162629757785467,0.1277533039647577,4.606610189714831,5.606610189714831,https://nccopwatch.org/agencies/294/search-rate
1600000US3714700,66,Cornelius Police Department,2023,Black,1455,781,0.5367697594501718,0.09592371690156896,4.595798169507672,5.595798169507672,https://nccopwatch.org/agencies/66/search-rate
1600000US3739700,154,Lumberton Police Department,2023,Native American,2535,203,0.08007889546351085,0.014831804281345565,4.399133776611969,5.399133776611969,https://nccopwatch.org/agencies/154/search-rate
1600000US3740600,158,Maggie Valley Police Department,2023,Native American,24,62,2.5833333333333335,0.4791666666666667,4.391304347826088,5.391304347826088,https://nccopwatch.org/agencies/158/search-rate
1600000US3760505,247,Seven Devils Police Department,2023,Asian,1,1,1.0,0.18716577540106952,4.342857142857143,5.342857142857143,https://nccopwatch.org/agencies/247/search-rate
0500000US37113,155,Macon County Sheriff's Office,2023,Black,433,29,0.06697459584295612,0.012558674500295316,4.332935083346671,5.332935083346671,https://nccopwatch.org/agencies/155/search-rate
1600000US3730660,114,Henderson Police Department,2023,Native American,8,3,0.375,0.07061623909018779,4.310393258426966,5.310393258426966,https://nccopwatch.org/agencies/114/search-rate
0500000US37151,226,Randolph County Sheriff's Office,2023,Black,8594,957,0.11135676053060274,0.02119132035436748,4.2548288010592215,5.2548288010592215,https://nccopwatch.org/agencies/226/search-rate
0500000US37087,112,Haywood County Sheriff's Office,2023,Black,603,27,0.04477611940298507,0.008546406104072318,4.239175257731959,5.239175257731959,https://nccopwatch.org/agencies/112/search-rate
1600000US3764420,256,Stallings Police Department,2023,Black,1281,442,0.3450429352068696,0.0665785560878903,4.182493515650575,5.182493515650575,https://nccopwatch.org/agencies/256/search-rate
1600000US3776220,315,Zebulon Police Department,2023,Asian,19,30,1.5789473684210527,0.31025248661055854,4.089233564799793,5.089233564799793,https://nccopwatch.org/agencies/315/search-rate
0500000US37169,262,Stokes County Sheriff's Office,2023,Black,1543,83,0.053791315618924175,0.010618720779866706,4.065705816553113,5.065705816553113,https://nccopwatch.org/agencies/262/search-rate
1600000US3751820,217,Pilot Mountain Police Department,2023,Hispanic,21,51,2.4285714285714284,0.4828551434569629,4.029606625258799,5.029606625258799,https://nccopwatch.org/agencies/217/search-rate
0500000US37199,313,Yancey County Sheriff's Office,2023,Black,104,8,0.07692307692307693,0.015482054890921885,3.9685314685314688,4.968531468531468,https://nccopwatch.org/agencies/313/search-rate
1600000US3774020,304,Wilkesboro Police Department,2023,Other,8,12,1.5,0.3031018206338503,3.9488320355951054,4.948832035595105,https://nccopwatch.org/agencies/304/search-rate
1600000US3712720,57,Claremont Police Department,2023,Black,82,44,0.5365853658536586,0.10936555891238671,3.906346853523784,4.906346853523784,https://nccopwatch.org/agencies/57/search-rate
1600000US3735460,136,Kenansville Police Department,2023,Black,193,131,0.6787564766839378,0.13840399002493767,3.9041684171217845,4.9041684171217845,https://nccopwatch.org/agencies/136/search-rate
1600000US3758720,241,Saint Pauls Police Department,2023,Native American,124,212,1.7096774193548387,0.34913793103448276,3.896853843090402,4.896853843090402,https://nccopwatch.org/agencies/241/search-rate
1600000US3719000,80,Durham Police Department,2023,Native American,593,82,0.13827993254637436,0.02840320744867483,3.8684618734080995,4.8684618734080995,https://nccopwatch.org/agencies/80/search-rate
1600000US3704510,21,Beech Mountain Police Department,2023,Hispanic,16,7,0.4375,0.09009009009009009,3.8562500000000006,4.856250000000001,https://nccopwatch.org/agencies/21/search-rate
1600000US3735460,136,Kenansville Police Department,2023,Native American,3,2,0.6666666666666666,0.13840399002493767,3.816816816816816,4.816816816816816,https://nccopwatch.org/agencies/136/search-rate
1600000US3744800,179,Mount Airy Police Department,2023,Hispanic,426,141,0.33098591549295775,0.0689849836287682,3.797941495124594,4.797941495124594,https://nccopwatch.org/agencies/179/search-rate
0500000US37021,32,Buncombe County Sheriff's Office,2023,Native American,295,6,0.020338983050847456,0.00430749440614554,3.7217665615141953,4.721766561514196,https://nccopwatch.org/agencies/32/search-rate
0500000US37163,244,Sampson County Sheriff's Office,2023,Asian,289,5,0.01730103806228374,0.003675344563552833,3.7073241061130338,4.707324106113034,https://nccopwatch.org/agencies/244/search-rate
1600000US3741960,163,Matthews Police Department,2023,Black,3962,1954,0.49318525996971224,0.10488846701471286,3.701997026046081,4.701997026046081,https://nccopwatch.org/agencies/163/search-rate
0500000US37115,156,Madison County Sheriff's Office,2023,Native American,16,3,0.1875,0.040621688449311195,3.615760869565218,4.615760869565218,https://nccopwatch.org/agencies/156/search-rate
0500000US37033,49,Caswell County Sheriff's Office,2023,Asian,97,6,0.061855670103092786,0.013586354574318836,3.5527790228597045,4.5527790228597045,https://nccopwatch.org/agencies/49/search-rate
1600000US3741960,163,Matthews Police Department,2023,Hispanic,1842,859,0.46634093376764385,0.10488846701471286,3.446064920581111,4.446064920581112,https://nccopwatch.org/agencies/163/search-rate
1600000US3770820,292,Walnut Creek Police Department,2023,Asian,14,2,0.14285714285714285,0.03238095238095238,3.4117647058823533,4.411764705882353,https://nccopwatch.org/agencies/292/search-rate
1600000US3723760,91,Fletcher Police Department,2023,Black,268,203,0.7574626865671642,0.171824480369515,3.4083513882201895,4.40835138822019,https://nccopwatch.org/agencies/91/search-rate
1600000US3773300,303,White Lake Police Department,2023,Black,55,11,0.2,0.045512010113780026,3.3944444444444444,4.394444444444444,https://nccopwatch.org/agencies/303/search-rate
0500000US37159,238,Rowan County Sheriff's Office,2023,Native American,149,9,0.06040268456375839,0.013817859952793077,3.3713487305643794,4.37134873056438,https://nccopwatch.org/agencies/238/search-rate
1600000US3732180,123,Holly Ridge Police Department,2023,Black,201,97,0.48258706467661694,0.11208267090620032,3.305634945838185,4.305634945838185,https://nccopwatch.org/agencies/123/search-rate
0500000US37089,113,Henderson County Sheriff's Office,2023,Black,3403,500,0.14692918013517484,0.034127763079286506,3.3052684054863235,4.3052684054863235,https://nccopwatch.org/agencies/113/search-rate
1600000US3710620,44,Carrboro Police Department,2023,Black,2706,319,0.11788617886178862,0.027839314724560627,3.234521575984991,4.23452157598499,https://nccopwatch.org/agencies/44/search-rate
0500000US37157,235,Rockingham County Sheriff's Office,2023,Native American,145,2,0.013793103448275862,0.0033137707304232026,3.162359007412182,4.1623590074121815,https://nccopwatch.org/agencies/235/search-rate
1600000US3738680,153,Littleton Police Department,2023,Black,91,147,1.6153846153846154,0.39171974522292996,3.123827392120075,4.123827392120075,https://nccopwatch.org/agencies/153/search-rate
0500000US37183,290,Wake County Sheriff's Office,2023,Native American,2123,28,0.0131888836552049,0.003220067386840678,3.095840884915449,4.095840884915448,https://nccopwatch.org/agencies/290/search-rate
0500000US37053,70,Currituck County Sheriff's Office,2023,Native American,50,56,1.12,0.27771776097307244,3.0328713441867174,4.032871344186717,https://nccopwatch.org/agencies/70/search-rate
0500000US37197,312,Yadkin County Sheriff's Office,2023,Black,1037,75,0.07232401157184185,0.017934446505875078,3.0326871279885608,4.032687127988561,https://nccopwatch.org/agencies/312/search-rate
0500000US37189,297,Watauga County Sheriff's Office,2023,Black,889,7,0.007874015748031496,0.001956866541701856,3.0237878159966844,4.023787815996684,https://nccopwatch.org/agencies/297/search-rate
0500000US37037,53,Chatham County Sheriff's Office,2023,Native American,90,2,0.022222222222222223,0.0055978340406849115,2.9697893972403775,3.9697893972403775,https://nccopwatch.org/agencies/53/search-rate
0500000US37183,290,Wake County Sheriff's Office,2023,Black,217801,2726,0.012516012323175743,0.003220067386840678,2.88687900580107,3.88687900580107,https://nccopwatch.org/agencies/290/search-rate
0500000US37015,23,Bertie County Sheriff's Office,2023,Black,10489,311,0.02965010963866908,0.007674341007674341,2.863538199438749,3.863538199438749,https://nccopwatch.org/agencies/23/search-rate
1600000US3740560,157,Madison Police Department,2023,Native American,2,2,1.0,0.25933756166314303,2.8559782608695654,3.8559782608695654,https://nccopwatch.org/agencies/157/search-rate
1600000US3745880,184,Nags Head Police Department,2023,Black,35,9,0.2571428571428571,0.06842285323297982,2.7581428571428566,3.7581428571428566,https://nccopwatch.org/agencies/184/search-rate
0500000US37029,40,Camden County Sheriff's Office,2023,Black,891,503,0.5645342312008979,0.15050839441948452,2.75084880400408,3.75084880400408,https://nccopwatch.org/agencies/40/search-rate
0500000US37179,285,Union County Sheriff's Office,2023,Black,26797,206,0.0076874276971302755,0.002053363433319724,2.743822244219971,3.743822244219971,https://nccopwatch.org/agencies/285/search-rate
1600000US3701520,8,Apex Police Department,2023,Black,5475,1875,0.3424657534246575,0.09210280809777031,2.7182987196342405,3.7182987196342405,https://nccopwatch.org/agencies/8/search-rate
1600000US3732260,124,Holly Springs Police Department,2023,Black,3425,2088,0.6096350364963503,0.1640860148322835,2.7153381847896902,3.7153381847896902,https://nccopwatch.org/agencies/124/search-rate
0500000US37167,257,Stanly County Sheriff's Office,2023,Black,6970,520,0.0746054519368723,0.02011511421800004,2.7089250962398963,3.7089250962398963,https://nccopwatch.org/agencies/257/search-rate
0500000US37119,168,Mecklenburg County Sheriff's Office,2023,Native American,1671,27,0.01615798922800718,0.004360292324958643,2.7057123751812755,3.7057123751812755,https://nccopwatch.org/agencies/168/search-rate
1600000US3716400,73,Davidson Police Department,2023,Hispanic,602,331,0.5498338870431894,0.1490667127549257,2.688508835283355,3.688508835283355,https://nccopwatch.org/agencies/73/search-rate
0500000US37073,100,Gates County Sheriff's Office,2023,Native American,47,5,0.10638297872340426,0.02887377173091459,2.6844157290854405,3.6844157290854405,https://nccopwatch.org/agencies/100/search-rate
0500000US37109,151,Lincoln County Sheriff's Office,2023,Black,5236,466,0.0889992360580596,0.024314322739235568,2.6603625366230417,3.6603625366230417,https://nccopwatch.org/agencies/151/search-rate
0500000US37131,203,Northampton County Sheriff's Office,2023,Native American,34,1,0.029411764705882353,0.008051289697331147,2.6530501089324616,3.6530501089324616,https://nccopwatch.org/agencies/203/search-rate
0500000US37159,238,Rowan County Sheriff's Office,2023,Black,22892,1155,0.05045430718154814,0.013817859952793077,2.6513835973094766,3.6513835973094766,https://nccopwatch.org/agencies/238/search-rate
0500000US37137,210,Pamlico County Sheriff's Office,2023,Native American,18,4,0.2222222222222222,0.061128182616330115,2.6353480949531214,3.6353480949531214,https://nccopwatch.org/agencies/210/search-rate
1600000US3757640,237,Rolesville Police Department,2023,Hispanic,563,32,0.056838365896980464,0.01568032372281234,2.624820947688077,3.624820947688077,https://nccopwatch.org/agencies/237/search-rate
0500000US37019,31,Brunswick County Sheriff's Office,2023,Black,11695,427,0.03651132962804617,0.010115948887837197,2.6092837194882605,3.6092837194882605,https://nccopwatch.org/agencies/31/search-rate
1600000US3775820,311,Wrightsville Beach Police Department,2023,Asian,13,30,2.3076923076923075,0.6435643564356436,2.5857988165680466,3.5857988165680466,https://nccopwatch.org/agencies/311/search-rate
0500000US37125,175,Moore County Sheriff's Office,2023,Black,9844,145,0.014729784640390086,0.004111905310890784,2.582228559927391,3.582228559927391,https://nccopwatch.org/agencies/175/search-rate
1600000US3775820,311,Wrightsville Beach Police Department,2023,Hispanic,79,181,2.2911392405063293,0.6435643564356436,2.5600778967867575,3.5600778967867575,https://nccopwatch.org/agencies/311/search-rate
1600000US3737680,147,Leland Police Department,2023,Black,2461,437,0.17757009345794392,0.0500916310323763,2.544905402325051,3.544905402325051,https://nccopwatch.org/agencies/147/search-rate
1600000US3733120,126,Huntersville Police Department,2023,Black,8415,2856,0.3393939393939394,0.09609385911820849,2.5319003993422595,3.5319003993422595,https://nccopwatch.org/agencies/126/search-rate
0500000US37149,224,Polk County Sheriff's Office,2023,Asian,20,6,0.3,0.08520310041377703,2.5209986320109437,3.5209986320109437,https://nccopwatch.org/agencies/224/search-rate
1600000US3774440,306,Wilmington Police Department,2023,Black,17561,4733,0.26951768122544273,0.07741040183419814,2.4816726801484705,3.4816726801484705,https://nccopwatch.org/agencies/306/search-rate
1600000US3743480,170,Mint Hill Police Department,2023,Black,4015,292,0.07272727272727272,0.02093830478109954,2.473407875546913,3.473407875546913,https://nccopwatch.org/agencies/170/search-rate
0500000US37079,104,Greene County Sheriff's Office,2023,Black,6480,252,0.03888888888888889,0.0112,2.4722222222222223,3.4722222222222223,https://nccopwatch.org/agencies/104/search-rate
0500000US37015,23,Bertie County Sheriff's Office,2023,Hispanic,379,10,0.026385224274406333,0.007674341007674341,2.4381094413215556,3.4381094413215556,https://nccopwatch.org/agencies/23/search-rate
1600000US3711800,51,Chapel Hill Police Department,2023,Black,6468,1514,0.23407544836116265,0.06902691945113648,2.3910748186707433,3.3910748186707433,https://nccopwatch.org/agencies/51/search-rate
0500000US37125,175,Moore County Sheriff's Office,2023,Native American,431,6,0.013921113689095127,0.004111905310890784,2.385562807641434,3.385562807641434,https://nccopwatch.org/agencies/175/search-rate
1600000US3755000,225,Raleigh Police Department,2023,Black,126934,20786,0.16375439204626027,0.0484810696308898,2.377697589863485,3.377697589863485,https://nccopwatch.org/agencies/225/search-rate
0500000US37027,39,Caldwell County Sheriff's Office,2023,Black,3294,38,0.01153612629022465,0.003417070875262434,2.37602780607782,3.37602780607782,https://nccopwatch.org/agencies/39/search-rate
1600000US3740600,158,Maggie Valley Police Department,2023,Other,36,58,1.6111111111111112,0.4791666666666667,2.36231884057971,3.36231884057971,https://nccopwatch.org/agencies/158/search-rate
0500000US37147,222,Pitt County Sheriff's Office,2023,Black,60121,1184,0.019693617870627567,0.005877226306733111,2.3508353843829393,3.3508353843829393,https://nccopwatch.org/agencies/222/search-rate
0500000US37091,116,Hertford County Sheriff's Office,2023,Black,11564,331,0.02862331373227257,0.008605072463768116,2.3263303537293596,3.3263303537293596,https://nccopwatch.org/agencies/116/search-rate
1600000US3712720,57,Claremont Police Department,2023,Asian,33,12,0.36363636363636365,0.10936555891238671,2.3249623304871925,3.3249623304871925,https://nccopwatch.org/agencies/57/search-rate
1600000US3744960,181,Mount Holly Police Department,2023,Black,2746,422,0.15367807720320467,0.046339501206757845,2.3163515618677675,3.3163515618677675,https://nccopwatch.org/agencies/181/search-rate
1600000US3718060,76,Duck Police Department,2023,Hispanic,13,27,2.076923076923077,0.6295133437990581,2.2992518703241895,3.2992518703241895,https://nccopwatch.org/agencies/76/search-rate
1600000US3728080,106,Greenville Police Department,2023,Native American,75,29,0.38666666666666666,0.11798404304666481,2.2772793394928246,3.2772793394928246,https://nccopwatch.org/agencies/106/search-rate
1600000US3771460,298,Waxhaw Police Department,2023,Black,1540,556,0.36103896103896105,0.110348576476184,2.2718044270999935,3.2718044270999935,https://nccopwatch.org/agencies/298/search-rate
0500000US37155,234,Robeson County Sheriff's Office,2023,Asian,897,69,0.07692307692307693,0.02357207615593835,2.2633136094674557,3.2633136094674557,https://nccopwatch.org/agencies/234/search-rate
1600000US3764260,255,Spruce Pine Police Department,2023,Black,17,12,0.7058823529411765,0.218639798488665,2.2285172133369477,3.2285172133369477,https://nccopwatch.org/agencies/255/search-rate
0500000US37055,71,Dare County Sheriff's Office,2023,Black,1052,395,0.3754752851711027,0.11704960673809377,2.207830386062325,3.207830386062325,https://nccopwatch.org/agencies/71/search-rate
0500000US37071,98,Gaston County Sheriff's Office,2023,Black,40133,177,0.004410335634016894,0.0013765502122181578,2.2039046559079947,3.2039046559079947,https://nccopwatch.org/agencies/98/search-rate
1600000US3741960,163,Matthews Police Department,2023,Native American,33,11,0.3333333333333333,0.10488846701471286,2.1779788838612366,3.1779788838612366,https://nccopwatch.org/agencies/163/search-rate
1600000US3702500,15,Atlantic Beach Police Department,2023,Asian,6,4,0.6666666666666666,0.210727969348659,2.1636363636363636,3.1636363636363636,https://nccopwatch.org/agencies/15/search-rate
1600000US3751940,218,Pinehurst Police Department,2023,Native American,179,46,0.2569832402234637,0.08123159646652157,2.1635872173135935,3.1635872173135935,https://nccopwatch.org/agencies/218/search-rate
1600000US3709360,37,Butner Public Safety,2023,Asian,18,11,0.6111111111111112,0.19380530973451326,2.153221714865551,3.153221714865551,https://nccopwatch.org/agencies/37/search-rate
0500000US37069,94,Franklin County Sheriff's Office,2023,Black,16452,425,0.025832725504497934,0.008230639807193851,2.138604787676321,3.138604787676321,https://nccopwatch.org/agencies/94/search-rate
1600000US3735880,139,Kings Mountain Police Department,2023,Native American,7,2,0.2857142857142857,0.09104684934966537,2.138101842678819,3.138101842678819,https://nccopwatch.org/agencies/139/search-rate
1600000US3738060,150,Lexington Police Department,2023,Native American,7,7,1.0,0.3204146542584521,2.1209558823529413,3.1209558823529413,https://nccopwatch.org/agencies/150/search-rate
0500000US37177,277,Tyrrell County Sheriff's Office,2023,Other,73,93,1.273972602739726,0.4100327153762268,2.1070023316817252,3.1070023316817252,https://nccopwatch.org/agencies/277/search-rate
1600000US3719000,80,Durham Police Department,2023,Black,98568,8672,0.08797987176365554,0.02840320744867483,2.0975329783665084,3.0975329783665084,https://nccopwatch.org/agencies/80/search-rate
0500000US37051,69,Cumberland County Sheriff's Office,2023,Native American,3343,23,0.006880047861202512,0.0022314732845091856,2.0831863007115428,3.0831863007115428,https://nccopwatch.org/agencies/69/search-rate
1600000US3703150,18,Bald Head Island Police Department,2023,Hispanic,3,7,2.3333333333333335,0.7602739726027398,2.069069069069069,3.069069069069069,https://nccopwatch.org/agencies/18/search-rate
0500000US37019,31,Brunswick County Sheriff's Office,2023,Native American,355,11,0.030985915492957747,0.010115948887837197,2.0630755291985836,3.0630755291985836,https://nccopwatch.org/agencies/31/search-rate
0500000US37143,215,Perquimans County Sheriff's Office,2023,Black,2861,75,0.026214610276127228,0.00860566448801743,2.046204080187949,3.046204080187949,https://nccopwatch.org/agencies/215/search-rate
1600000US3743480,170,Mint Hill Police Department,2023,Hispanic,3075,196,0.06373983739837398,0.02093830478109954,2.044173731576888,3.044173731576888,https://nccopwatch.org/agencies/170/search-rate
0500000US37165,246,Scotland County Sheriff's Office,2023,Asian,348,6,0.017241379310344827,0.00573641187437258,2.005603448275862,3.005603448275862,https://nccopwatch.org/agencies/246/search-rate
1600000US3725300,95,Fuquay-Varina Police Department,2023,Black,5742,1813,0.3157436433298502,0.10526315789473684,1.9995646116335772,2.999564611633577,https://nccopwatch.org/agencies/95/search-rate
1600000US3725480,96,Garner Police Department,2023,Black,8419,2307,0.27402304311675973,0.09164300428706643,1.9901141418105233,2.9901141418105235,https://nccopwatch.org/agencies/96/search-rate
1600000US3735880,139,Kings Mountain Police Department,2023,Hispanic,224,60,0.26785714285714285,0.09104684934966537,1.9419704775113926,2.9419704775113926,https://nccopwatch.org/agencies/139/search-rate
1600000US3713000,61,Cleveland Police Department,2023,Other,13,13,1.0,0.3401360544217687,1.9400000000000002,2.9400000000000004,https://nccopwatch.org/agencies/61/search-rate
0500000US37025,38,Cabarrus County Sheriff's Office,2023,Black,42734,6070,0.1420414658117658,0.048760379247394146,1.9130508827893657,2.9130508827893657,https://nccopwatch.org/agencies/38/search-rate
1600000US3776200,314,Youngsville Police Department,2023,Hispanic,186,192,1.032258064516129,0.35461441213653605,1.9109309412914726,2.910930941291473,https://nccopwatch.org/agencies/314/search-rate
1600000US3723760,91,Fletcher Police Department,2023,Native American,4,2,0.5,0.171824480369515,1.9099462365591398,2.90994623655914,https://nccopwatch.org/agencies/91/search-rate
0500000US37037,53,Chatham County Sheriff's Office,2023,Black,8060,131,0.016253101736972704,0.0055978340406849115,1.9034625926466533,2.9034625926466533,https://nccopwatch.org/agencies/53/search-rate
0500000US37125,175,Moore County Sheriff's Office,2023,Hispanic,7799,93,0.011924605718681883,0.004111905310890784,1.9000195328181306,2.9000195328181304,https://nccopwatch.org/agencies/175/search-rate
1600000US3768040,273,Topsail Beach Police Department,2023,Other,3,10,3.3333333333333335,1.1496598639455782,1.8994082840236688,2.899408284023669,https://nccopwatch.org/agencies/273/search-rate
0500000US37005,5,Alleghany County Sheriff's Office,2023,Native American,21,1,0.047619047619047616,0.016456921587608905,1.8935574229691876,2.8935574229691876,https://nccopwatch.org/agencies/5/search-rate
0500000US37193,305,Wilkes County Sheriff's Office,2023,Black,2461,1,0.0004063388866314506,0.00014088723737738407,1.8841426249492075,2.8841426249492077,https://nccopwatch.org/agencies/305/search-rate
1600000US3744520,178,Morrisville Police Department,2023,Black,3982,2317,0.5818684078352586,0.20325051373061834,1.862813958770349,2.862813958770349,https://nccopwatch.org/agencies/178/search-rate
1600000US3712860,59,Clayton Police Department,2023,Native American,19,8,0.42105263157894735,0.14730058525678963,1.8584586466165414,2.8584586466165414,https://nccopwatch.org/agencies/59/search-rate
1600000US3732180,123,Holly Ridge Police Department,2023,Asian,25,8,0.32,0.11208267090620032,1.8550354609929076,2.855035460992908,https://nccopwatch.org/agencies/123/search-rate
0500000US37099,130,Jackson County Sheriff's Office,2023,Black,962,30,0.031185031185031187,0.010925411917557432,1.8543574759790977,2.8543574759790977,https://nccopwatch.org/agencies/130/search-rate
0500000US37077,103,Granville County Sheriff's Office,2023,Black,17867,9,0.0005037219454860917,0.00017663683466792276,1.8517378407119272,2.851737840711927,https://nccopwatch.org/agencies/103/search-rate
1600000US3768500,275,Troutman Police Department,2023,Black,471,426,0.9044585987261147,0.31769941800753165,1.8469003953437295,2.8469003953437295,https://nccopwatch.org/agencies/275/search-rate
0500000US37177,277,Tyrrell County Sheriff's Office,2023,Native American,6,7,1.1666666666666667,0.4100327153762268,1.8453014184397165,2.8453014184397167,https://nccopwatch.org/agencies/277/search-rate
1600000US3705880,24,Biltmore Forest Police Department,2023,Other,11,4,0.36363636363636365,0.128,1.8409090909090908,2.840909090909091,https://nccopwatch.org/agencies/24/search-rate
0500000US37097,129,Iredell County Sheriff's Office,2023,Native American,201,6,0.029850746268656716,0.010568575157464677,1.8244816187518782,2.824481618751878,https://nccopwatch.org/agencies/129/search-rate
0500000US37097,129,Iredell County Sheriff's Office,2023,Black,21689,646,0.02978468348010512,0.010568575157464677,1.8182307488316378,2.818230748831638,https://nccopwatch.org/agencies/129/search-rate
1600000US3702140,13,Asheville Police Department,2023,Black,9111,2046,0.22456371419163648,0.07972572726903883,1.8167032385146382,2.816703238514638,https://nccopwatch.org/agencies/13/search-rate
1600000US3752000,219,Pine Knoll Shores Police Department,2023,Other,6,11,1.8333333333333333,0.6512481644640234,1.8151071025930103,2.8151071025930103,https://nccopwatch.org/agencies/219/search-rate
1600000US3741580,160,Marshall Police Department,2023,Black,6,4,0.6666666666666666,0.23695345557122707,1.8134920634920635,2.8134920634920633,https://nccopwatch.org/agencies/160/search-rate
1600000US3747000,201,Newton Police Department,2023,Native American,9,5,0.5555555555555556,0.19778615740177594,1.8088697553642203,2.8088697553642206,https://nccopwatch.org/agencies/201/search-rate
0500000US37199,313,Yancey County Sheriff's Office,2023,Native American,23,1,0.043478260869565216,0.015482054890921885,1.808300395256917,2.808300395256917,https://nccopwatch.org/agencies/313/search-rate
0500000US37057,72,Davidson County Sheriff's Office,2023,Black,15675,130,0.008293460925039872,0.002967810668898866,1.7944710260499732,2.7944710260499734,https://nccopwatch.org/agencies/72/search-rate
1600000US3770540,291,Wake Forest Police Department,2023,Black,10104,3777,0.373812351543943,0.13518904435844,1.7651083215945926,2.7651083215945924,https://nccopwatch.org/agencies/291/search-rate
0500000US37013,20,Beaufort County Sheriff's Office,2023,Black,10143,638,0.06290052252785172,0.02282579246816581,1.7556774913982278,2.755677491398228,https://nccopwatch.org/agencies/20/search-rate
1600000US3747845,204,North Topsail Beach Police Department,2023,Hispanic,24,21,0.875,0.31789137380191695,1.7525125628140703,2.7525125628140703,https://nccopwatch.org/agencies/204/search-rate
1600000US3747845,204,North Topsail Beach Police Department,2023,Black,16,14,0.875,0.31789137380191695,1.7525125628140703,2.7525125628140703,https://nccopwatch.org/agencies/204/search-rate
1600000US3720580,84,Elizabeth City Police Department,2023,Native American,41,1,0.024390243902439025,0.00886756796045937,1.7504998000799679,2.750499800079968,https://nccopwatch.org/agencies/84/search-rate
1600000US3759280,245,Sanford Police Department,2023,Black,6994,721,0.10308836145267372,0.03756201275690999,1.7444844907494836,2.7444844907494836,https://nccopwatch.org/agencies/245/search-rate
0500000US37145,216,Person County Sheriff's Office,2023,Black,10001,255,0.0254974502549745,0.009397239806550545,1.7132914323630395,2.7132914323630395,https://nccopwatch.org/agencies/216/search-rate
1600000US3710620,44,Carrboro Police Department,2023,Hispanic,2464,186,0.07548701298701299,0.027839314724560627,1.7115255434220953,2.7115255434220953,https://nccopwatch.org/agencies/44/search-rate
1600000US3716400,73,Davidson Police Department,2023,Black,1468,593,0.4039509536784741,0.1490667127549257,1.7098669194013347,2.7098669194013345,https://nccopwatch.org/agencies/73/search-rate
1600000US3735600,138,Kernersville Police Department,2023,Black,4680,2060,0.44017094017094016,0.16253128740885842,1.7082228116710876,2.708222811671088,https://nccopwatch.org/agencies/138/search-rate
1600000US3732260,124,Holly Springs Police Department,2023,Hispanic,2426,1078,0.4443528441879637,0.1640860148322835,1.7080482431250958,2.708048243125096,https://nccopwatch.org/agencies/124/search-rate
1600000US3751820,217,Pilot Mountain Police Department,2023,Black,49,64,1.3061224489795917,0.4828551434569629,1.7049985211475893,2.7049985211475893,https://nccopwatch.org/agencies/217/search-rate
1600000US3701720,10,Archdale Police Department,2023,Black,1012,252,0.2490118577075099,0.09211087420042643,1.703392621870883,2.703392621870883,https://nccopwatch.org/agencies/10/search-rate
1600000US3727280,102,Graham Police Department,2023,Black,4117,2135,0.5185814913772164,0.19200088632838466,1.7009327992906842,2.700932799290684,https://nccopwatch.org/agencies/102/search-rate
1600000US3766500,269,Sylva Police Department,2023,Black,48,18,0.375,0.13907628437986508,1.6963619402985075,2.6963619402985075,https://nccopwatch.org/agencies/269/search-rate
1600000US3728080,106,Greenville Police Department,2023,Black,35684,11302,0.3167245824459141,0.11798404304666481,1.6844696474814296,2.6844696474814294,https://nccopwatch.org/agencies/106/search-rate
0500000US37093,121,Hoke County Sheriff's Office,2023,Black,17252,660,0.03825643403663343,0.014303354599711875,1.6746476688345588,2.6746476688345586,https://nccopwatch.org/agencies/121/search-rate
0500000US37171,267,Surry County Sheriff's Office,2023,Native American,72,2,0.027777777777777776,0.010402719126583582,1.6702420242024203,2.6702420242024205,https://nccopwatch.org/agencies/267/search-rate
1600000US3756900,231,Roanoke Rapids Police Department,2023,Black,5458,1206,0.22096005862953463,0.08288841430859584,1.6657532355112294,2.6657532355112297,https://nccopwatch.org/agencies/231/search-rate
1600000US3737680,147,Leland Police Department,2023,Hispanic,1357,179,0.13190862196020633,0.0500916310323763,1.6333465140104606,2.6333465140104604,https://nccopwatch.org/agencies/147/search-rate
1600000US3722360,88,Fairmont Department of Public Safety,2023,Native American,417,181,0.434052757793765,0.165,1.6306227745076667,2.6306227745076667,https://nccopwatch.org/agencies/88/search-rate
0500000US37105,146,Lee County Sheriff's Office,2023,Black,11288,830,0.07352941176470588,0.028023517775701962,1.6238465974625145,2.6238465974625145,https://nccopwatch.org/agencies/146/search-rate
1600000US3714100,64,Concord Police Department,2023,Black,23069,14852,0.6438077073128441,0.24656931092683643,1.6110617939143232,2.611061793914323,https://nccopwatch.org/agencies/64/search-rate
1600000US3743920,172,Monroe Police Department,2023,Black,7648,2085,0.27262029288702927,0.1044529598308668,1.6099815010361007,2.609981501036101,https://nccopwatch.org/agencies/172/search-rate
1600000US3713980,63,Columbus Police Department,2023,Black,50,238,4.76,1.8247549019607843,1.6085695097380792,2.6085695097380794,https://nccopwatch.org/agencies/63/search-rate
0500000US37139,212,Pasquotank County Sheriff's Office,2023,Native American,64,2,0.03125,0.01199051700556214,1.606226235741445,2.606226235741445,https://nccopwatch.org/agencies/212/search-rate
1600000US3725300,95,Fuquay-Varina Police Department,2023,Hispanic,3248,886,0.2727832512315271,0.10526315789473684,1.5914408866995073,2.591440886699507,https://nccopwatch.org/agencies/95/search-rate
0500000US37083,109,Halifax County Sheriff's Office,2023,Black,24935,787,0.03156206135953479,0.012259194395796848,1.5745624337563382,2.574562433756338,https://nccopwatch.org/agencies/109/search-rate
0500000US37149,224,Polk County Sheriff's Office,2023,Black,1002,219,0.218562874251497,0.08520310041377703,1.5651986041596695,2.5651986041596695,https://nccopwatch.org/agencies/224/search-rate
0500000US37171,267,Surry County Sheriff's Office,2023,Black,2493,66,0.026474127557160047,0.010402719126583582,1.5449238064600685,2.5449238064600683,https://nccopwatch.org/agencies/267/search-rate
1600000US3766700,270,Tarboro Police Department,2023,Black,5532,2743,0.4958423716558207,0.1954132823698041,1.5374036280577819,2.537403628057782,https://nccopwatch.org/agencies/270/search-rate
1600000US3712000,52,Charlotte-Mecklenburg Police Department,2023,Black,298920,39401,0.1318111869396494,0.05211406096361849,1.529282587124971,2.529282587124971,https://nccopwatch.org/agencies/52/search-rate
1600000US3748700,206,Ocean Isle Beach Police Department,2023,Asian,2,4,2.0,0.7912932138284251,1.5275080906148866,2.5275080906148863,https://nccopwatch.org/agencies/206/search-rate
1600000US3725480,96,Garner Police Department,2023,Asian,540,125,0.23148148148148148,0.09164300428706643,1.5259045497502361,2.525904549750236,https://nccopwatch.org/agencies/96/search-rate
1600000US3744220,176,Mooresville Police Department,2023,Black,5500,2198,0.3996363636363636,0.1584692126153186,1.5218549208449361,2.521854920844936,https://nccopwatch.org/agencies/176/search-rate
1600000US3732260,124,Holly Springs Police Department,2023,Native American,46,19,0.41304347826086957,0.1640860148322835,1.517237551798987,2.5172375517989867,https://nccopwatch.org/agencies/124/search-rate
0500000US37039,54,Cherokee County Sheriff's Office,2023,Black,449,28,0.062360801781737196,0.024937276666920093,1.5007061763267968,2.500706176326797,https://nccopwatch.org/agencies/54/search-rate
1600000US3758720,241,Saint Pauls Police Department,2023,Black,574,495,0.8623693379790941,0.34913793103448276,1.4699961285327139,2.469996128532714,https://nccopwatch.org/agencies/241/search-rate
0500000US37085,110,Harnett County Sheriff's Office,2023,Black,27741,613,0.02209725676796078,0.008948323432179165,1.4694298250884172,2.469429825088417,https://nccopwatch.org/agencies/110/search-rate
0500000US37003,4,Alexander County Sheriff's Office,2023,Hispanic,1950,14,0.0071794871794871795,0.002910882221227049,1.466429980276134,2.466429980276134,https://nccopwatch.org/agencies/4/search-rate
1600000US3752220,221,Pineville Police Department,2023,Black,1910,728,0.381151832460733,0.15508684863523572,1.4576670157068063,2.4576670157068063,https://nccopwatch.org/agencies/221/search-rate
0500000US37081,107,Guilford County Sheriff's Office,2023,Native American,992,39,0.03931451612903226,0.01601163910897902,1.4553711123170037,2.4553711123170037,https://nccopwatch.org/agencies/107/search-rate
0500000US37055,71,Dare County Sheriff's Office,2023,Asian,174,50,0.28735632183908044,0.11704960673809377,1.4549960469500696,2.4549960469500696,https://nccopwatch.org/agencies/71/search-rate
1600000US3766040,266,Surf City Police Department,2023,Black,182,186,1.021978021978022,0.41752433936022254,1.4477088534383666,2.4477088534383666,https://nccopwatch.org/agencies/266/search-rate
1600000US3757500,236,Rocky Mount Police Department,2023,Black,33981,4820,0.14184397163120568,0.058144931379699,1.4394898792627997,2.4394898792627995,https://nccopwatch.org/agencies/236/search-rate
1600000US3757640,237,Rolesville Police Department,2023,Asian,158,6,0.0379746835443038,0.01568032372281234,1.421804818293181,2.421804818293181,https://nccopwatch.org/agencies/237/search-rate
1600000US3775000,309,Winston-Salem Police Department,2023,Black,79667,4691,0.058882598817578166,0.0244178774392952,1.4114544339066746,2.4114544339066746,https://nccopwatch.org/agencies/309/search-rate
0500000US37033,49,Caswell County Sheriff's Office,2023,Hispanic,1102,36,0.032667876588021776,0.013586354574318836,1.4044622425629287,2.4044622425629285,https://nccopwatch.org/agencies/49/search-rate
1600000US3774540,308,Wilson Police Department,2023,Black,23350,8955,0.3835117773019272,0.15956940644700845,1.4034167065056293,2.403416706505629,https://nccopwatch.org/agencies/308/search-rate
0500000US37121,171,Mitchell County Sheriff's Office,2023,Black,118,3,0.025423728813559324,0.010656934306569343,1.3856512653819366,2.3856512653819366,https://nccopwatch.org/agencies/171/search-rate
1600000US3718060,76,Duck Police Department,2023,Asian,2,3,1.5,0.6295133437990581,1.382793017456359,2.382793017456359,https://nccopwatch.org/agencies/76/search-rate
1600000US3744520,178,Morrisville Police Department,2023,Hispanic,1167,564,0.4832904884318766,0.20325051373061834,1.377806971117496,2.3778069711174963,https://nccopwatch.org/agencies/178/search-rate
0500000US37143,215,Perquimans County Sheriff's Office,2023,Hispanic,391,8,0.020460358056265986,0.00860566448801743,1.3775454045129336,2.377545404512934,https://nccopwatch.org/agencies/215/search-rate
1600000US3766960,271,Taylorsville Police Department,2023,Black,150,17,0.11333333333333333,0.04773384763741562,1.3742760942760939,2.3742760942760937,https://nccopwatch.org/agencies/271/search-rate
1600000US3768500,275,Troutman Police Department,2023,Hispanic,247,186,0.7530364372469636,0.31769941800753165,1.370279561636186,2.370279561636186,https://nccopwatch.org/agencies/275/search-rate
1600000US3725480,96,Garner Police Department,2023,Hispanic,3882,842,0.21689850592478105,0.09164300428706643,1.3667764671415505,2.3667764671415505,https://nccopwatch.org/agencies/96/search-rate
1600000US3733120,126,Huntersville Police Department,2023,Hispanic,4623,1046,0.2262600043261951,0.09609385911820849,1.3545729810670275,2.3545729810670277,https://nccopwatch.org/agencies/126/search-rate
1600000US3701520,8,Apex Police Department,2023,Native American,135,29,0.21481481481481482,0.09210280809777031,1.332337300582426,2.332337300582426,https://nccopwatch.org/agencies/8/search-rate
0500000US37129,199,New Hanover County Sheriff's Office,2023,Black,25678,901,0.035088402523561026,0.015054655194259189,1.33073438553022,2.33073438553022,https://nccopwatch.org/agencies/199/search-rate
1600000US3732180,123,Holly Ridge Police Department,2023,Hispanic,288,75,0.2604166666666667,0.11208267090620032,1.3234338061465722,2.3234338061465722,https://nccopwatch.org/agencies/123/search-rate
0500000US37189,297,Watauga County Sheriff's Office,2023,Hispanic,3303,15,0.004541326067211626,0.001956866541701856,1.3207132272097137,2.3207132272097137,https://nccopwatch.org/agencies/297/search-rate
1600000US3701520,8,Apex Police Department,2023,Hispanic,4839,1032,0.21326720396776194,0.09210280809777031,1.3155342206436467,2.315534220643647,https://nccopwatch.org/agencies/8/search-rate
0500000US37005,5,Alleghany County Sheriff's Office,2023,Hispanic,1269,48,0.037825059101654845,0.016456921587608905,1.298428591294674,2.298428591294674,https://nccopwatch.org/agencies/5/search-rate
0500000US37069,94,Franklin County Sheriff's Office,2023,Native American,160,3,0.01875,0.008230639807193851,1.2780732044198897,2.27807320441989,https://nccopwatch.org/agencies/94/search-rate
0500000US37043,58,Clay County Sheriff's Office,2023,Black,202,2,0.009900990099009901,0.0043499275012083135,1.276127612761276,2.276127612761276,https://nccopwatch.org/agencies/58/search-rate
1600000US3726880,101,Goldsboro Police Department,2023,Hispanic,1850,219,0.11837837837837838,0.052104208416833664,1.271954261954262,2.271954261954262,https://nccopwatch.org/agencies/101/search-rate
0500000US37177,277,Tyrrell County Sheriff's Office,2023,Asian,29,27,0.9310344827586207,0.4100327153762268,1.2706346294937638,2.270634629493764,https://nccopwatch.org/agencies/277/search-rate
0500000US37157,235,Rockingham County Sheriff's Office,2023,Black,15986,120,0.007506568247216314,0.0033137707304232026,1.2652648169952447,2.265264816995245,https://nccopwatch.org/agencies/235/search-rate
1600000US3728000,105,Greensboro Police Department,2023,Black,124136,9257,0.074571437777921,0.032953161137691776,1.2629524817461684,2.2629524817461686,https://nccopwatch.org/agencies/105/search-rate
0500000US37081,107,Guilford County Sheriff's Office,2023,Black,182101,6590,0.036188708463984275,0.01601163910897902,1.2601501456331436,2.2601501456331436,https://nccopwatch.org/agencies/107/search-rate
0500000US37101,132,Johnston County Sheriff's Office,2023,Black,37414,1074,0.028705832041481798,0.012740108818830021,1.2531857811963318,2.253185781196332,https://nccopwatch.org/agencies/132/search-rate
1600000US3738320,152,Lincolnton Police Department,2023,Asian,15,1,0.06666666666666667,0.02964071856287425,1.2491582491582491,2.249158249158249,https://nccopwatch.org/agencies/152/search-rate
0500000US37183,290,Wake County Sheriff's Office,2023,Hispanic,131104,948,0.007230900659018795,0.003220067386840678,1.2455743282171767,2.2455743282171765,https://nccopwatch.org/agencies/290/search-rate
1600000US3764740,261,Statesville Police Department,2023,Black,7772,2573,0.3310602161605764,0.14762427904421863,1.2425865061221557,2.242586506122156,https://nccopwatch.org/agencies/261/search-rate
0500000US37077,103,Granville County Sheriff's Office,2023,Other,2528,1,0.00039556962025316455,0.00017663683466792276,1.2394514767932487,2.2394514767932487,https://nccopwatch.org/agencies/103/search-rate
1600000US3701720,10,Archdale Police Department,2023,Hispanic,708,146,0.2062146892655367,0.09211087420042643,1.2387659552207575,2.2387659552207575,https://nccopwatch.org/agencies/10/search-rate
1600000US3737220,145,Laurinburg Police Department,2023,Native American,1116,96,0.08602150537634409,0.0386,1.2285364087135775,2.2285364087135777,https://nccopwatch.org/agencies/145/search-rate
1600000US3711800,51,Chapel Hill Police Department,2023,Hispanic,4426,679,0.1534116583822865,0.06902691945113648,1.222490292224111,2.222490292224111,https://nccopwatch.org/agencies/51/search-rate
0500000US37135,209,Orange County Sheriff's Office,2023,Hispanic,15540,280,0.018018018018018018,0.00812066144261162,1.2187869972600887,2.2187869972600884,https://nccopwatch.org/agencies/209/search-rate
0500000US37047,62,Columbus County Sheriff's Office,2023,Hispanic,2766,83,0.030007230657989877,0.013539846794785646,1.2162164101846422,2.216216410184642,https://nccopwatch.org/agencies/62/search-rate
0500000US37073,100,Gates County Sheriff's Office,2023,Hispanic,219,14,0.0639269406392694,0.02887377173091459,1.2140142006741734,2.2140142006741734,https://nccopwatch.org/agencies/100/search-rate
0500000US37143,215,Perquimans County Sheriff's Office,2023,Asian,106,2,0.018867924528301886,0.00860566448801743,1.1925005970862192,2.1925005970862195,https://nccopwatch.org/agencies/215/search-rate
0500000US37013,20,Beaufort County Sheriff's Office,2023,Native American,40,2,0.05,0.02282579246816581,1.1905044510385758,2.190504451038576,https://nccopwatch.org/agencies/20/search-rate
0500000US37123,173,Montgomery County Sheriff's Office,2023,Black,4232,148,0.03497164461247637,0.015989176557407295,1.1872073578595317,2.1872073578595317,https://nccopwatch.org/agencies/173/search-rate
1600000US3744900,180,Mount Gilead Police Department,2023,Hispanic,34,46,1.3529411764705883,0.6200607902735562,1.1819492502883509,2.181949250288351,https://nccopwatch.org/agencies/180/search-rate
1600000US3709060,36,Burlington Police Department,2023,Black,17452,4285,0.2455305982122393,0.11282501622694818,1.1762070720056716,2.1762070720056714,https://nccopwatch.org/agencies/36/search-rate
0500000US37145,216,Person County Sheriff's Office,2023,Native American,49,1,0.02040816326530612,0.009397239806550545,1.1717188967637262,2.171718896763726,https://nccopwatch.org/agencies/216/search-rate
1600000US3747880,205,North Wilkesboro Police Department,2023,Hispanic,209,18,0.0861244019138756,0.03968253968253968,1.1703349282296653,2.170334928229665,https://nccopwatch.org/agencies/205/search-rate
0500000US37119,168,Mecklenburg County Sheriff's Office,2023,Black,340672,3207,0.00941374694721022,0.004360292324958643,1.1589715197133046,2.1589715197133046,https://nccopwatch.org/agencies/168/search-rate
1600000US3764420,256,Stallings Police Department,2023,Hispanic,1656,238,0.14371980676328502,0.0665785560878903,1.1586501000947003,2.1586501000947003,https://nccopwatch.org/agencies/256/search-rate
0500000US37151,226,Randolph County Sheriff's Office,2023,Asian,1597,73,0.045710707576706325,0.02119132035436748,1.1570485846241978,2.1570485846241976,https://nccopwatch.org/agencies/226/search-rate
0500000US37035,50,Catawba County Sheriff's Office,2023,Black,12855,429,0.03337222870478413,0.015614502096391486,1.137258588123438,2.137258588123438,https://nccopwatch.org/agencies/50/search-rate
0500000US37003,4,Alexander County Sheriff's Office,2023,Black,1468,9,0.006130790190735695,0.002910882221227049,1.106162230140432,2.106162230140432,https://nccopwatch.org/agencies/4/search-rate
1600000US3751940,218,Pinehurst Police Department,2023,Hispanic,737,126,0.17096336499321574,0.08123159646652157,1.1046412040378377,2.1046412040378377,https://nccopwatch.org/agencies/218/search-rate
1600000US3722920,89,Fayetteville Police Department,2023,Black,86071,25744,0.29910190424184685,0.14218769268713774,1.1035709813505084,2.1035709813505084,https://nccopwatch.org/agencies/89/search-rate
1600000US3731360,118,Highlands Police Department,2023,Hispanic,129,46,0.35658914728682173,0.1695852534562212,1.1027131782945738,2.102713178294574,https://nccopwatch.org/agencies/118/search-rate
0500000US37111,166,McDowell County Sheriff's Office,2023,Asian,483,1,0.002070393374741201,0.0009851705900653324,1.1015582434346738,2.101558243434674,https://nccopwatch.org/agencies/166/search-rate
1600000US3714700,66,Cornelius Police Department,2023,Hispanic,1964,392,0.19959266802443992,0.09592371690156896,1.0807436833296367,2.0807436833296364,https://nccopwatch.org/agencies/66/search-rate
1600000US3709360,37,Butner Public Safety,2023,Black,2266,906,0.39982347749338043,0.19380530973451326,1.0630161167466663,2.0630161167466663,https://nccopwatch.org/agencies/37/search-rate
0500000US37083,109,Halifax County Sheriff's Office,2023,Native American,1388,35,0.02521613832853026,0.012259194395796848,1.0569164265129685,2.0569164265129682,https://nccopwatch.org/agencies/109/search-rate
0500000US37017,26,Bladen County Sheriff's Office,2023,Black,9779,96,0.009816954698844462,0.00477717015525803,1.054972793472586,2.054972793472586,https://nccopwatch.org/agencies/26/search-rate
1600000US3761200,250,Shelby Police Department,2023,Black,7068,732,0.1035653650254669,0.05065487032700147,1.0445292694839177,2.0445292694839177,https://nccopwatch.org/agencies/250/search-rate
0500000US37147,222,Pitt County Sheriff's Office,2023,Hispanic,13263,159,0.011988237955213752,0.005877226306733111,1.0397781758854001,2.0397781758854,https://nccopwatch.org/agencies/222/search-rate
1600000US3735200,135,Kannapolis Police Department,2023,Black,13059,4015,0.3074508002144115,0.15080190314144373,1.0387726799842831,2.038772679984283,https://nccopwatch.org/agencies/135/search-rate
0500000US37037,53,Chatham County Sheriff's Office,2023,Hispanic,10520,120,0.011406844106463879,0.0055978340406849115,1.0377245955416388,2.037724595541639,https://nccopwatch.org/agencies/53/search-rate
1600000US3714340,65,Conover Police Department,2023,Asian,146,53,0.363013698630137,0.17845381840991062,1.0342164816910224,2.0342164816910224,https://nccopwatch.org/agencies/65/search-rate
0500000US37145,216,Person County Sheriff's Office,2023,Hispanic,2303,44,0.01910551454624403,0.009397239806550545,1.033098541651148,2.033098541651148,https://nccopwatch.org/agencies/216/search-rate
0500000US37113,155,Macon County Sheriff's Office,2023,Asian,314,8,0.025477707006369428,0.012558674500295316,1.0286939521977676,2.0286939521977674,https://nccopwatch.org/agencies/155/search-rate
1600000US3707080,28,Boone Police Department,2023,Black,618,36,0.05825242718446602,0.028714871732076166,1.0286500921191546,2.028650092119155,https://nccopwatch.org/agencies/28/search-rate
1600000US3731400,119,High Point Police Department,2023,Native American,251,78,0.3107569721115538,0.15341125523767518,1.0256464992096432,2.0256464992096435,https://nccopwatch.org/agencies/119/search-rate
0500000US37117,162,Martin County Sheriff's Office,2023,Asian,124,2,0.016129032258064516,0.0079684841973319,1.0241029358463212,2.0241029358463214,https://nccopwatch.org/agencies/162/search-rate
1600000US3712860,59,Clayton Police Department,2023,Black,7559,2239,0.29620320148167745,0.14730058525678963,1.0108759307731559,2.010875930773156,https://nccopwatch.org/agencies/59/search-rate
0500000US37059,74,Davie County Sheriff's Office,2023,Hispanic,3493,222,0.06355568279415975,0.03162000278590333,1.0099834659879863,2.009983465987986,https://nccopwatch.org/agencies/74/search-rate
0500000US37127,185,Nash County Sheriff's Office,2023,Black,38667,734,0.018982594977629504,0.00945019101449923,1.0086996070772438,2.0086996070772436,https://nccopwatch.org/agencies/185/search-rate
0500000US37161,240,Rutherford County Sheriff's Office,2023,Black,5240,142,0.027099236641221373,0.013492199228474241,1.0085114503816794,2.0085114503816794,https://nccopwatch.org/agencies/240/search-rate
1600000US3762520,252,Smithfield Police Department,2023,Hispanic,2101,451,0.21465968586387435,0.10692529656941327,1.0075668971796825,2.0075668971796823,https://nccopwatch.org/agencies/252/search-rate
0500000US37175,274,Transylvania County Sheriff's Office,2023,Asian,180,5,0.027777777777777776,0.013874211692517471,1.002115752115752,2.0021157521157518,https://nccopwatch.org/agencies/274/search-rate
1600000US3744960,181,Mount Holly Police Department,2023,Hispanic,1477,137,0.0927555856465809,0.046339501206757845,1.0016526555329872,2.001652655532987,https://nccopwatch.org/agencies/181/search-rate
0500000US37197,312,Yadkin County Sheriff's Office,2023,Native American,28,1,0.03571428571428571,0.017934446505875078,0.9913793103448274,1.9913793103448274,https://nccopwatch.org/agencies/312/search-rate
1600000US3732640,125,Hope Mills Police Department,2023,Native American,272,81,0.2977941176470588,0.150128257054138,0.9835980480321623,1.9835980480321624,https://nccopwatch.org/agencies/125/search-rate
0500000US37017,26,Bladen County Sheriff's Office,2023,Native American,741,7,0.009446693657219974,0.00477717015525803,0.9774664393777968,1.9774664393777968,https://nccopwatch.org/agencies/26/search-rate
1600000US3731360,118,Highlands Police Department,2023,Asian,15,5,0.3333333333333333,0.1695852534562212,0.9655797101449275,1.9655797101449275,https://nccopwatch.org/agencies/118/search-rate
1600000US3773300,303,White Lake Police Department,2023,Hispanic,45,4,0.08888888888888889,0.045512010113780026,0.9530864197530865,1.9530864197530864,https://nccopwatch.org/agencies/303/search-rate
0500000US37021,32,Buncombe County Sheriff's Office,2023,Black,14644,123,0.00839934444140945,0.00430749440614554,0.9499373996692907,1.9499373996692908,https://nccopwatch.org/agencies/32/search-rate
1600000US3745880,184,Nags Head Police Department,2023,Hispanic,128,17,0.1328125,0.06842285323297982,0.9410546874999998,1.9410546874999999,https://nccopwatch.org/agencies/184/search-rate
0500000US37197,312,Yadkin County Sheriff's Office,2023,Hispanic,4510,157,0.034811529933481154,0.017934446505875078,0.9410428931875526,1.9410428931875527,https://nccopwatch.org/agencies/312/search-rate
1600000US3737220,145,Laurinburg Police Department,2023,Black,7238,542,0.07488256424426637,0.0386,0.9399628042556053,1.9399628042556052,https://nccopwatch.org/agencies/145/search-rate
0500000US37103,133,Jones County Sheriff's Office,2023,Hispanic,441,69,0.1564625850340136,0.08073363044223518,0.9380100235423255,1.9380100235423257,https://nccopwatch.org/agencies/133/search-rate
1600000US3742700,169,Middlesex Police Department,2023,Hispanic,192,209,1.0885416666666667,0.5623800383877159,0.935597980659841,1.935597980659841,https://nccopwatch.org/agencies/169/search-rate
1600000US3725580,99,Gastonia Police Department,2023,Black,24963,2561,0.1025918359171574,0.05305096402399981,0.9338354694317282,1.9338354694317283,https://nccopwatch.org/agencies/99/search-rate
1600000US3706500,27,Blowing Rock Police Department,2023,Black,31,82,2.6451612903225805,1.369289340101523,0.9317767347304851,1.931776734730485,https://nccopwatch.org/agencies/27/search-rate
0500000US37001,2,Alamance County Sheriff's Office,2023,Black,34240,1313,0.03834696261682243,0.019867741189172516,0.9301118457150371,1.9301118457150372,https://nccopwatch.org/agencies/2/search-rate
1600000US3732640,125,Hope Mills Police Department,2023,Black,6005,1737,0.28925895087427145,0.150128257054138,0.9267455477749357,1.9267455477749356,https://nccopwatch.org/agencies/125/search-rate
1600000US3770540,291,Wake Forest Police Department,2023,Hispanic,3995,1038,0.25982478097622025,0.13518904435844,0.9219366643891739,1.921936664389174,https://nccopwatch.org/agencies/291/search-rate
0500000US37071,97,Gaston County Police Department,2023,Black,40133,2031,0.05060673261405826,0.02637750614986553,0.9185563762750272,1.9185563762750273,https://nccopwatch.org/agencies/97/search-rate
1600000US3731400,119,High Point Police Department,2023,Black,37118,10903,0.2937388867934695,0.15341125523767518,0.9147153599544516,1.9147153599544517,https://nccopwatch.org/agencies/119/search-rate
0500000US37163,244,Sampson County Sheriff's Office,2023,Black,14692,103,0.007010618023414103,0.003675344563552833,0.9074723205372539,1.907472320537254,https://nccopwatch.org/agencies/244/search-rate
0500000US37053,70,Currituck County Sheriff's Office,2023,Black,1509,796,0.5275016567263088,0.27771776097307244,0.8994163530558473,1.8994163530558472,https://nccopwatch.org/agencies/70/search-rate
0500000US37017,26,Bladen County Sheriff's Office,2023,Hispanic,2650,24,0.009056603773584906,0.00477717015525803,0.8958093346573982,1.895809334657398,https://nccopwatch.org/agencies/26/search-rate
1600000US3735880,139,Kings Mountain Police Department,2023,Black,2630,452,0.17186311787072242,0.09104684934966537,0.8876338840752438,1.8876338840752438,https://nccopwatch.org/agencies/139/search-rate
0500000US37127,185,Nash County Sheriff's Office,2023,Hispanic,7578,135,0.017814726840855107,0.00945019101449923,0.8851181752328969,1.885118175232897,https://nccopwatch.org/agencies/185/search-rate
0500000US37019,31,Brunswick County Sheriff's Office,2023,Hispanic,8037,153,0.019036954087346025,0.010115948887837197,0.88187527422513,1.8818752742251301,https://nccopwatch.org/agencies/31/search-rate
0500000US37031,45,Carteret County Sheriff's Office,2023,Black,2878,17,0.00590687977762335,0.003169572107765452,0.8636205698401668,1.8636205698401667,https://nccopwatch.org/agencies/45/search-rate
0500000US37179,285,Union County Sheriff's Office,2023,Hispanic,31683,121,0.003819082788877316,0.002053363433319724,0.8599156520007318,1.8599156520007318,https://nccopwatch.org/agencies/285/search-rate
0500000US37085,110,Harnett County Sheriff's Office,2023,Native American,782,13,0.016624040920716114,0.008948323432179165,0.8577827507814723,1.8577827507814724,https://nccopwatch.org/agencies/110/search-rate
1600000US3723760,91,Fletcher Police Department,2023,Hispanic,724,231,0.319060773480663,0.171824480369515,0.8568993940474069,1.856899394047407,https://nccopwatch.org/agencies/91/search-rate
0500000US37107,148,Lenoir County Sheriff's Office,2023,Hispanic,4620,65,0.01406926406926407,0.00758495145631068,0.8548917748917749,1.854891774891775,https://nccopwatch.org/agencies/148/search-rate
1600000US3742240,167,Mebane Police Department,2023,Black,4834,1850,0.38270583367811334,0.20652173913043478,0.8531019314940225,1.8531019314940225,https://nccopwatch.org/agencies/167/search-rate
0500000US37103,133,Jones County Sheriff's Office,2023,Asian,67,10,0.14925373134328357,0.08073363044223518,0.8487181924771046,1.8487181924771046,https://nccopwatch.org/agencies/133/search-rate
0500000US37131,203,Northampton County Sheriff's Office,2023,Black,9326,138,0.014797340767746086,0.008051289697331147,0.8378845283198703,1.8378845283198704,https://nccopwatch.org/agencies/203/search-rate
1600000US3719000,80,Durham Police Department,2023,Hispanic,42449,2214,0.05215670569389149,0.02840320744867483,0.836296333367973,1.8362963333679732,https://nccopwatch.org/agencies/80/search-rate
1600000US3764260,255,Spruce Pine Police Department,2023,Asian,5,2,0.4,0.218639798488665,0.8294930875576038,1.8294930875576036,https://nccopwatch.org/agencies/255/search-rate
0500000US37079,104,Greene County Sheriff's Office,2023,Native American,98,2,0.02040816326530612,0.0112,0.8221574344023322,1.8221574344023321,https://nccopwatch.org/agencies/104/search-rate
1600000US3766040,266,Surf City Police Department,2023,Asian,25,19,0.76,0.41752433936022254,0.820253164556962,1.820253164556962,https://nccopwatch.org/agencies/266/search-rate
1600000US3725480,96,Garner Police Department,2023,Native American,162,27,0.16666666666666666,0.09164300428706643,0.8186512758201699,1.8186512758201698,https://nccopwatch.org/agencies/96/search-rate
0500000US37151,226,Randolph County Sheriff's Office,2023,Native American,156,6,0.038461538461538464,0.02119132035436748,0.8149665909614563,1.8149665909614563,https://nccopwatch.org/agencies/226/search-rate
1600000US3700680,3,Albemarle Police Department,2023,Black,3686,553,0.15002712967986978,0.08283682490870652,0.8111163705901682,1.811116370590168,https://nccopwatch.org/agencies/3/search-rate
1600000US3733120,126,Huntersville Police Department,2023,Native American,23,4,0.17391304347826086,0.09609385911820849,0.8098247387933939,1.809824738793394,https://nccopwatch.org/agencies/126/search-rate
1600000US3742060,164,Mayodan Police Department,2023,Hispanic,86,23,0.26744186046511625,0.14795918367346939,0.8075380914194065,1.8075380914194064,https://nccopwatch.org/agencies/164/search-rate
0500000US37047,62,Columbus County Sheriff's Office,2023,Black,14429,353,0.024464619862776354,0.013539846794785646,0.8068609071852988,1.8068609071852988,https://nccopwatch.org/agencies/62/search-rate
0500000US37151,226,Randolph County Sheriff's Office,2023,Hispanic,19722,754,0.038231416692019064,0.02119132035436748,0.8041073445496596,1.8041073445496596,https://nccopwatch.org/agencies/226/search-rate
1600000US3728080,106,Greenville Police Department,2023,Hispanic,3807,809,0.21250328342526925,0.11798404304666481,0.8011188457173009,1.8011188457173009,https://nccopwatch.org/agencies/106/search-rate
1600000US3742700,169,Middlesex Police Department,2023,Black,249,252,1.0120481927710843,0.5623800383877159,0.7995805748591637,1.7995805748591636,https://nccopwatch.org/agencies/169/search-rate
0500000US37051,69,Cumberland County Sheriff's Office,2023,Black,122573,492,0.004013934553286613,0.0022314732845091856,0.7987822579598935,1.7987822579598935,https://nccopwatch.org/agencies/69/search-rate
1600000US3740600,158,Maggie Valley Police Department,2023,Asian,36,31,0.8611111111111112,0.4791666666666667,0.7971014492753623,1.7971014492753623,https://nccopwatch.org/agencies/158/search-rate
1600000US3735200,135,Kannapolis Police Department,2023,Hispanic,6999,1884,0.26918131161594516,0.15080190314144373,0.7849994330871818,1.7849994330871817,https://nccopwatch.org/agencies/135/search-rate
1600000US3746340,198,New Bern Police Department,2023,Black,9046,2369,0.2618837055051957,0.14729689807976365,0.7779308927699308,1.7779308927699309,https://nccopwatch.org/agencies/198/search-rate
1600000US3734200,131,Jacksonville Police Department,2023,Black,11436,816,0.07135362014690451,0.04019903424271393,0.7750083177641848,1.7750083177641849,https://nccopwatch.org/agencies/131/search-rate
0500000US37011,16,Avery County Sheriff's Office,2023,Asian,76,1,0.013157894736842105,0.007424775302852677,0.7721606648199445,1.7721606648199444,https://nccopwatch.org/agencies/16/search-rate
1600000US3703500,19,Banner Elk Police Department,2023,Other,39,12,0.3076923076923077,0.17383348581884722,0.7700404858299594,1.7700404858299594,https://nccopwatch.org/agencies/19/search-rate
0500000US37099,130,Jackson County Sheriff's Office,2023,Hispanic,3310,64,0.01933534743202417,0.010925411917557432,0.769759124683596,1.769759124683596,https://nccopwatch.org/agencies/130/search-rate
0500000US37111,166,McDowell County Sheriff's Office,2023,Black,1723,3,0.0017411491584445734,0.0009851705900653324,0.7673580352506338,1.7673580352506337,https://nccopwatch.org/agencies/166/search-rate
0500000US37063,79,Durham County Sheriff's Office,2023,Black,108113,1653,0.015289558147493826,0.008672738065935975,0.7629447622253024,1.7629447622253025,https://nccopwatch.org/agencies/79/search-rate
1600000US3710740,46,Cary Police Department,2023,Hispanic,16479,1479,0.08975059166211542,0.05092813874771989,0.7622986794531865,1.7622986794531865,https://nccopwatch.org/agencies/46/search-rate
1600000US3767420,272,Thomasville Police Department,2023,Black,4599,342,0.07436399217221135,0.04259870431487593,0.7456867143783673,1.7456867143783672,https://nccopwatch.org/agencies/272/search-rate
0500000US37175,274,Transylvania County Sheriff's Office,2023,Black,1239,30,0.024213075060532687,0.013874211692517471,0.7451856434907281,1.745185643490728,https://nccopwatch.org/agencies/274/search-rate
1600000US3771100,294,Warrenton Police Department,2023,Hispanic,54,12,0.2222222222222222,0.1277533039647577,0.7394636015325671,1.739463601532567,https://nccopwatch.org/agencies/294/search-rate
1600000US3771100,294,Warrenton Police Department,2023,Other,36,8,0.2222222222222222,0.1277533039647577,0.7394636015325671,1.739463601532567,https://nccopwatch.org/agencies/294/search-rate
1600000US3712860,59,Clayton Police Department,2023,Hispanic,3829,978,0.25541916949595195,0.14730058525678963,0.7339996921986346,1.7339996921986347,https://nccopwatch.org/agencies/59/search-rate
0500000US37113,155,Macon County Sheriff's Office,2023,Hispanic,3634,79,0.021739130434782608,0.012558674500295316,0.7310051657339646,1.7310051657339645,https://nccopwatch.org/agencies/155/search-rate
0500000US37077,103,Granville County Sheriff's Office,2023,Hispanic,6545,2,0.00030557677616501144,0.00017663683466792276,0.7299719887955181,1.729971988795518,https://nccopwatch.org/agencies/103/search-rate
0500000US37009,12,Ashe County Sheriff's Office,2023,Black,266,13,0.04887218045112782,0.028279525950143033,0.7281824503455168,1.7281824503455168,https://nccopwatch.org/agencies/12/search-rate
1600000US3731060,117,Hickory Police Department,2023,Black,5813,1307,0.22484087390332014,0.1307284815302023,0.7199073321399742,1.7199073321399743,https://nccopwatch.org/agencies/117/search-rate
0500000US37055,71,Dare County Sheriff's Office,2023,Hispanic,2665,536,0.20112570356472795,0.11704960673809377,0.7182945690262762,1.718294569026276,https://nccopwatch.org/agencies/71/search-rate
0500000US37157,235,Rockingham County Sheriff's Office,2023,Asian,177,1,0.005649717514124294,0.0033137707304232026,0.704921062358097,1.704921062358097,https://nccopwatch.org/agencies/235/search-rate
0500000US37147,222,Pitt County Sheriff's Office,2023,Native American,200,2,0.01,0.005877226306733111,0.7014828897338403,1.7014828897338403,https://nccopwatch.org/agencies/222/search-rate
1600000US3762520,252,Smithfield Police Department,2023,Native American,33,6,0.18181818181818182,0.10692529656941327,0.70042251601472,1.70042251601472,https://nccopwatch.org/agencies/252/search-rate
1600000US3755000,225,Raleigh Police Department,2023,Hispanic,59660,4904,0.08219912839423399,0.0484810696308898,0.6954891676288567,1.6954891676288568,https://nccopwatch.org/agencies/225/search-rate
0500000US37133,208,Onslow County Sheriff's Office,2023,Black,24874,1296,0.052102597089330224,0.030770710486012976,0.6932529755207892,1.6932529755207892,https://nccopwatch.org/agencies/208/search-rate
1600000US3766960,271,Taylorsville Police Department,2023,Hispanic,124,10,0.08064516129032258,0.04773384763741562,0.6894753991528184,1.6894753991528184,https://nccopwatch.org/agencies/271/search-rate
1600000US3746740,200,Newland Police Department,2023,Hispanic,61,29,0.47540983606557374,0.28191489361702127,0.6863594184967522,1.6863594184967523,https://nccopwatch.org/agencies/200/search-rate
0500000US37013,20,Beaufort County Sheriff's Office,2023,Hispanic,3482,134,0.03848363009764503,0.02282579246816581,0.6859712604202706,1.6859712604202706,https://nccopwatch.org/agencies/20/search-rate
1600000US3764180,254,Spring Lake Police Department,2023,Black,4142,708,0.17093191694833415,0.10144927536231885,0.6849003242050079,1.684900324205008,https://nccopwatch.org/agencies/254/search-rate
0500000US37079,104,Greene County Sheriff's Office,2023,Hispanic,3077,58,0.018849528761780955,0.0112,0.6829936394447281,1.682993639444728,https://nccopwatch.org/agencies/104/search-rate
0500000US37093,121,Hoke County Sheriff's Office,2023,Native American,3616,87,0.024059734513274336,0.014303354599711875,0.6821043165467625,1.6821043165467624,https://nccopwatch.org/agencies/121/search-rate
0500000US37073,100,Gates County Sheriff's Office,2023,Black,3247,157,0.04835232522328303,0.02887377173091459,0.6746106353508756,1.6746106353508756,https://nccopwatch.org/agencies/100/search-rate
1600000US3776200,314,Youngsville Police Department,2023,Black,746,443,0.5938337801608579,0.35461441213653605,0.6745900895088718,1.6745900895088717,https://nccopwatch.org/agencies/314/search-rate
0500000US37065,83,Edgecombe County Sheriff's Office,2023,Black,27218,613,0.022521860533470498,0.01346389228886169,0.6727600050768542,1.6727600050768543,https://nccopwatch.org/agencies/83/search-rate
1600000US3730720,115,Hendersonville Police Department,2023,Hispanic,1305,505,0.38697318007662834,0.23147140105518801,0.6717969404106436,1.6717969404106436,https://nccopwatch.org/agencies/115/search-rate
1600000US3757500,236,Rocky Mount Police Department,2023,Hispanic,2079,202,0.09716209716209716,0.058144931379699,0.6710329663579377,1.6710329663579377,https://nccopwatch.org/agencies/236/search-rate
0500000US37167,257,Stanly County Sheriff's Office,2023,Hispanic,3341,112,0.03352289733612691,0.02011511421800004,0.6665526714299683,1.6665526714299683,https://nccopwatch.org/agencies/257/search-rate
0500000US37171,267,Surry County Sheriff's Office,2023,Hispanic,8674,150,0.01729305971869956,0.010402719126583582,0.6623595723648916,1.6623595723648916,https://nccopwatch.org/agencies/267/search-rate
0500000US37137,210,Pamlico County Sheriff's Office,2023,Black,2273,230,0.10118785745710515,0.061128182616330115,0.6553388817758387,1.6553388817758385,https://nccopwatch.org/agencies/210/search-rate
1600000US3728000,105,Greensboro Police Department,2023,Native American,697,38,0.054519368723098996,0.032953161137691776,0.6544503422689796,1.6544503422689796,https://nccopwatch.org/agencies/105/search-rate
1600000US3775000,309,Winston-Salem Police Department,2023,Native American,424,17,0.04009433962264151,0.0244178774392952,0.6420075709823366,1.6420075709823365,https://nccopwatch.org/agencies/309/search-rate
0500000US37033,49,Caswell County Sheriff's Office,2023,Black,7138,159,0.02227514710002802,0.013586354574318836,0.6395234629113015,1.6395234629113014,https://nccopwatch.org/agencies/49/search-rate
1600000US3762520,252,Smithfield Police Department,2023,Black,3100,540,0.17419354838709677,0.10692529656941327,0.6291144750205543,1.6291144750205544,https://nccopwatch.org/agencies/252/search-rate
1600000US3722360,88,Fairmont Department of Public Safety,2023,Other,75,20,0.26666666666666666,0.165,0.616161616161616,1.616161616161616,https://nccopwatch.org/agencies/88/search-rate
1600000US3703500,19,Banner Elk Police Department,2023,Hispanic,75,21,0.28,0.17383348581884722,0.6107368421052632,1.6107368421052632,https://nccopwatch.org/agencies/19/search-rate
1600000US3740560,157,Madison Police Department,2023,Hispanic,77,32,0.4155844155844156,0.25933756166314303,0.6024844720496897,1.6024844720496896,https://nccopwatch.org/agencies/157/search-rate
0500000US37199,313,Yancey County Sheriff's Office,2023,Hispanic,1051,26,0.024738344433872503,0.015482054890921885,0.5978721563878558,1.5978721563878557,https://nccopwatch.org/agencies/313/search-rate
0500000US37023,35,Burke County Sheriff's Office,2023,Native American,81,1,0.012345679012345678,0.007745822276411103,0.5938500228623684,1.5938500228623684,https://nccopwatch.org/agencies/35/search-rate
0500000US37061,78,Duplin County Sheriff's Office,2023,Black,11137,99,0.0088892879590554,0.005581432701574044,0.5926534340454366,1.5926534340454366,https://nccopwatch.org/agencies/78/search-rate
1600000US3712000,52,Charlotte-Mecklenburg Police Department,2023,Hispanic,150456,12478,0.08293454564789705,0.05211406096361849,0.5914043947907792,1.5914043947907792,https://nccopwatch.org/agencies/52/search-rate
1600000US3718060,76,Duck Police Department,2023,Other,10,10,1.0,0.6295133437990581,0.5885286783042394,1.5885286783042394,https://nccopwatch.org/agencies/76/search-rate
1600000US3776200,314,Youngsville Police Department,2023,Asian,16,9,0.5625,0.35461441213653605,0.5862299465240641,1.5862299465240641,https://nccopwatch.org/agencies/314/search-rate
1600000US3712860,59,Clayton Police Department,2023,Asian,151,35,0.23178807947019867,0.14730058525678963,0.5735720198675497,1.5735720198675498,https://nccopwatch.org/agencies/59/search-rate
0500000US37037,53,Chatham County Sheriff's Office,2023,Asian,1592,14,0.008793969849246231,0.0055978340406849115,0.5709593720235162,1.5709593720235162,https://nccopwatch.org/agencies/53/search-rate
1600000US3771780,300,Weldon Police Department,2023,Hispanic,17,9,0.5294117647058824,0.337037037037037,0.5707821590174532,1.5707821590174533,https://nccopwatch.org/agencies/300/search-rate
0500000US37031,45,Carteret County Sheriff's Office,2023,Asian,603,3,0.004975124378109453,0.003169572107765452,0.5696517412935322,1.5696517412935322,https://nccopwatch.org/agencies/45/search-rate
0500000US37131,203,Northampton County Sheriff's Office,2023,Hispanic,398,5,0.01256281407035176,0.008051289697331147,0.5603480364786897,1.5603480364786897,https://nccopwatch.org/agencies/203/search-rate
1600000US3735920,140,Kinston Police Department,2023,Hispanic,555,309,0.5567567567567567,0.3588210166595472,0.5516280566280566,1.5516280566280565,https://nccopwatch.org/agencies/140/search-rate
0500000US37101,132,Johnston County Sheriff's Office,2023,Hispanic,36811,724,0.01966803401157263,0.012740108818830021,0.5437885414685829,1.543788541468583,https://nccopwatch.org/agencies/132/search-rate
0500000US37069,94,Franklin County Sheriff's Office,2023,Hispanic,7637,97,0.012701322508838549,0.008230639807193851,0.5431755982976163,1.5431755982976163,https://nccopwatch.org/agencies/94/search-rate
0500000US37175,274,Transylvania County Sheriff's Office,2023,Hispanic,1635,35,0.021406727828746176,0.013874211692517471,0.5429148915387446,1.5429148915387447,https://nccopwatch.org/agencies/274/search-rate
1600000US3702080,11,Asheboro Police Department,2023,Black,3856,1017,0.2637448132780083,0.17101890974579206,0.5421967878876492,1.5421967878876492,https://nccopwatch.org/agencies/11/search-rate
1600000US3701720,10,Archdale Police Department,2023,Other,296,42,0.14189189189189189,0.09211087420042643,0.5404466966966968,1.5404466966966968,https://nccopwatch.org/agencies/10/search-rate
1600000US3710620,44,Carrboro Police Department,2023,Asian,1663,71,0.04269392663860493,0.027839314724560627,0.5335839642970504,1.5335839642970504,https://nccopwatch.org/agencies/44/search-rate
0500000US37185,293,Warren County Sheriff's Office,2023,Black,8824,88,0.009972801450589302,0.006510969568294409,0.531692222791596,1.531692222791596,https://nccopwatch.org/agencies/293/search-rate
0500000US37107,148,Lenoir County Sheriff's Office,2023,Black,21622,251,0.011608546850430118,0.00758495145631068,0.5304708167607067,1.5304708167607068,https://nccopwatch.org/agencies/148/search-rate
0500000US37149,224,Polk County Sheriff's Office,2023,Hispanic,1075,140,0.13023255813953488,0.08520310041377703,0.5284955301752934,1.5284955301752934,https://nccopwatch.org/agencies/224/search-rate
0500000US37065,83,Edgecombe County Sheriff's Office,2023,Native American,146,3,0.02054794520547945,0.01346389228886169,0.5261519302615192,1.5261519302615192,https://nccopwatch.org/agencies/83/search-rate
1600000US3755900,228,Reidsville Police Department,2023,Black,4440,1599,0.3601351351351351,0.23607873607873608,0.5254873908466886,1.5254873908466886,https://nccopwatch.org/agencies/228/search-rate
1600000US3747000,201,Newton Police Department,2023,Black,1499,452,0.30153435623749164,0.19778615740177594,0.5245473201896794,1.5245473201896793,https://nccopwatch.org/agencies/201/search-rate
0500000US37041,56,Chowan County Sheriff's Office,2023,Hispanic,534,21,0.03932584269662921,0.025804895695164597,0.5239682873044208,1.5239682873044207,https://nccopwatch.org/agencies/56/search-rate
1600000US3755900,228,Reidsville Police Department,2023,Asian,64,23,0.359375,0.23607873607873608,0.5222675534832693,1.5222675534832693,https://nccopwatch.org/agencies/228/search-rate
0500000US37065,83,Edgecombe County Sheriff's Office,2023,Hispanic,2838,58,0.0204369274136716,0.01346389228886169,0.5179063360881543,1.5179063360881542,https://nccopwatch.org/agencies/83/search-rate
0500000US37053,70,Currituck County Sheriff's Office,2023,Asian,285,120,0.42105263157894735,0.27771776097307244,0.5161170466867356,1.5161170466867357,https://nccopwatch.org/agencies/70/search-rate
1600000US3735600,138,Kernersville Police Department,2023,Hispanic,3037,748,0.2462956865327626,0.16253128740885842,0.5153739963505561,1.5153739963505561,https://nccopwatch.org/agencies/138/search-rate
0500000US37159,238,Rowan County Sheriff's Office,2023,Asian,1446,30,0.02074688796680498,0.013817859952793077,0.5014544971279218,1.5014544971279218,https://nccopwatch.org/agencies/238/search-rate
1600000US3763120,253,Southern Pines Police Department,2023,Hispanic,1096,98,0.08941605839416059,0.0599291975724882,0.4920282936544602,1.4920282936544602,https://nccopwatch.org/agencies/253/search-rate
1600000US3766040,266,Surf City Police Department,2023,Hispanic,238,148,0.6218487394957983,0.41752433936022254,0.48937123150392736,1.4893712315039274,https://nccopwatch.org/agencies/266/search-rate
1600000US3772540,302,West Jefferson Police Department,2023,Hispanic,62,18,0.2903225806451613,0.19504876219054765,0.4884615384615385,1.4884615384615385,https://nccopwatch.org/agencies/302/search-rate
1600000US3771780,300,Weldon Police Department,2023,Native American,2,1,0.5,0.337037037037037,0.4835164835164836,1.4835164835164836,https://nccopwatch.org/agencies/300/search-rate
0500000US37193,305,Wilkes County Sheriff's Office,2023,Hispanic,4785,1,0.0002089864158829676,0.00014088723737738407,0.48335945663531876,1.4833594566353188,https://nccopwatch.org/agencies/305/search-rate
0500000US37119,168,Mecklenburg County Sheriff's Office,2023,Hispanic,174580,1126,0.006449765150647268,0.004360292324958643,0.47920475738021595,1.479204757380216,https://nccopwatch.org/agencies/168/search-rate
0500000US37181,286,Vance County Sheriff's Office,2023,Hispanic,3853,15,0.003893070334804049,0.0026353767961347805,0.4772348077564793,1.4772348077564792,https://nccopwatch.org/agencies/286/search-rate
1600000US3776200,314,Youngsville Police Department,2023,Other,42,22,0.5238095238095238,0.35461441213653605,0.4771241830065359,1.477124183006536,https://nccopwatch.org/agencies/314/search-rate
0500000US37029,40,Camden County Sheriff's Office,2023,Hispanic,419,93,0.22195704057279236,0.15050839441948452,0.4747153567672252,1.4747153567672253,https://nccopwatch.org/agencies/40/search-rate
0500000US37159,238,Rowan County Sheriff's Office,2023,Hispanic,16784,342,0.020376549094375595,0.013817859952793077,0.47465303339224935,1.4746530333922494,https://nccopwatch.org/agencies/238/search-rate
1600000US3731360,118,Highlands Police Department,2023,Black,40,10,0.25,0.1695852534562212,0.47418478260869573,1.4741847826086958,https://nccopwatch.org/agencies/118/search-rate
1600000US3725580,99,Gastonia Police Department,2023,Hispanic,9340,729,0.07805139186295504,0.05305096402399981,0.4712530356214686,1.4712530356214686,https://nccopwatch.org/agencies/99/search-rate
0500000US37087,112,Haywood County Sheriff's Office,2023,Asian,240,3,0.0125,0.008546406104072318,0.4626030927835053,1.4626030927835054,https://nccopwatch.org/agencies/112/search-rate
0500000US37169,262,Stokes County Sheriff's Office,2023,Hispanic,1621,25,0.015422578655151141,0.010618720779866706,0.4523951589717511,1.452395158971751,https://nccopwatch.org/agencies/262/search-rate
0500000US37027,39,Caldwell County Sheriff's Office,2023,Asian,403,2,0.004962779156327543,0.003417070875262434,0.45234890860916005,1.45234890860916,https://nccopwatch.org/agencies/39/search-rate
0500000US37141,214,Pender County Sheriff's Office,2023,Asian,382,2,0.005235602094240838,0.0036265119354907524,0.44370187865722216,1.4437018786572222,https://nccopwatch.org/agencies/214/search-rate
1600000US3726880,101,Goldsboro Police Department,2023,Black,17769,1333,0.07501829028082616,0.052104208416833664,0.4397741096204713,1.4397741096204713,https://nccopwatch.org/agencies/101/search-rate
0500000US37173,268,Swain County Sheriff's Office,2023,Black,212,9,0.04245283018867924,0.029574643572522683,0.4354468916785686,1.4354468916785685,https://nccopwatch.org/agencies/268/search-rate
0500000US37157,235,Rockingham County Sheriff's Office,2023,Hispanic,6308,30,0.004755865567533291,0.0033137707304232026,0.435182441522114,1.435182441522114,https://nccopwatch.org/agencies/235/search-rate
0500000US37117,162,Martin County Sheriff's Office,2023,Other,613,7,0.011419249592169658,0.0079684841973319,0.4330516707296957,1.4330516707296956,https://nccopwatch.org/agencies/162/search-rate
0500000US37123,173,Montgomery County Sheriff's Office,2023,Hispanic,4000,91,0.02275,0.015989176557407295,0.42283749999999987,1.4228375,https://nccopwatch.org/agencies/173/search-rate
0500000US37049,67,Craven County Sheriff's Office,2023,Black,20355,742,0.03645295996069762,0.025643770261178055,0.42151327942145583,1.4215132794214558,https://nccopwatch.org/agencies/67/search-rate
1600000US3720080,82,Eden Police Department,2023,Hispanic,1138,50,0.043936731107205626,0.030921052631578946,0.4209325804883522,1.4209325804883521,https://nccopwatch.org/agencies/82/search-rate
0500000US37111,166,McDowell County Sheriff's Office,2023,Other,715,1,0.0013986013986013986,0.0009851705900653324,0.41965403018034597,1.419654030180346,https://nccopwatch.org/agencies/166/search-rate
0500000US37165,246,Scotland County Sheriff's Office,2023,Native American,3818,31,0.008119434258774228,0.00573641187437258,0.4154203771608173,1.4154203771608174,https://nccopwatch.org/agencies/246/search-rate
1600000US3744220,176,Mooresville Police Department,2023,Hispanic,3764,843,0.22396386822529224,0.1584692126153186,0.4132957722769838,1.4132957722769839,https://nccopwatch.org/agencies/176/search-rate
1600000US3744800,179,Mount Airy Police Department,2023,Black,862,84,0.09744779582366589,0.0689849836287682,0.41259431687431886,1.412594316874319,https://nccopwatch.org/agencies/179/search-rate
1600000US3766700,270,Tarboro Police Department,2023,Hispanic,797,218,0.27352572145545795,0.1954132823698041,0.39972942544321155,1.3997294254432116,https://nccopwatch.org/agencies/270/search-rate
0500000US37123,173,Montgomery County Sheriff's Office,2023,Asian,404,9,0.022277227722772276,0.015989176557407295,0.3932692307692306,1.3932692307692305,https://nccopwatch.org/agencies/173/search-rate
1600000US3745880,184,Nags Head Police Department,2023,Asian,21,2,0.09523809523809523,0.06842285323297982,0.3919047619047617,1.3919047619047618,https://nccopwatch.org/agencies/184/search-rate
0500000US37155,234,Robeson County Sheriff's Office,2023,Hispanic,12216,400,0.03274394237066143,0.02357207615593835,0.3890987859553676,1.3890987859553676,https://nccopwatch.org/agencies/234/search-rate
1600000US3775820,311,Wrightsville Beach Police Department,2023,Other,47,42,0.8936170212765957,0.6435643564356436,0.38854337152209484,1.3885433715220947,https://nccopwatch.org/agencies/311/search-rate
1600000US3739700,154,Lumberton Police Department,2023,Hispanic,2043,42,0.020558002936857563,0.014831804281345565,0.38607566192833465,1.3860756619283348,https://nccopwatch.org/agencies/154/search-rate
0500000US37115,156,Madison County Sheriff's Office,2023,Black,214,12,0.056074766355140186,0.040621688449311195,0.38041446566436415,1.3804144656643642,https://nccopwatch.org/agencies/156/search-rate
0500000US37127,185,Nash County Sheriff's Office,2023,Asian,775,10,0.012903225806451613,0.00945019101449923,0.36539312132997775,1.3653931213299777,https://nccopwatch.org/agencies/185/search-rate
0500000US37089,113,Henderson County Sheriff's Office,2023,Hispanic,15034,700,0.0465611281096182,0.034127763079286506,0.3643181945867994,1.3643181945867995,https://nccopwatch.org/agencies/113/search-rate
0500000US37045,60,Cleveland County Sheriff's Office,2023,Black,18385,367,0.019961925482730486,0.014649851673766643,0.36260256603663266,1.3626025660366325,https://nccopwatch.org/agencies/60/search-rate
1600000US3708860,33,Bunn Police Department,2023,Black,113,50,0.4424778761061947,0.3247863247863248,0.36236609222170474,1.3623660922217047,https://nccopwatch.org/agencies/33/search-rate
0500000US37129,199,New Hanover County Sheriff's Office,2023,Hispanic,17675,362,0.020480905233380482,0.015054655194259189,0.36043668679907676,1.3604366867990767,https://nccopwatch.org/agencies/199/search-rate
1600000US3743480,170,Mint Hill Police Department,2023,Other,809,23,0.02843016069221261,0.02093830478109954,0.3578062307066889,1.357806230706689,https://nccopwatch.org/agencies/170/search-rate
0500000US37071,97,Gaston County Police Department,2023,Hispanic,21518,766,0.03559810391300307,0.02637750614986553,0.349562908288225,1.349562908288225,https://nccopwatch.org/agencies/97/search-rate
0500000US37085,110,Harnett County Sheriff's Office,2023,Hispanic,19970,241,0.012068102153229844,0.008948323432179165,0.34864393812941635,1.3486439381294164,https://nccopwatch.org/agencies/110/search-rate
0500000US37109,151,Lincoln County Sheriff's Office,2023,Asian,705,23,0.032624113475177303,0.024314322739235568,0.3417652560205751,1.341765256020575,https://nccopwatch.org/agencies/151/search-rate
0500000US37111,166,McDowell County Sheriff's Office,2023,Hispanic,3028,4,0.001321003963011889,0.0009851705900653324,0.34088854898143645,1.3408885489814364,https://nccopwatch.org/agencies/166/search-rate
0500000US37125,175,Moore County Sheriff's Office,2023,Asian,1271,7,0.0055074744295830055,0.004111905310890784,0.3393971925851307,1.3393971925851307,https://nccopwatch.org/agencies/175/search-rate
0500000US37047,62,Columbus County Sheriff's Office,2023,Native American,1493,27,0.01808439383791025,0.013539846794785646,0.33564242727434407,1.3356424272743441,https://nccopwatch.org/agencies/62/search-rate
1600000US3758860,242,Salisbury Police Department,2023,Hispanic,4329,305,0.07045507045507045,0.05340406719717065,0.31928285901795816,1.3192828590179582,https://nccopwatch.org/agencies/242/search-rate
1600000US3739700,154,Lumberton Police Department,2023,Black,7279,142,0.019508174199752714,0.014831804281345565,0.3152933944987913,1.3152933944987912,https://nccopwatch.org/agencies/154/search-rate
0500000US37139,212,Pasquotank County Sheriff's Office,2023,Black,14143,223,0.015767517499823233,0.01199051700556214,0.3149989689776533,1.3149989689776533,https://nccopwatch.org/agencies/212/search-rate
1600000US3709060,36,Burlington Police Department,2023,Hispanic,10864,1610,0.1481958762886598,0.11282501622694818,0.31350192753850725,1.3135019275385074,https://nccopwatch.org/agencies/36/search-rate
0500000US37083,109,Halifax County Sheriff's Office,2023,Hispanic,1558,25,0.016046213093709884,0.012259194395796848,0.30891252521547763,1.3089125252154776,https://nccopwatch.org/agencies/109/search-rate
0500000US37121,171,Mitchell County Sheriff's Office,2023,Hispanic,790,11,0.013924050632911392,0.010656934306569343,0.30657187445812384,1.3065718744581238,https://nccopwatch.org/agencies/171/search-rate
1600000US3757640,237,Rolesville Police Department,2023,Other,589,12,0.02037351443123939,0.01568032372281234,0.29930445259871863,1.2993044525987187,https://nccopwatch.org/agencies/237/search-rate
1600000US3722360,88,Fairmont Department of Public Safety,2023,Black,1209,259,0.2142266335814723,0.165,0.2983432338271047,1.2983432338271048,https://nccopwatch.org/agencies/88/search-rate
0500000US37051,69,Cumberland County Sheriff's Office,2023,Asian,8630,25,0.0028968713789107765,0.0022314732845091856,0.2981877932488651,1.298187793248865,https://nccopwatch.org/agencies/69/search-rate
1600000US3764560,258,Stantonsburg Police Department,2023,Black,353,15,0.042492917847025496,0.03293413173652695,0.2902395055369559,1.290239505536956,https://nccopwatch.org/agencies/258/search-rate
1600000US3758720,241,Saint Pauls Police Department,2023,Hispanic,931,419,0.45005370569280345,0.34913793103448276,0.28904271260160985,1.28904271260161,https://nccopwatch.org/agencies/241/search-rate
1600000US3711800,51,Chapel Hill Police Department,2023,Native American,315,28,0.08888888888888889,0.06902691945113648,0.28774237059517793,1.2877423705951778,https://nccopwatch.org/agencies/51/search-rate
1600000US3774540,308,Wilson Police Department,2023,Hispanic,5402,1108,0.20510921880784894,0.15956940644700845,0.2853918766437465,1.2853918766437464,https://nccopwatch.org/agencies/308/search-rate
0500000US37067,92,Forsyth County Sheriff's Office,2023,Native American,616,14,0.022727272727272728,0.017752241697725137,0.2802480449657869,1.280248044965787,https://nccopwatch.org/agencies/92/search-rate
1600000US3727280,102,Graham Police Department,2023,Hispanic,3430,842,0.2454810495626822,0.19200088632838466,0.27854123101717815,1.2785412310171782,https://nccopwatch.org/agencies/102/search-rate
0500000US37101,132,Johnston County Sheriff's Office,2023,Native American,614,10,0.016286644951140065,0.012740108818830021,0.27837565461514935,1.2783756546151492,https://nccopwatch.org/agencies/132/search-rate
1600000US3742240,167,Mebane Police Department,2023,Hispanic,1487,392,0.2636180228648285,0.20652173913043478,0.2764662159770643,1.2764662159770643,https://nccopwatch.org/agencies/167/search-rate
0500000US37155,234,Robeson County Sheriff's Office,2023,Black,27106,814,0.030030251604810744,0.02357207615593835,0.2739756738502404,1.2739756738502404,https://nccopwatch.org/agencies/234/search-rate
0500000US37025,38,Cabarrus County Sheriff's Office,2023,Hispanic,28603,1776,0.06209138901513827,0.048760379247394146,0.2733984020121533,1.2733984020121534,https://nccopwatch.org/agencies/38/search-rate
0500000US37153,230,Richmond County Sheriff's Office,2023,Black,13566,549,0.040468819106590004,0.031819337344292854,0.27183098342708034,1.2718309834270802,https://nccopwatch.org/agencies/230/search-rate
1600000US3774020,304,Wilkesboro Police Department,2023,Black,330,127,0.38484848484848483,0.3031018206338503,0.2697003404456128,1.2697003404456129,https://nccopwatch.org/agencies/304/search-rate
0500000US37141,214,Pender County Sheriff's Office,2023,Black,7842,36,0.0045906656465187455,0.0036265119354907524,0.26586255006976023,1.2658625500697602,https://nccopwatch.org/agencies/214/search-rate
1600000US3714100,64,Concord Police Department,2023,Hispanic,16804,5243,0.3120090454653654,0.24656931092683643,0.26540097099896853,1.2654009709989684,https://nccopwatch.org/agencies/64/search-rate
0500000US37063,79,Durham County Sheriff's Office,2023,Hispanic,50307,552,0.01097262806368895,0.008672738065935975,0.26518614770418153,1.2651861477041815,https://nccopwatch.org/agencies/79/search-rate
1600000US3748700,206,Ocean Isle Beach Police Department,2023,Native American,1,1,1.0,0.7912932138284251,0.26375404530744334,1.2637540453074434,https://nccopwatch.org/agencies/206/search-rate
0500000US37023,35,Burke County Sheriff's Office,2023,Black,5221,51,0.00976824363148822,0.007745822276411103,0.2610983421651875,1.2610983421651876,https://nccopwatch.org/agencies/35/search-rate
1600000US3713000,61,Cleveland Police Department,2023,Asian,7,3,0.42857142857142855,0.3401360544217687,0.25999999999999995,1.26,https://nccopwatch.org/agencies/61/search-rate
0500000US37049,67,Craven County Sheriff's Office,2023,Hispanic,7523,243,0.03230094377243121,0.025643770261178055,0.2596019790947592,1.2596019790947592,https://nccopwatch.org/agencies/67/search-rate
1600000US3758860,242,Salisbury Police Department,2023,Black,12592,845,0.06710609911054638,0.05340406719717065,0.2565728161262906,1.2565728161262906,https://nccopwatch.org/agencies/242/search-rate
1600000US3752220,221,Pineville Police Department,2023,Hispanic,2318,451,0.19456427955133737,0.15508684863523572,0.25455047454702345,1.2545504745470235,https://nccopwatch.org/agencies/221/search-rate
0500000US37071,98,Gaston County Sheriff's Office,2023,Hispanic,21518,37,0.0017194906589831768,0.0013765502122181578,0.24913035770225087,1.2491303577022508,https://nccopwatch.org/agencies/98/search-rate
0500000US37185,293,Warren County Sheriff's Office,2023,Asian,123,1,0.008130081300813009,0.006510969568294409,0.2486744432661719,1.2486744432661718,https://nccopwatch.org/agencies/293/search-rate
0500000US37027,39,Caldwell County Sheriff's Office,2023,Hispanic,5160,22,0.004263565891472868,0.003417070875262434,0.24772533175666792,1.2477253317566679,https://nccopwatch.org/agencies/39/search-rate
1600000US3741580,160,Marshall Police Department,2023,Hispanic,34,10,0.29411764705882354,0.23695345557122707,0.24124649859943986,1.2412464985994398,https://nccopwatch.org/agencies/160/search-rate
0500000US37137,210,Pamlico County Sheriff's Office,2023,Hispanic,567,43,0.07583774250440917,0.061128182616330115,0.24063466732527167,1.2406346673252717,https://nccopwatch.org/agencies/210/search-rate
0500000US37099,130,Jackson County Sheriff's Office,2023,Native American,3033,41,0.013517969007583251,0.010925411917557432,0.2372960497589578,1.2372960497589578,https://nccopwatch.org/agencies/130/search-rate
0500000US37165,246,Scotland County Sheriff's Office,2023,Hispanic,1272,9,0.007075471698113208,0.00573641187437258,0.23343160377358496,1.2334316037735849,https://nccopwatch.org/agencies/246/search-rate
0500000US37167,257,Stanly County Sheriff's Office,2023,Asian,1210,30,0.024793388429752067,0.02011511421800004,0.23257507568938704,1.232575075689387,https://nccopwatch.org/agencies/257/search-rate
0500000US37109,151,Lincoln County Sheriff's Office,2023,Hispanic,7065,211,0.02986553432413305,0.024314322739235568,0.22831035206831385,1.2283103520683138,https://nccopwatch.org/agencies/151/search-rate
1600000US3741960,163,Matthews Police Department,2023,Other,1225,157,0.12816326530612246,0.10488846701471286,0.22190045248868795,1.221900452488688,https://nccopwatch.org/agencies/163/search-rate
0500000US37097,129,Iredell County Sheriff's Office,2023,Hispanic,17001,217,0.012763955061466973,0.010568575157464677,0.20772714119856353,1.2077271411985635,https://nccopwatch.org/agencies/129/search-rate
1600000US3774020,304,Wilkesboro Police Department,2023,Hispanic,347,127,0.3659942363112392,0.3031018206338503,0.2074960010001505,1.2074960010001505,https://nccopwatch.org/agencies/304/search-rate
1600000US3776220,315,Zebulon Police Department,2023,Black,3067,1137,0.3707205738506684,0.31025248661055854,0.19489960548168583,1.1948996054816858,https://nccopwatch.org/agencies/315/search-rate
1600000US3775000,309,Winston-Salem Police Department,2023,Hispanic,44855,1308,0.02916062869245346,0.0244178774392952,0.19423274053812095,1.194232740538121,https://nccopwatch.org/agencies/309/search-rate
1600000US3744400,177,Morganton Police Department,2023,Native American,16,9,0.5625,0.4721123417721519,0.19145370758273986,1.1914537075827398,https://nccopwatch.org/agencies/177/search-rate
1600000US3730120,111,Havelock Police Department,2023,Black,2975,871,0.2927731092436975,0.24607158446093408,0.18978836944977553,1.1897883694497755,https://nccopwatch.org/agencies/111/search-rate
1600000US3702140,13,Asheville Police Department,2023,Hispanic,6731,633,0.09404248997177239,0.07972572726903883,0.1795751910098087,1.1795751910098087,https://nccopwatch.org/agencies/13/search-rate
1600000US3702140,13,Asheville Police Department,2023,Native American,181,17,0.09392265193370165,0.07972572726903883,0.17807206219335606,1.178072062193356,https://nccopwatch.org/agencies/13/search-rate
1600000US3746340,198,New Bern Police Department,2023,Hispanic,1934,335,0.17321613236814892,0.14729689807976365,0.17596592071035733,1.1759659207103574,https://nccopwatch.org/agencies/198/search-rate
0500000US37031,45,Carteret County Sheriff's Office,2023,Hispanic,3230,12,0.0037151702786377707,0.003169572107765452,0.1721362229102166,1.1721362229102166,https://nccopwatch.org/agencies/45/search-rate
1600000US3759280,245,Sanford Police Department,2023,Hispanic,9526,419,0.04398488347680034,0.03756201275690999,0.17099378463708073,1.1709937846370808,https://nccopwatch.org/agencies/245/search-rate
1600000US3730720,115,Hendersonville Police Department,2023,Black,1209,327,0.2704714640198511,0.23147140105518801,0.168487609211665,1.168487609211665,https://nccopwatch.org/agencies/115/search-rate
1600000US3721360,87,Enfield Police Department,2023,Black,1739,10,0.005750431282346176,0.0049261083743842365,0.16733755031627376,1.1673375503162737,https://nccopwatch.org/agencies/87/search-rate
1600000US3752140,220,Pinetops Police Department,2023,Black,749,226,0.30173564753004006,0.2593984962406015,0.16321278613029933,1.1632127861302992,https://nccopwatch.org/agencies/220/search-rate
0500000US37081,107,Guilford County Sheriff's Office,2023,Hispanic,53188,990,0.01861322102729939,0.01601163910897902,0.16248067425285975,1.1624806742528597,https://nccopwatch.org/agencies/107/search-rate
1600000US3759280,245,Sanford Police Department,2023,Native American,46,2,0.043478260869565216,0.03756201275690999,0.15750615258408532,1.1575061525840853,https://nccopwatch.org/agencies/245/search-rate
1600000US3752220,221,Pineville Police Department,2023,Asian,591,106,0.1793570219966159,0.15508684863523572,0.15649407783417943,1.1564940778341795,https://nccopwatch.org/agencies/221/search-rate
0500000US37035,50,Catawba County Sheriff's Office,2023,Hispanic,17954,324,0.018046117856745016,0.015614502096391486,0.1557280370096128,1.1557280370096128,https://nccopwatch.org/agencies/50/search-rate
1600000US3722920,89,Fayetteville Police Department,2023,Asian,6368,1044,0.16394472361809045,0.14218769268713774,0.1530162739107507,1.1530162739107508,https://nccopwatch.org/agencies/89/search-rate
0500000US37191,299,Wayne County Sheriff's Office,2023,Black,35566,73,0.002052522071641455,0.001782234288855206,0.1516567066835331,1.151656706683533,https://nccopwatch.org/agencies/299/search-rate
1600000US3726880,101,Goldsboro Police Department,2023,Native American,50,3,0.06,0.052104208416833664,0.15153846153846157,1.1515384615384616,https://nccopwatch.org/agencies/101/search-rate
0500000US37057,72,Davidson County Sheriff's Office,2023,Hispanic,14633,50,0.003416934326522244,0.002967810668898866,0.1513316406366362,1.1513316406366363,https://nccopwatch.org/agencies/72/search-rate
0500000US37153,230,Richmond County Sheriff's Office,2023,Hispanic,3222,118,0.03662321539416512,0.031819337344292854,0.15097354158866202,1.150973541588662,https://nccopwatch.org/agencies/230/search-rate
1600000US3737760,149,Lenoir Police Department,2023,Black,2279,579,0.2540587977182975,0.2208287895310796,0.15047860497619162,1.1504786049761917,https://nccopwatch.org/agencies/149/search-rate
0500000US37087,112,Haywood County Sheriff's Office,2023,Hispanic,2953,29,0.009820521503555706,0.008546406104072318,0.1490820099077996,1.1490820099077996,https://nccopwatch.org/agencies/112/search-rate
0500000US37055,71,Dare County Sheriff's Office,2023,Native American,45,6,0.13333333333333333,0.11704960673809377,0.1391181657848324,1.1391181657848324,https://nccopwatch.org/agencies/71/search-rate
0500000US37053,70,Currituck County Sheriff's Office,2023,Hispanic,1444,455,0.31509695290858725,0.27771776097307244,0.13459417145142225,1.1345941714514223,https://nccopwatch.org/agencies/70/search-rate
1600000US3730660,114,Henderson Police Department,2023,Black,9207,729,0.07917888563049853,0.07061623909018779,0.12125605456522448,1.1212560545652246,https://nccopwatch.org/agencies/114/search-rate
1600000US3720080,82,Eden Police Department,2023,Black,4359,151,0.03464097270016059,0.030921052631578946,0.12030379796264033,1.1203037979626402,https://nccopwatch.org/agencies/82/search-rate
1600000US3732260,124,Holly Springs Police Department,2023,Asian,3246,594,0.18299445471349354,0.1640860148322835,0.11523492663611123,1.1152349266361112,https://nccopwatch.org/agencies/124/search-rate
1600000US3755900,228,Reidsville Police Department,2023,Hispanic,874,229,0.2620137299771167,0.23607873607873608,0.10985739050098467,1.1098573905009848,https://nccopwatch.org/agencies/228/search-rate
1600000US3702140,13,Asheville Police Department,2023,Asian,1190,105,0.08823529411764706,0.07972572726903883,0.10673551863493495,1.106735518634935,https://nccopwatch.org/agencies/13/search-rate
0500000US37137,210,Pamlico County Sheriff's Office,2023,Asian,74,5,0.06756756756756757,0.061128182616330115,0.105342326168179,1.105342326168179,https://nccopwatch.org/agencies/210/search-rate
1600000US3757640,237,Rolesville Police Department,2023,Black,2959,51,0.01723555255153768,0.01568032372281234,0.09918346433516124,1.0991834643351612,https://nccopwatch.org/agencies/237/search-rate
1600000US3731400,119,High Point Police Department,2023,Hispanic,14206,2380,0.16753484443193017,0.15341125523767518,0.09206357885784694,1.092063578857847,https://nccopwatch.org/agencies/119/search-rate
0500000US37011,16,Avery County Sheriff's Office,2023,Black,742,6,0.008086253369272238,0.007424775302852677,0.08909065115619244,1.0890906511561924,https://nccopwatch.org/agencies/16/search-rate
1600000US3736500,144,Lake Lure Police Department,2023,Hispanic,114,22,0.19298245614035087,0.17766911165444174,0.08619024625784631,1.0861902462578463,https://nccopwatch.org/agencies/144/search-rate
1600000US3761200,250,Shelby Police Department,2023,Hispanic,1036,57,0.05501930501930502,0.05065487032700147,0.08616021843761577,1.0861602184376158,https://nccopwatch.org/agencies/250/search-rate
0500000US37155,234,Robeson County Sheriff's Office,2023,Native American,45676,1169,0.02559330939661967,0.02357207615593835,0.08574693324890366,1.0857469332489036,https://nccopwatch.org/agencies/234/search-rate
0500000US37181,286,Vance County Sheriff's Office,2023,Black,20715,59,0.0028481776490465846,0.0026353767961347805,0.08074779030608148,1.0807477903060816,https://nccopwatch.org/agencies/286/search-rate
0500000US37163,244,Sampson County Sheriff's Office,2023,Hispanic,12600,50,0.003968253968253968,0.003675344563552833,0.07969576719576717,1.0796957671957672,https://nccopwatch.org/agencies/244/search-rate
1600000US3711800,51,Chapel Hill Police Department,2023,Asian,7857,585,0.07445589919816724,0.06902691945113648,0.07865018155523922,1.0786501815552392,https://nccopwatch.org/agencies/51/search-rate
1600000US3714340,65,Conover Police Department,2023,Hispanic,1508,290,0.19230769230769232,0.17845381840991062,0.07763282411788568,1.0776328241178856,https://nccopwatch.org/agencies/65/search-rate
1600000US3752220,221,Pineville Police Department,2023,Native American,12,2,0.16666666666666666,0.15508684863523572,0.07466666666666666,1.0746666666666667,https://nccopwatch.org/agencies/221/search-rate
0500000US37093,121,Hoke County Sheriff's Office,2023,Hispanic,8106,124,0.015297310634098199,0.014303354599711875,0.06949111325299497,1.069491113252995,https://nccopwatch.org/agencies/121/search-rate
1600000US3774440,306,Wilmington Police Department,2023,Asian,1516,125,0.08245382585751979,0.07741040183419814,0.0651517613114052,1.0651517613114052,https://nccopwatch.org/agencies/306/search-rate
1600000US3770540,291,Wake Forest Police Department,2023,Asian,1227,176,0.14343928280358598,0.13518904435844,0.06102741893249353,1.0610274189324935,https://nccopwatch.org/agencies/291/search-rate
0500000US37129,199,New Hanover County Sheriff's Office,2023,Native American,377,6,0.015915119363395226,0.015054655194259189,0.05715601971834989,1.0571560197183498,https://nccopwatch.org/agencies/199/search-rate
0500000US37091,116,Hertford County Sheriff's Office,2023,Other,551,5,0.009074410163339383,0.008605072463768116,0.05454198108701887,1.054541981087019,https://nccopwatch.org/agencies/116/search-rate
1600000US3714700,66,Cornelius Police Department,2023,Asian,704,71,0.10085227272727272,0.09592371690156896,0.0513799504950495,1.0513799504950494,https://nccopwatch.org/agencies/66/search-rate
0500000US37191,299,Wayne County Sheriff's Office,2023,Hispanic,15495,29,0.0018715714746692482,0.001782234288855206,0.050126510511379924,1.05012651051138,https://nccopwatch.org/agencies/299/search-rate
0500000US37091,116,Hertford County Sheriff's Office,2023,Hispanic,1328,12,0.009036144578313253,0.008605072463768116,0.05009511731135061,1.0500951173113506,https://nccopwatch.org/agencies/116/search-rate
0500000US37165,246,Scotland County Sheriff's Office,2023,Black,12966,78,0.006015733456732994,0.00573641187437258,0.0486927348449792,1.0486927348449793,https://nccopwatch.org/agencies/246/search-rate
1600000US3728000,105,Greensboro Police Department,2023,Hispanic,31207,1078,0.03454353189989425,0.032953161137691776,0.04826155389333534,1.0482615538933353,https://nccopwatch.org/agencies/105/search-rate
0500000US37085,110,Harnett County Sheriff's Office,2023,Asian,1281,12,0.00936768149882904,0.008948323432179165,0.04686442883164198,1.046864428831642,https://nccopwatch.org/agencies/110/search-rate
0500000US37067,92,Forsyth County Sheriff's Office,2023,Black,96455,1791,0.018568244258980873,0.017752241697725137,0.045966170084328156,1.0459661700843281,https://nccopwatch.org/agencies/92/search-rate
1600000US3720580,84,Elizabeth City Police Department,2023,Asian,216,2,0.009259259259259259,0.00886756796045937,0.044171220400728455,1.0441712204007285,https://nccopwatch.org/agencies/84/search-rate
0500000US37117,162,Martin County Sheriff's Office,2023,Black,8913,74,0.008302479524290363,0.0079684841973319,0.041914537155045666,1.0419145371550456,https://nccopwatch.org/agencies/162/search-rate
0500000US37093,121,Hoke County Sheriff's Office,2023,Asian,742,11,0.014824797843665768,0.014303354599711875,0.03645601039384127,1.0364560103938412,https://nccopwatch.org/agencies/121/search-rate
1600000US3739700,154,Lumberton Police Department,2023,Other,521,8,0.015355086372360844,0.014831804281345565,0.03528108118804043,1.0352810811880404,https://nccopwatch.org/agencies/154/search-rate
0500000US37021,32,Buncombe County Sheriff's Office,2023,Hispanic,22443,100,0.00445573229960344,0.00430749440614554,0.034413949150208345,1.0344139491502085,https://nccopwatch.org/agencies/32/search-rate
1600000US3767420,272,Thomasville Police Department,2023,Hispanic,4337,191,0.044039658750288216,0.04259870431487593,0.03382625031881749,1.0338262503188176,https://nccopwatch.org/agencies/272/search-rate
1600000US3766700,270,Tarboro Police Department,2023,Native American,5,1,0.2,0.1954132823698041,0.023471882640586913,1.0234718826405869,https://nccopwatch.org/agencies/270/search-rate
0500000US37041,56,Chowan County Sheriff's Office,2023,Black,4546,120,0.026396832380114386,0.025804895695164597,0.02293892957144206,1.0229389295714422,https://nccopwatch.org/agencies/56/search-rate
0500000US37105,146,Lee County Sheriff's Office,2023,Hispanic,13590,389,0.028623988226637233,0.028023517775701962,0.021427375954060763,1.0214273759540609,https://nccopwatch.org/agencies/146/search-rate
1600000US3764260,255,Spruce Pine Police Department,2023,Hispanic,277,61,0.22021660649819494,0.218639798488665,0.007211898384601247,1.0072118983846012,https://nccopwatch.org/agencies/255/search-rate
1600000US3712000,52,Charlotte-Mecklenburg Police Department,2023,Other,37210,1943,0.05221714592851384,0.05211406096361849,0.0019780643263882154,1.0019780643263883,https://nccopwatch.org/agencies/52/search-rate
1600000US3776220,315,Zebulon Police Department,2023,White,2614,811,0.31025248661055854,0.31025248661055854,0.0,1.0,https://nccopwatch.org/agencies/315/search-rate
0500000US37165,246,Scotland County Sheriff's Office,2023,White,13946,80,0.00573641187437258,0.00573641187437258,0.0,1.0,https://nccopwatch.org/agencies/246/search-rate
0500000US37163,244,Sampson County Sheriff's Office,2023,White,29385,108,0.003675344563552833,0.003675344563552833,0.0,1.0,https://nccopwatch.org/agencies/244/search-rate
0500000US37167,257,Stanly County Sheriff's Office,2023,White,50211,1010,0.02011511421800004,0.02011511421800004,0.0,1.0,https://nccopwatch.org/agencies/257/search-rate
0500000US37169,262,Stokes County Sheriff's Office,2023,White,40212,427,0.010618720779866706,0.010618720779866706,0.0,1.0,https://nccopwatch.org/agencies/262/search-rate
0500000US37161,240,Rutherford County Sheriff's Office,2023,White,52623,710,0.013492199228474241,0.013492199228474241,0.0,1.0,https://nccopwatch.org/agencies/240/search-rate
0500000US37171,267,Surry County Sheriff's Office,2023,White,58254,606,0.010402719126583582,0.010402719126583582,0.0,1.0,https://nccopwatch.org/agencies/267/search-rate
0500000US37173,268,Swain County Sheriff's Office,2023,White,8487,251,0.029574643572522683,0.029574643572522683,0.0,1.0,https://nccopwatch.org/agencies/268/search-rate
0500000US37159,238,Rowan County Sheriff's Office,2023,White,101680,1405,0.013817859952793077,0.013817859952793077,0.0,1.0,https://nccopwatch.org/agencies/238/search-rate
0500000US37175,274,Transylvania County Sheriff's Office,2023,White,29335,407,0.013874211692517471,0.013874211692517471,0.0,1.0,https://nccopwatch.org/agencies/274/search-rate
0500000US37177,277,Tyrrell County Sheriff's Office,2023,White,1834,752,0.4100327153762268,0.4100327153762268,0.0,1.0,https://nccopwatch.org/agencies/277/search-rate
0500000US37157,235,Rockingham County Sheriff's Office,2023,White,64579,214,0.0033137707304232026,0.0033137707304232026,0.0,1.0,https://nccopwatch.org/agencies/235/search-rate
0500000US37179,285,Union County Sheriff's Office,2023,White,166556,342,0.002053363433319724,0.002053363433319724,0.0,1.0,https://nccopwatch.org/agencies/285/search-rate
0500000US37181,286,Vance County Sheriff's Office,2023,White,15937,42,0.0026353767961347805,0.0026353767961347805,0.0,1.0,https://nccopwatch.org/agencies/286/search-rate
0500000US37155,234,Robeson County Sheriff's Office,2023,White,27575,650,0.02357207615593835,0.02357207615593835,0.0,1.0,https://nccopwatch.org/agencies/234/search-rate
0500000US37183,290,Wake County Sheriff's Office,2023,White,656508,2114,0.003220067386840678,0.003220067386840678,0.0,1.0,https://nccopwatch.org/agencies/290/search-rate
0500000US37185,293,Warren County Sheriff's Office,2023,White,7065,46,0.006510969568294409,0.006510969568294409,0.0,1.0,https://nccopwatch.org/agencies/293/search-rate
0500000US37189,297,Watauga County Sheriff's Office,2023,White,48547,95,0.001956866541701856,0.001956866541701856,0.0,1.0,https://nccopwatch.org/agencies/297/search-rate
0500000US37191,299,Wayne County Sheriff's Office,2023,White,60037,107,0.001782234288855206,0.001782234288855206,0.0,1.0,https://nccopwatch.org/agencies/299/search-rate
0500000US37153,230,Richmond County Sheriff's Office,2023,White,23602,751,0.031819337344292854,0.031819337344292854,0.0,1.0,https://nccopwatch.org/agencies/230/search-rate
0500000US37193,305,Wilkes County Sheriff's Office,2023,White,56783,8,0.00014088723737738407,0.00014088723737738407,0.0,1.0,https://nccopwatch.org/agencies/305/search-rate
0500000US37195,307,Wilson County Sheriff's Office,2023,White,35211,234,0.006645650506943853,0.006645650506943853,0.0,1.0,https://nccopwatch.org/agencies/307/search-rate
0500000US37197,312,Yadkin County Sheriff's Office,2023,White,30723,551,0.017934446505875078,0.017934446505875078,0.0,1.0,https://nccopwatch.org/agencies/312/search-rate
0500000US37151,226,Randolph County Sheriff's Office,2023,White,110281,2337,0.02119132035436748,0.02119132035436748,0.0,1.0,https://nccopwatch.org/agencies/226/search-rate
0500000US37199,313,Yancey County Sheriff's Office,2023,White,17052,264,0.015482054890921885,0.015482054890921885,0.0,1.0,https://nccopwatch.org/agencies/313/search-rate
0500000US37149,224,Polk County Sheriff's Office,2023,White,17159,1462,0.08520310041377703,0.08520310041377703,0.0,1.0,https://nccopwatch.org/agencies/224/search-rate
1600000US3700680,3,Albemarle Police Department,2023,White,10406,862,0.08283682490870652,0.08283682490870652,0.0,1.0,https://nccopwatch.org/agencies/3/search-rate
1600000US3701520,8,Apex Police Department,2023,White,42876,3949,0.09210280809777031,0.09210280809777031,0.0,1.0,https://nccopwatch.org/agencies/8/search-rate
0500000US37147,222,Pitt County Sheriff's Office,2023,White,89498,526,0.005877226306733111,0.005877226306733111,0.0,1.0,https://nccopwatch.org/agencies/222/search-rate
1600000US3701720,10,Archdale Police Department,2023,White,9380,864,0.09211087420042643,0.09211087420042643,0.0,1.0,https://nccopwatch.org/agencies/10/search-rate
1600000US3702080,11,Asheboro Police Department,2023,White,14437,2469,0.17101890974579206,0.17101890974579206,0.0,1.0,https://nccopwatch.org/agencies/11/search-rate
0500000US37145,216,Person County Sheriff's Office,2023,White,25433,239,0.009397239806550545,0.009397239806550545,0.0,1.0,https://nccopwatch.org/agencies/216/search-rate
1600000US3702140,13,Asheville Police Department,2023,White,73941,5895,0.07972572726903883,0.07972572726903883,0.0,1.0,https://nccopwatch.org/agencies/13/search-rate
0500000US37143,215,Perquimans County Sheriff's Office,2023,White,9180,79,0.00860566448801743,0.00860566448801743,0.0,1.0,https://nccopwatch.org/agencies/215/search-rate
1600000US3702500,15,Atlantic Beach Police Department,2023,White,1566,330,0.210727969348659,0.210727969348659,0.0,1.0,https://nccopwatch.org/agencies/15/search-rate
0500000US37141,214,Pender County Sheriff's Office,2023,White,46877,170,0.0036265119354907524,0.0036265119354907524,0.0,1.0,https://nccopwatch.org/agencies/214/search-rate
1600000US3703150,18,Bald Head Island Police Department,2023,White,146,111,0.7602739726027398,0.7602739726027398,0.0,1.0,https://nccopwatch.org/agencies/18/search-rate
1600000US3703500,19,Banner Elk Police Department,2023,White,1093,190,0.17383348581884722,0.17383348581884722,0.0,1.0,https://nccopwatch.org/agencies/19/search-rate
1600000US3704510,21,Beech Mountain Police Department,2023,White,777,70,0.09009009009009009,0.09009009009009009,0.0,1.0,https://nccopwatch.org/agencies/21/search-rate
0500000US37139,212,Pasquotank County Sheriff's Office,2023,White,21934,263,0.01199051700556214,0.01199051700556214,0.0,1.0,https://nccopwatch.org/agencies/212/search-rate
1600000US3705880,24,Biltmore Forest Police Department,2023,White,1500,192,0.128,0.128,0.0,1.0,https://nccopwatch.org/agencies/24/search-rate
0500000US37137,210,Pamlico County Sheriff's Office,2023,White,9112,557,0.061128182616330115,0.061128182616330115,0.0,1.0,https://nccopwatch.org/agencies/210/search-rate
1600000US3706500,27,Blowing Rock Police Department,2023,White,788,1079,1.369289340101523,1.369289340101523,0.0,1.0,https://nccopwatch.org/agencies/27/search-rate
1600000US3707080,28,Boone Police Department,2023,White,16333,469,0.028714871732076166,0.028714871732076166,0.0,1.0,https://nccopwatch.org/agencies/28/search-rate
0500000US37135,209,Orange County Sheriff's Office,2023,White,98391,799,0.00812066144261162,0.00812066144261162,0.0,1.0,https://nccopwatch.org/agencies/209/search-rate
1600000US3708860,33,Bunn Police Department,2023,White,234,76,0.3247863247863248,0.3247863247863248,0.0,1.0,https://nccopwatch.org/agencies/33/search-rate
1600000US3709060,36,Burlington Police Department,2023,White,26191,2955,0.11282501622694818,0.11282501622694818,0.0,1.0,https://nccopwatch.org/agencies/36/search-rate
0500000US37133,208,Onslow County Sheriff's Office,2023,White,135161,4159,0.030770710486012976,0.030770710486012976,0.0,1.0,https://nccopwatch.org/agencies/208/search-rate
1600000US3709360,37,Butner Public Safety,2023,White,3390,657,0.19380530973451326,0.19380530973451326,0.0,1.0,https://nccopwatch.org/agencies/37/search-rate
1600000US3710620,44,Carrboro Police Department,2023,White,13542,377,0.027839314724560627,0.027839314724560627,0.0,1.0,https://nccopwatch.org/agencies/44/search-rate
0500000US37131,203,Northampton County Sheriff's Office,2023,White,6707,54,0.008051289697331147,0.008051289697331147,0.0,1.0,https://nccopwatch.org/agencies/203/search-rate
1600000US3710740,46,Cary Police Department,2023,White,102517,5221,0.05092813874771989,0.05092813874771989,0.0,1.0,https://nccopwatch.org/agencies/46/search-rate
0500000US37129,199,New Hanover County Sheriff's Office,2023,White,173634,2614,0.015054655194259189,0.015054655194259189,0.0,1.0,https://nccopwatch.org/agencies/199/search-rate
1600000US3711800,51,Chapel Hill Police Department,2023,White,38188,2636,0.06902691945113648,0.06902691945113648,0.0,1.0,https://nccopwatch.org/agencies/51/search-rate
1600000US3712000,52,Charlotte-Mecklenburg Police Department,2023,White,342729,17861,0.05211406096361849,0.05211406096361849,0.0,1.0,https://nccopwatch.org/agencies/52/search-rate
1600000US3712720,57,Claremont Police Department,2023,White,1655,181,0.10936555891238671,0.10936555891238671,0.0,1.0,https://nccopwatch.org/agencies/57/search-rate
0500000US37127,185,Nash County Sheriff's Office,2023,White,44761,423,0.00945019101449923,0.00945019101449923,0.0,1.0,https://nccopwatch.org/agencies/185/search-rate
1600000US3712860,59,Clayton Police Department,2023,White,15207,2240,0.14730058525678963,0.14730058525678963,0.0,1.0,https://nccopwatch.org/agencies/59/search-rate
1600000US3713000,61,Cleveland Police Department,2023,White,588,200,0.3401360544217687,0.3401360544217687,0.0,1.0,https://nccopwatch.org/agencies/61/search-rate
0500000US37125,175,Moore County Sheriff's Office,2023,White,78066,321,0.004111905310890784,0.004111905310890784,0.0,1.0,https://nccopwatch.org/agencies/175/search-rate
1600000US3713980,63,Columbus Police Department,2023,White,816,1489,1.8247549019607843,1.8247549019607843,0.0,1.0,https://nccopwatch.org/agencies/63/search-rate
0500000US37123,173,Montgomery County Sheriff's Office,2023,White,16261,260,0.015989176557407295,0.015989176557407295,0.0,1.0,https://nccopwatch.org/agencies/173/search-rate
1600000US3714100,64,Concord Police Department,2023,White,54508,13440,0.24656931092683643,0.24656931092683643,0.0,1.0,https://nccopwatch.org/agencies/64/search-rate
1600000US3714340,65,Conover Police Department,2023,White,6377,1138,0.17845381840991062,0.17845381840991062,0.0,1.0,https://nccopwatch.org/agencies/65/search-rate
0500000US37121,171,Mitchell County Sheriff's Office,2023,White,13700,146,0.010656934306569343,0.010656934306569343,0.0,1.0,https://nccopwatch.org/agencies/171/search-rate
1600000US3714700,66,Cornelius Police Department,2023,White,26323,2525,0.09592371690156896,0.09592371690156896,0.0,1.0,https://nccopwatch.org/agencies/66/search-rate
0500000US37119,168,Mecklenburg County Sheriff's Office,2023,White,496297,2164,0.004360292324958643,0.004360292324958643,0.0,1.0,https://nccopwatch.org/agencies/168/search-rate
1600000US3716400,73,Davidson Police Department,2023,White,11572,1725,0.1490667127549257,0.1490667127549257,0.0,1.0,https://nccopwatch.org/agencies/73/search-rate
0500000US37117,162,Martin County Sheriff's Office,2023,White,11169,89,0.0079684841973319,0.0079684841973319,0.0,1.0,https://nccopwatch.org/agencies/162/search-rate
1600000US3718060,76,Duck Police Department,2023,White,637,401,0.6295133437990581,0.6295133437990581,0.0,1.0,https://nccopwatch.org/agencies/76/search-rate
0500000US37115,156,Madison County Sheriff's Office,2023,White,19817,805,0.040621688449311195,0.040621688449311195,0.0,1.0,https://nccopwatch.org/agencies/156/search-rate
1600000US3719000,80,Durham Police Department,2023,White,116853,3319,0.02840320744867483,0.02840320744867483,0.0,1.0,https://nccopwatch.org/agencies/80/search-rate
1600000US3720080,82,Eden Police Department,2023,White,9120,282,0.030921052631578946,0.030921052631578946,0.0,1.0,https://nccopwatch.org/agencies/82/search-rate
1600000US3720580,84,Elizabeth City Police Department,2023,White,6879,61,0.00886756796045937,0.00886756796045937,0.0,1.0,https://nccopwatch.org/agencies/84/search-rate
1600000US3721360,87,Enfield Police Department,2023,White,203,1,0.0049261083743842365,0.0049261083743842365,0.0,1.0,https://nccopwatch.org/agencies/87/search-rate
1600000US3722360,88,Fairmont Department of Public Safety,2023,White,600,99,0.165,0.165,0.0,1.0,https://nccopwatch.org/agencies/88/search-rate
0500000US37113,155,Macon County Sheriff's Office,2023,White,32169,404,0.012558674500295316,0.012558674500295316,0.0,1.0,https://nccopwatch.org/agencies/155/search-rate
1600000US3722920,89,Fayetteville Police Department,2023,White,72981,10377,0.14218769268713774,0.14218769268713774,0.0,1.0,https://nccopwatch.org/agencies/89/search-rate
0500000US37111,166,McDowell County Sheriff's Office,2023,White,38572,38,0.0009851705900653324,0.0009851705900653324,0.0,1.0,https://nccopwatch.org/agencies/166/search-rate
1600000US3723760,91,Fletcher Police Department,2023,White,6495,1116,0.171824480369515,0.171824480369515,0.0,1.0,https://nccopwatch.org/agencies/91/search-rate
0500000US37109,151,Lincoln County Sheriff's Office,2023,White,74853,1820,0.024314322739235568,0.024314322739235568,0.0,1.0,https://nccopwatch.org/agencies/151/search-rate
1600000US3725300,95,Fuquay-Varina Police Department,2023,White,25365,2670,0.10526315789473684,0.10526315789473684,0.0,1.0,https://nccopwatch.org/agencies/95/search-rate
1600000US3725480,96,Garner Police Department,2023,White,17961,1646,0.09164300428706643,0.09164300428706643,0.0,1.0,https://nccopwatch.org/agencies/96/search-rate
0500000US37107,148,Lenoir County Sheriff's Office,2023,White,26368,200,0.00758495145631068,0.00758495145631068,0.0,1.0,https://nccopwatch.org/agencies/148/search-rate
1600000US3725580,99,Gastonia Police Department,2023,White,42167,2237,0.05305096402399981,0.05305096402399981,0.0,1.0,https://nccopwatch.org/agencies/99/search-rate
1600000US3726880,101,Goldsboro Police Department,2023,White,11477,598,0.052104208416833664,0.052104208416833664,0.0,1.0,https://nccopwatch.org/agencies/101/search-rate
0500000US37105,146,Lee County Sheriff's Office,2023,White,36398,1020,0.028023517775701962,0.028023517775701962,0.0,1.0,https://nccopwatch.org/agencies/146/search-rate
1600000US3727280,102,Graham Police Department,2023,White,9026,1733,0.19200088632838466,0.19200088632838466,0.0,1.0,https://nccopwatch.org/agencies/102/search-rate
1600000US3728000,105,Greensboro Police Department,2023,White,113282,3733,0.032953161137691776,0.032953161137691776,0.0,1.0,https://nccopwatch.org/agencies/105/search-rate
0500000US37103,133,Jones County Sheriff's Office,2023,White,5834,471,0.08073363044223518,0.08073363044223518,0.0,1.0,https://nccopwatch.org/agencies/133/search-rate
1600000US3728080,106,Greenville Police Department,2023,White,43116,5087,0.11798404304666481,0.11798404304666481,0.0,1.0,https://nccopwatch.org/agencies/106/search-rate
1600000US3730120,111,Havelock Police Department,2023,White,9164,2255,0.24607158446093408,0.24607158446093408,0.0,1.0,https://nccopwatch.org/agencies/111/search-rate
1600000US3730660,114,Henderson Police Department,2023,White,3781,267,0.07061623909018779,0.07061623909018779,0.0,1.0,https://nccopwatch.org/agencies/114/search-rate
0500000US37101,132,Johnston County Sheriff's Office,2023,White,142071,1810,0.012740108818830021,0.012740108818830021,0.0,1.0,https://nccopwatch.org/agencies/132/search-rate
1600000US3730720,115,Hendersonville Police Department,2023,White,11941,2764,0.23147140105518801,0.23147140105518801,0.0,1.0,https://nccopwatch.org/agencies/115/search-rate
1600000US3731060,117,Hickory Police Department,2023,White,28127,3677,0.1307284815302023,0.1307284815302023,0.0,1.0,https://nccopwatch.org/agencies/117/search-rate
0500000US37099,130,Jackson County Sheriff's Office,2023,White,33866,370,0.010925411917557432,0.010925411917557432,0.0,1.0,https://nccopwatch.org/agencies/130/search-rate
1600000US3731360,118,Highlands Police Department,2023,White,1085,184,0.1695852534562212,0.1695852534562212,0.0,1.0,https://nccopwatch.org/agencies/118/search-rate
1600000US3731400,119,High Point Police Department,2023,White,49879,7652,0.15341125523767518,0.15341125523767518,0.0,1.0,https://nccopwatch.org/agencies/119/search-rate
0500000US37097,129,Iredell County Sheriff's Office,2023,White,140984,1490,0.010568575157464677,0.010568575157464677,0.0,1.0,https://nccopwatch.org/agencies/129/search-rate
1600000US3732180,123,Holly Ridge Police Department,2023,White,3774,423,0.11208267090620032,0.11208267090620032,0.0,1.0,https://nccopwatch.org/agencies/123/search-rate
0500000US37093,121,Hoke County Sheriff's Office,2023,White,19436,278,0.014303354599711875,0.014303354599711875,0.0,1.0,https://nccopwatch.org/agencies/121/search-rate
1600000US3732260,124,Holly Springs Police Department,2023,White,32227,5288,0.1640860148322835,0.1640860148322835,0.0,1.0,https://nccopwatch.org/agencies/124/search-rate
1600000US3732640,125,Hope Mills Police Department,2023,White,7407,1112,0.150128257054138,0.150128257054138,0.0,1.0,https://nccopwatch.org/agencies/125/search-rate
0500000US37091,116,Hertford County Sheriff's Office,2023,White,6624,57,0.008605072463768116,0.008605072463768116,0.0,1.0,https://nccopwatch.org/agencies/116/search-rate
1600000US3733120,126,Huntersville Police Department,2023,White,42958,4128,0.09609385911820849,0.09609385911820849,0.0,1.0,https://nccopwatch.org/agencies/126/search-rate
1600000US3734200,131,Jacksonville Police Department,2023,White,40797,1640,0.04019903424271393,0.04019903424271393,0.0,1.0,https://nccopwatch.org/agencies/131/search-rate
0500000US37089,113,Henderson County Sheriff's Office,2023,White,93736,3199,0.034127763079286506,0.034127763079286506,0.0,1.0,https://nccopwatch.org/agencies/113/search-rate
1600000US3735200,135,Kannapolis Police Department,2023,White,31737,4786,0.15080190314144373,0.15080190314144373,0.0,1.0,https://nccopwatch.org/agencies/135/search-rate
0500000US37087,112,Haywood County Sheriff's Office,2023,White,56749,485,0.008546406104072318,0.008546406104072318,0.0,1.0,https://nccopwatch.org/agencies/112/search-rate
1600000US3735460,136,Kenansville Police Department,2023,White,802,111,0.13840399002493767,0.13840399002493767,0.0,1.0,https://nccopwatch.org/agencies/136/search-rate
1600000US3735600,138,Kernersville Police Department,2023,White,18378,2987,0.16253128740885842,0.16253128740885842,0.0,1.0,https://nccopwatch.org/agencies/138/search-rate
1600000US3735880,139,Kings Mountain Police Department,2023,White,7919,721,0.09104684934966537,0.09104684934966537,0.0,1.0,https://nccopwatch.org/agencies/139/search-rate
1600000US3735920,140,Kinston Police Department,2023,White,4682,1680,0.3588210166595472,0.3588210166595472,0.0,1.0,https://nccopwatch.org/agencies/140/search-rate
0500000US37085,110,Harnett County Sheriff's Office,2023,White,80462,720,0.008948323432179165,0.008948323432179165,0.0,1.0,https://nccopwatch.org/agencies/110/search-rate
1600000US3736220,143,Kure Beach Police Department,2023,White,2247,6,0.0026702269692923898,0.0026702269692923898,0.0,1.0,https://nccopwatch.org/agencies/143/search-rate
1600000US3736500,144,Lake Lure Police Department,2023,White,1227,218,0.17766911165444174,0.17766911165444174,0.0,1.0,https://nccopwatch.org/agencies/144/search-rate
0500000US37083,109,Halifax County Sheriff's Office,2023,White,17701,217,0.012259194395796848,0.012259194395796848,0.0,1.0,https://nccopwatch.org/agencies/109/search-rate
1600000US3737220,145,Laurinburg Police Department,2023,White,5000,193,0.0386,0.0386,0.0,1.0,https://nccopwatch.org/agencies/145/search-rate
0500000US37081,107,Guilford County Sheriff's Office,2023,White,254315,4072,0.01601163910897902,0.01601163910897902,0.0,1.0,https://nccopwatch.org/agencies/107/search-rate
1600000US3737680,147,Leland Police Department,2023,White,21281,1066,0.0500916310323763,0.0500916310323763,0.0,1.0,https://nccopwatch.org/agencies/147/search-rate
1600000US3737760,149,Lenoir Police Department,2023,White,12838,2835,0.2208287895310796,0.2208287895310796,0.0,1.0,https://nccopwatch.org/agencies/149/search-rate
1600000US3738060,150,Lexington Police Department,2023,White,8489,2720,0.3204146542584521,0.3204146542584521,0.0,1.0,https://nccopwatch.org/agencies/150/search-rate
1600000US3738320,152,Lincolnton Police Department,2023,White,6680,198,0.02964071856287425,0.02964071856287425,0.0,1.0,https://nccopwatch.org/agencies/152/search-rate
0500000US37079,104,Greene County Sheriff's Office,2023,White,9375,105,0.0112,0.0112,0.0,1.0,https://nccopwatch.org/agencies/104/search-rate
0500000US37077,103,Granville County Sheriff's Office,2023,White,33968,6,0.00017663683466792276,0.00017663683466792276,0.0,1.0,https://nccopwatch.org/agencies/103/search-rate
1600000US3738680,153,Littleton Police Department,2023,White,314,123,0.39171974522292996,0.39171974522292996,0.0,1.0,https://nccopwatch.org/agencies/153/search-rate
0500000US37073,100,Gates County Sheriff's Office,2023,White,6615,191,0.02887377173091459,0.02887377173091459,0.0,1.0,https://nccopwatch.org/agencies/100/search-rate
1600000US3739700,154,Lumberton Police Department,2023,White,6540,97,0.014831804281345565,0.014831804281345565,0.0,1.0,https://nccopwatch.org/agencies/154/search-rate
0500000US37071,98,Gaston County Sheriff's Office,2023,White,156914,216,0.0013765502122181578,0.0013765502122181578,0.0,1.0,https://nccopwatch.org/agencies/98/search-rate
1600000US3740560,157,Madison Police Department,2023,White,1419,368,0.25933756166314303,0.25933756166314303,0.0,1.0,https://nccopwatch.org/agencies/157/search-rate
0500000US37071,97,Gaston County Police Department,2023,White,156914,4139,0.02637750614986553,0.02637750614986553,0.0,1.0,https://nccopwatch.org/agencies/97/search-rate
1600000US3740600,158,Maggie Valley Police Department,2023,White,2016,966,0.4791666666666667,0.4791666666666667,0.0,1.0,https://nccopwatch.org/agencies/158/search-rate
1600000US3741580,160,Marshall Police Department,2023,White,709,168,0.23695345557122707,0.23695345557122707,0.0,1.0,https://nccopwatch.org/agencies/160/search-rate
1600000US3741960,163,Matthews Police Department,2023,White,21070,2210,0.10488846701471286,0.10488846701471286,0.0,1.0,https://nccopwatch.org/agencies/163/search-rate
0500000US37069,94,Franklin County Sheriff's Office,2023,White,43982,362,0.008230639807193851,0.008230639807193851,0.0,1.0,https://nccopwatch.org/agencies/94/search-rate
1600000US3742060,164,Mayodan Police Department,2023,White,2156,319,0.14795918367346939,0.14795918367346939,0.0,1.0,https://nccopwatch.org/agencies/164/search-rate
0500000US37067,92,Forsyth County Sheriff's Office,2023,White,209551,3720,0.017752241697725137,0.017752241697725137,0.0,1.0,https://nccopwatch.org/agencies/92/search-rate
1600000US3742240,167,Mebane Police Department,2023,White,10304,2128,0.20652173913043478,0.20652173913043478,0.0,1.0,https://nccopwatch.org/agencies/167/search-rate
1600000US3742700,169,Middlesex Police Department,2023,White,521,293,0.5623800383877159,0.5623800383877159,0.0,1.0,https://nccopwatch.org/agencies/169/search-rate
1600000US3743480,170,Mint Hill Police Department,2023,White,17862,374,0.02093830478109954,0.02093830478109954,0.0,1.0,https://nccopwatch.org/agencies/170/search-rate
0500000US37065,83,Edgecombe County Sheriff's Office,2023,White,17157,231,0.01346389228886169,0.01346389228886169,0.0,1.0,https://nccopwatch.org/agencies/83/search-rate
1600000US3743580,288,Village of Misenheimer Police Department,2023,White,424,41,0.09669811320754718,0.09669811320754718,0.0,1.0,https://nccopwatch.org/agencies/288/search-rate
1600000US3743920,172,Monroe Police Department,2023,White,15136,1581,0.1044529598308668,0.1044529598308668,0.0,1.0,https://nccopwatch.org/agencies/172/search-rate
1600000US3744220,176,Mooresville Police Department,2023,White,37288,5909,0.1584692126153186,0.1584692126153186,0.0,1.0,https://nccopwatch.org/agencies/176/search-rate
1600000US3744400,177,Morganton Police Department,2023,White,10112,4774,0.4721123417721519,0.4721123417721519,0.0,1.0,https://nccopwatch.org/agencies/177/search-rate
0500000US37063,79,Durham County Sheriff's Office,2023,White,138134,1198,0.008672738065935975,0.008672738065935975,0.0,1.0,https://nccopwatch.org/agencies/79/search-rate
1600000US3744520,178,Morrisville Police Department,2023,White,10706,2176,0.20325051373061834,0.20325051373061834,0.0,1.0,https://nccopwatch.org/agencies/178/search-rate
1600000US3744800,179,Mount Airy Police Department,2023,White,8857,611,0.0689849836287682,0.0689849836287682,0.0,1.0,https://nccopwatch.org/agencies/179/search-rate
0500000US37061,78,Duplin County Sheriff's Office,2023,White,24904,139,0.005581432701574044,0.005581432701574044,0.0,1.0,https://nccopwatch.org/agencies/78/search-rate
1600000US3744900,180,Mount Gilead Police Department,2023,White,329,204,0.6200607902735562,0.6200607902735562,0.0,1.0,https://nccopwatch.org/agencies/180/search-rate
1600000US3744960,181,Mount Holly Police Department,2023,White,12430,576,0.046339501206757845,0.046339501206757845,0.0,1.0,https://nccopwatch.org/agencies/181/search-rate
0500000US37059,74,Davie County Sheriff's Office,2023,White,35895,1135,0.03162000278590333,0.03162000278590333,0.0,1.0,https://nccopwatch.org/agencies/74/search-rate
1600000US3745660,183,Murphy Police Department,2023,White,1084,307,0.283210332103321,0.283210332103321,0.0,1.0,https://nccopwatch.org/agencies/183/search-rate
1600000US3745880,184,Nags Head Police Department,2023,White,2923,200,0.06842285323297982,0.06842285323297982,0.0,1.0,https://nccopwatch.org/agencies/184/search-rate
1600000US3746340,198,New Bern Police Department,2023,White,16925,2493,0.14729689807976365,0.14729689807976365,0.0,1.0,https://nccopwatch.org/agencies/198/search-rate
0500000US37057,72,Davidson County Sheriff's Office,2023,White,131410,390,0.002967810668898866,0.002967810668898866,0.0,1.0,https://nccopwatch.org/agencies/72/search-rate
1600000US3746740,200,Newland Police Department,2023,White,752,212,0.28191489361702127,0.28191489361702127,0.0,1.0,https://nccopwatch.org/agencies/200/search-rate
1600000US3747000,201,Newton Police Department,2023,White,8221,1626,0.19778615740177594,0.19778615740177594,0.0,1.0,https://nccopwatch.org/agencies/201/search-rate
0500000US37055,71,Dare County Sheriff's Office,2023,White,32294,3780,0.11704960673809377,0.11704960673809377,0.0,1.0,https://nccopwatch.org/agencies/71/search-rate
1600000US3747845,204,North Topsail Beach Police Department,2023,White,626,199,0.31789137380191695,0.31789137380191695,0.0,1.0,https://nccopwatch.org/agencies/204/search-rate
0500000US37053,70,Currituck County Sheriff's Office,2023,White,24993,6941,0.27771776097307244,0.27771776097307244,0.0,1.0,https://nccopwatch.org/agencies/70/search-rate
1600000US3747880,205,North Wilkesboro Police Department,2023,White,3024,120,0.03968253968253968,0.03968253968253968,0.0,1.0,https://nccopwatch.org/agencies/205/search-rate
0500000US37051,69,Cumberland County Sheriff's Office,2023,White,136681,305,0.0022314732845091856,0.0022314732845091856,0.0,1.0,https://nccopwatch.org/agencies/69/search-rate
1600000US3748700,206,Ocean Isle Beach Police Department,2023,White,781,618,0.7912932138284251,0.7912932138284251,0.0,1.0,https://nccopwatch.org/agencies/206/search-rate
1600000US3751820,217,Pilot Mountain Police Department,2023,White,1429,690,0.4828551434569629,0.4828551434569629,0.0,1.0,https://nccopwatch.org/agencies/217/search-rate
0500000US37049,67,Craven County Sheriff's Office,2023,White,65396,1677,0.025643770261178055,0.025643770261178055,0.0,1.0,https://nccopwatch.org/agencies/67/search-rate
1600000US3751940,218,Pinehurst Police Department,2023,White,15622,1269,0.08123159646652157,0.08123159646652157,0.0,1.0,https://nccopwatch.org/agencies/218/search-rate
0500000US37047,62,Columbus County Sheriff's Office,2023,White,29764,403,0.013539846794785646,0.013539846794785646,0.0,1.0,https://nccopwatch.org/agencies/62/search-rate
1600000US3752000,219,Pine Knoll Shores Police Department,2023,White,1362,887,0.6512481644640234,0.6512481644640234,0.0,1.0,https://nccopwatch.org/agencies/219/search-rate
1600000US3752140,220,Pinetops Police Department,2023,White,532,138,0.2593984962406015,0.2593984962406015,0.0,1.0,https://nccopwatch.org/agencies/220/search-rate
0500000US37045,60,Cleveland County Sheriff's Office,2023,White,71127,1042,0.014649851673766643,0.014649851673766643,0.0,1.0,https://nccopwatch.org/agencies/60/search-rate
1600000US3752220,221,Pineville Police Department,2023,White,4836,750,0.15508684863523572,0.15508684863523572,0.0,1.0,https://nccopwatch.org/agencies/221/search-rate
1600000US3755000,225,Raleigh Police Department,2023,White,242177,11741,0.0484810696308898,0.0484810696308898,0.0,1.0,https://nccopwatch.org/agencies/225/search-rate
1600000US3755900,228,Reidsville Police Department,2023,White,7722,1823,0.23607873607873608,0.23607873607873608,0.0,1.0,https://nccopwatch.org/agencies/228/search-rate
1600000US3756900,231,Roanoke Rapids Police Department,2023,White,7492,621,0.08288841430859584,0.08288841430859584,0.0,1.0,https://nccopwatch.org/agencies/231/search-rate
0500000US37043,58,Clay County Sheriff's Office,2023,White,10345,45,0.0043499275012083135,0.0043499275012083135,0.0,1.0,https://nccopwatch.org/agencies/58/search-rate
1600000US3757500,236,Rocky Mount Police Department,2023,White,15083,877,0.058144931379699,0.058144931379699,0.0,1.0,https://nccopwatch.org/agencies/236/search-rate
0500000US37041,56,Chowan County Sheriff's Office,2023,White,8293,214,0.025804895695164597,0.025804895695164597,0.0,1.0,https://nccopwatch.org/agencies/56/search-rate
1600000US3757640,237,Rolesville Police Department,2023,White,5931,93,0.01568032372281234,0.01568032372281234,0.0,1.0,https://nccopwatch.org/agencies/237/search-rate
0500000US37039,54,Cherokee County Sheriff's Office,2023,White,26306,656,0.024937276666920093,0.024937276666920093,0.0,1.0,https://nccopwatch.org/agencies/54/search-rate
1600000US3758720,241,Saint Pauls Police Department,2023,White,928,324,0.34913793103448276,0.34913793103448276,0.0,1.0,https://nccopwatch.org/agencies/241/search-rate
1600000US3758860,242,Salisbury Police Department,2023,White,16965,906,0.05340406719717065,0.05340406719717065,0.0,1.0,https://nccopwatch.org/agencies/242/search-rate
1600000US3759280,245,Sanford Police Department,2023,White,12699,477,0.03756201275690999,0.03756201275690999,0.0,1.0,https://nccopwatch.org/agencies/245/search-rate
1600000US3760505,247,Seven Devils Police Department,2023,White,374,70,0.18716577540106952,0.18716577540106952,0.0,1.0,https://nccopwatch.org/agencies/247/search-rate
0500000US37037,53,Chatham County Sheriff's Office,2023,White,54664,306,0.0055978340406849115,0.0055978340406849115,0.0,1.0,https://nccopwatch.org/agencies/53/search-rate
1600000US3761200,250,Shelby Police Department,2023,White,11529,584,0.05065487032700147,0.05065487032700147,0.0,1.0,https://nccopwatch.org/agencies/250/search-rate
1600000US3762520,252,Smithfield Police Department,2023,White,6238,667,0.10692529656941327,0.10692529656941327,0.0,1.0,https://nccopwatch.org/agencies/252/search-rate
0500000US37035,50,Catawba County Sheriff's Office,2023,White,117583,1836,0.015614502096391486,0.015614502096391486,0.0,1.0,https://nccopwatch.org/agencies/50/search-rate
1600000US3763120,253,Southern Pines Police Department,2023,White,11864,711,0.0599291975724882,0.0599291975724882,0.0,1.0,https://nccopwatch.org/agencies/253/search-rate
1600000US3764180,254,Spring Lake Police Department,2023,White,4002,406,0.10144927536231885,0.10144927536231885,0.0,1.0,https://nccopwatch.org/agencies/254/search-rate
0500000US37033,49,Caswell County Sheriff's Office,2023,White,13543,184,0.013586354574318836,0.013586354574318836,0.0,1.0,https://nccopwatch.org/agencies/49/search-rate
1600000US3764260,255,Spruce Pine Police Department,2023,White,1985,434,0.218639798488665,0.218639798488665,0.0,1.0,https://nccopwatch.org/agencies/255/search-rate
0500000US37031,45,Carteret County Sheriff's Office,2023,White,58683,186,0.003169572107765452,0.003169572107765452,0.0,1.0,https://nccopwatch.org/agencies/45/search-rate
1600000US3764420,256,Stallings Police Department,2023,White,12106,806,0.0665785560878903,0.0665785560878903,0.0,1.0,https://nccopwatch.org/agencies/256/search-rate
1600000US3764560,258,Stantonsburg Police Department,2023,White,334,11,0.03293413173652695,0.03293413173652695,0.0,1.0,https://nccopwatch.org/agencies/258/search-rate
1600000US3764740,261,Statesville Police Department,2023,White,14564,2150,0.14762427904421863,0.14762427904421863,0.0,1.0,https://nccopwatch.org/agencies/261/search-rate
0500000US37029,40,Camden County Sheriff's Office,2023,White,8458,1273,0.15050839441948452,0.15050839441948452,0.0,1.0,https://nccopwatch.org/agencies/40/search-rate
1600000US3765530,264,Sugar Mountain Police Department,2023,White,462,77,0.16666666666666666,0.16666666666666666,0.0,1.0,https://nccopwatch.org/agencies/264/search-rate
0500000US37027,39,Caldwell County Sheriff's Office,2023,White,69065,236,0.003417070875262434,0.003417070875262434,0.0,1.0,https://nccopwatch.org/agencies/39/search-rate
1600000US3766040,266,Surf City Police Department,2023,White,3595,1501,0.41752433936022254,0.41752433936022254,0.0,1.0,https://nccopwatch.org/agencies/266/search-rate
1600000US3766500,269,Sylva Police Department,2023,White,1927,268,0.13907628437986508,0.13907628437986508,0.0,1.0,https://nccopwatch.org/agencies/269/search-rate
1600000US3766700,270,Tarboro Police Department,2023,White,4186,818,0.1954132823698041,0.1954132823698041,0.0,1.0,https://nccopwatch.org/agencies/270/search-rate
0500000US37025,38,Cabarrus County Sheriff's Office,2023,White,135848,6624,0.048760379247394146,0.048760379247394146,0.0,1.0,https://nccopwatch.org/agencies/38/search-rate
1600000US3766960,271,Taylorsville Police Department,2023,White,2074,99,0.04773384763741562,0.04773384763741562,0.0,1.0,https://nccopwatch.org/agencies/271/search-rate
1600000US3767420,272,Thomasville Police Department,2023,White,16362,697,0.04259870431487593,0.04259870431487593,0.0,1.0,https://nccopwatch.org/agencies/272/search-rate
0500000US37023,35,Burke County Sheriff's Office,2023,White,69715,540,0.007745822276411103,0.007745822276411103,0.0,1.0,https://nccopwatch.org/agencies/35/search-rate
1600000US3768040,273,Topsail Beach Police Department,2023,White,441,507,1.1496598639455782,1.1496598639455782,0.0,1.0,https://nccopwatch.org/agencies/273/search-rate
0500000US37021,32,Buncombe County Sheriff's Office,2023,White,220778,951,0.00430749440614554,0.00430749440614554,0.0,1.0,https://nccopwatch.org/agencies/32/search-rate
1600000US3768500,275,Troutman Police Department,2023,White,2921,928,0.31769941800753165,0.31769941800753165,0.0,1.0,https://nccopwatch.org/agencies/275/search-rate
1600000US3770540,291,Wake Forest Police Department,2023,White,33590,4541,0.13518904435844,0.13518904435844,0.0,1.0,https://nccopwatch.org/agencies/291/search-rate
0500000US37019,31,Brunswick County Sheriff's Office,2023,White,118328,1197,0.010115948887837197,0.010115948887837197,0.0,1.0,https://nccopwatch.org/agencies/31/search-rate
1600000US3770820,292,Walnut Creek Police Department,2023,White,1575,51,0.03238095238095238,0.03238095238095238,0.0,1.0,https://nccopwatch.org/agencies/292/search-rate
0500000US37017,26,Bladen County Sheriff's Office,2023,White,15909,76,0.00477717015525803,0.00477717015525803,0.0,1.0,https://nccopwatch.org/agencies/26/search-rate
0500000US37015,23,Bertie County Sheriff's Office,2023,White,5994,46,0.007674341007674341,0.007674341007674341,0.0,1.0,https://nccopwatch.org/agencies/23/search-rate
1600000US3771100,294,Warrenton Police Department,2023,White,454,58,0.1277533039647577,0.1277533039647577,0.0,1.0,https://nccopwatch.org/agencies/294/search-rate
0500000US37013,20,Beaufort County Sheriff's Office,2023,White,29528,674,0.02282579246816581,0.02282579246816581,0.0,1.0,https://nccopwatch.org/agencies/20/search-rate
1600000US3771460,298,Waxhaw Police Department,2023,White,14717,1624,0.110348576476184,0.110348576476184,0.0,1.0,https://nccopwatch.org/agencies/298/search-rate
1600000US3771780,300,Weldon Police Department,2023,White,270,91,0.337037037037037,0.337037037037037,0.0,1.0,https://nccopwatch.org/agencies/300/search-rate
1600000US3772540,302,West Jefferson Police Department,2023,White,1333,260,0.19504876219054765,0.19504876219054765,0.0,1.0,https://nccopwatch.org/agencies/302/search-rate
0500000US37011,16,Avery County Sheriff's Office,2023,White,15354,114,0.007424775302852677,0.007424775302852677,0.0,1.0,https://nccopwatch.org/agencies/16/search-rate
1600000US3773300,303,White Lake Police Department,2023,White,791,36,0.045512010113780026,0.045512010113780026,0.0,1.0,https://nccopwatch.org/agencies/303/search-rate
0500000US37009,12,Ashe County Sheriff's Office,2023,White,24470,692,0.028279525950143033,0.028279525950143033,0.0,1.0,https://nccopwatch.org/agencies/12/search-rate
1600000US3774020,304,Wilkesboro Police Department,2023,White,2966,899,0.3031018206338503,0.3031018206338503,0.0,1.0,https://nccopwatch.org/agencies/304/search-rate
1600000US3774440,306,Wilmington Police Department,2023,White,82870,6415,0.07741040183419814,0.07741040183419814,0.0,1.0,https://nccopwatch.org/agencies/306/search-rate
1600000US3774540,308,Wilson Police Department,2023,White,16814,2683,0.15956940644700845,0.15956940644700845,0.0,1.0,https://nccopwatch.org/agencies/308/search-rate
0500000US37005,5,Alleghany County Sheriff's Office,2023,White,9297,153,0.016456921587608905,0.016456921587608905,0.0,1.0,https://nccopwatch.org/agencies/5/search-rate
1600000US3775000,309,Winston-Salem Police Department,2023,White,110329,2694,0.0244178774392952,0.0244178774392952,0.0,1.0,https://nccopwatch.org/agencies/309/search-rate
0500000US37003,4,Alexander County Sheriff's Office,2023,White,31262,91,0.002910882221227049,0.002910882221227049,0.0,1.0,https://nccopwatch.org/agencies/4/search-rate
0500000US37001,2,Alamance County Sheriff's Office,2023,White,103736,2061,0.019867741189172516,0.019867741189172516,0.0,1.0,https://nccopwatch.org/agencies/2/search-rate
1600000US3775820,311,Wrightsville Beach Police Department,2023,White,2525,1625,0.6435643564356436,0.6435643564356436,0.0,1.0,https://nccopwatch.org/agencies/311/search-rate
1600000US3776200,314,Youngsville Police Department,2023,White,1582,561,0.35461441213653605,0.35461441213653605,0.0,1.0,https://nccopwatch.org/agencies/314/search-rate
0500000US37195,307,Wilson County Sheriff's Office,2023,Black,30742,203,0.006603343959404073,0.006645650506943853,-0.0063660506214666054,0.9936339493785334,https://nccopwatch.org/agencies/307/search-rate
1600000US3774440,306,Wilmington Police Department,2023,Hispanic,10604,815,0.07685778951339117,0.07741040183419814,-0.007138734688273388,0.9928612653117266,https://nccopwatch.org/agencies/306/search-rate
0500000US37001,2,Alamance County Sheriff's Office,2023,Hispanic,25716,504,0.01959869342043864,0.019867741189172516,-0.01354194048392888,0.9864580595160711,https://nccopwatch.org/agencies/2/search-rate
0500000US37071,98,Gaston County Sheriff's Office,2023,Asian,3685,5,0.0013568521031207597,0.0013765502122181578,-0.014309764309764446,0.9856902356902355,https://nccopwatch.org/agencies/98/search-rate
0500000US37185,293,Warren County Sheriff's Office,2023,Native American,937,6,0.0064034151547491995,0.006510969568294409,-0.016518955036889243,0.9834810449631107,https://nccopwatch.org/agencies/293/search-rate
1600000US3755000,225,Raleigh Police Department,2023,Other,18816,892,0.04740646258503401,0.0484810696308898,-0.022165497874475564,0.9778345021255245,https://nccopwatch.org/agencies/225/search-rate
0500000US37195,307,Wilson County Sheriff's Office,2023,Native American,154,1,0.006493506493506494,0.006645650506943853,-0.022893772893772816,0.9771062271062272,https://nccopwatch.org/agencies/307/search-rate
1600000US3725580,99,Gastonia Police Department,2023,Asian,966,50,0.051759834368530024,0.05305096402399981,-0.02433753427903192,0.975662465720968,https://nccopwatch.org/agencies/99/search-rate
1600000US3712720,57,Claremont Police Department,2023,Hispanic,198,21,0.10606060606060606,0.10936555891238671,-0.03021932027456889,0.9697806797254311,https://nccopwatch.org/agencies/57/search-rate
0500000US37015,23,Bertie County Sheriff's Office,2023,Asian,136,1,0.007352941176470588,0.007674341007674341,-0.04187979539641941,0.9581202046035806,https://nccopwatch.org/agencies/23/search-rate
1600000US3722920,89,Fayetteville Police Department,2023,Native American,1561,211,0.13516976297245356,0.14218769268713774,-0.049356801436577634,0.9506431985634224,https://nccopwatch.org/agencies/89/search-rate
1600000US3743920,172,Monroe Police Department,2023,Hispanic,11041,1095,0.09917579929354225,0.1044529598308668,-0.050521886080293725,0.9494781139197063,https://nccopwatch.org/agencies/172/search-rate
1600000US3719000,80,Durham Police Department,2023,Asian,16062,433,0.026958037604283402,0.02840320744867483,-0.050880515765794374,0.9491194842342057,https://nccopwatch.org/agencies/80/search-rate
0500000US37009,12,Ashe County Sheriff's Office,2023,Hispanic,1569,42,0.02676864244741874,0.028279525950143033,-0.05342676201107437,0.9465732379889257,https://nccopwatch.org/agencies/12/search-rate
1600000US3771780,300,Weldon Police Department,2023,Black,1207,384,0.31814415907207955,0.337037037037037,-0.05605579176415955,0.9439442082358405,https://nccopwatch.org/agencies/300/search-rate
0500000US37103,133,Jones County Sheriff's Office,2023,Black,2520,192,0.0761904761904762,0.08073363044223518,-0.05627337984025881,0.9437266201597412,https://nccopwatch.org/agencies/133/search-rate
1600000US3701520,8,Apex Police Department,2023,Asian,11203,968,0.08640542711773633,0.09210280809777031,-0.06185892805772023,0.9381410719422798,https://nccopwatch.org/agencies/8/search-rate
0500000US37011,16,Avery County Sheriff's Office,2023,Hispanic,1005,7,0.006965174129353234,0.007424775302852677,-0.06190102120974073,0.9380989787902593,https://nccopwatch.org/agencies/16/search-rate
0500000US37139,212,Pasquotank County Sheriff's Office,2023,Hispanic,2401,27,0.011245314452311536,0.01199051700556214,-0.062149326247143505,0.9378506737528565,https://nccopwatch.org/agencies/212/search-rate
0500000US37017,26,Bladen County Sheriff's Office,2023,Other,451,2,0.004434589800443459,0.00477717015525803,-0.0717119850624344,0.9282880149375656,https://nccopwatch.org/agencies/26/search-rate
0500000US37059,74,Davie County Sheriff's Office,2023,Asian,308,9,0.02922077922077922,0.03162000278590333,-0.07587676640540081,0.9241232335945992,https://nccopwatch.org/agencies/74/search-rate
0500000US37101,132,Johnston County Sheriff's Office,2023,Asian,1785,21,0.011764705882352941,0.012740108818830021,-0.07656158596035097,0.923438414039649,https://nccopwatch.org/agencies/132/search-rate
0500000US37127,185,Nash County Sheriff's Office,2023,Native American,461,4,0.008676789587852495,0.00945019101449923,-0.08183976656769389,0.9181602334323061,https://nccopwatch.org/agencies/185/search-rate
1600000US3713000,61,Cleveland Police Department,2023,Hispanic,103,32,0.3106796116504854,0.3401360544217687,-0.08660194174757287,0.9133980582524271,https://nccopwatch.org/agencies/61/search-rate
1600000US3738060,150,Lexington Police Department,2023,Black,5123,1493,0.29143080226429824,0.3204146542584521,-0.09045732337440156,0.9095426766255984,https://nccopwatch.org/agencies/150/search-rate
0500000US37115,156,Madison County Sheriff's Office,2023,Hispanic,759,28,0.03689064558629776,0.040621688449311195,-0.09184854213209596,0.9081514578679041,https://nccopwatch.org/agencies/156/search-rate
1600000US3764180,254,Spring Lake Police Department,2023,Asian,228,21,0.09210526315789473,0.10144927536231885,-0.09210526315789484,0.9078947368421052,https://nccopwatch.org/agencies/254/search-rate
1600000US3737680,147,Leland Police Department,2023,Asian,198,9,0.045454545454545456,0.0500916310323763,-0.09257206208425722,0.9074279379157428,https://nccopwatch.org/agencies/147/search-rate
1600000US3764420,256,Stallings Police Department,2023,Asian,961,58,0.060353798126951096,0.0665785560878903,-0.09349493781033505,0.906505062189665,https://nccopwatch.org/agencies/256/search-rate
0500000US37161,240,Rutherford County Sheriff's Office,2023,Hispanic,3533,43,0.012170959524483441,0.013492199228474241,-0.0979261928776167,0.9020738071223833,https://nccopwatch.org/agencies/240/search-rate
0500000US37051,69,Cumberland County Sheriff's Office,2023,Hispanic,41644,83,0.001993084237825377,0.0022314732845091856,-0.10683033865504801,0.893169661344952,https://nccopwatch.org/agencies/69/search-rate
1600000US3771460,298,Waxhaw Police Department,2023,Hispanic,2570,253,0.09844357976653696,0.110348576476184,-0.107885367349677,0.892114632650323,https://nccopwatch.org/agencies/298/search-rate
1600000US3758720,241,Saint Pauls Police Department,2023,Other,71,22,0.30985915492957744,0.34913793103448276,-0.11250217353503747,0.8874978264649626,https://nccopwatch.org/agencies/241/search-rate
1600000US3707080,28,Boone Police Department,2023,Asian,393,10,0.02544529262086514,0.028714871732076166,-0.11386361540172649,0.8861363845982735,https://nccopwatch.org/agencies/28/search-rate
1600000US3730660,114,Henderson Police Department,2023,Asian,112,7,0.0625,0.07061623909018779,-0.114934456928839,0.885065543071161,https://nccopwatch.org/agencies/114/search-rate
1600000US3761200,250,Shelby Police Department,2023,Asian,179,8,0.0446927374301676,0.05065487032700147,-0.11770107905410569,0.8822989209458943,https://nccopwatch.org/agencies/250/search-rate
1600000US3774440,306,Wilmington Police Department,2023,Native American,220,15,0.06818181818181818,0.07741040183419814,-0.11921632537376897,0.880783674626231,https://nccopwatch.org/agencies/306/search-rate
0500000US37179,285,Union County Sheriff's Office,2023,Asian,10002,18,0.001799640071985603,0.002053363433319724,-0.12356476073206403,0.876435239267936,https://nccopwatch.org/agencies/285/search-rate
0500000US37003,4,Alexander County Sheriff's Office,2023,Asian,392,1,0.002551020408163265,0.002910882221227049,-0.12362637362637371,0.8763736263736263,https://nccopwatch.org/agencies/4/search-rate
1600000US3738320,152,Lincolnton Police Department,2023,Hispanic,1973,51,0.025848960973137353,0.02964071856287425,-0.12792394292647716,0.8720760570735229,https://nccopwatch.org/agencies/152/search-rate
1600000US3713000,61,Cleveland Police Department,2023,Black,342,101,0.2953216374269006,0.3401360544217687,-0.1317543859649122,0.8682456140350878,https://nccopwatch.org/agencies/61/search-rate
1600000US3757500,236,Rocky Mount Police Department,2023,Native American,280,14,0.05,0.058144931379699,-0.14007981755986312,0.8599201824401369,https://nccopwatch.org/agencies/236/search-rate
0500000US37153,230,Richmond County Sheriff's Office,2023,Native American,882,24,0.027210884353741496,0.031819337344292854,-0.14483183419839304,0.8551681658016069,https://nccopwatch.org/agencies/230/search-rate
1600000US3704510,21,Beech Mountain Police Department,2023,Other,26,2,0.07692307692307693,0.09009009009009009,-0.14615384615384608,0.8538461538461539,https://nccopwatch.org/agencies/21/search-rate
1600000US3735600,138,Kernersville Police Department,2023,Asian,585,81,0.13846153846153847,0.16253128740885842,-0.14809301846462872,0.8519069815353713,https://nccopwatch.org/agencies/138/search-rate
1600000US3747000,201,Newton Police Department,2023,Hispanic,1771,298,0.16826651609260304,0.19778615740177594,-0.1492502897925648,0.8507497102074352,https://nccopwatch.org/agencies/201/search-rate
1600000US3745660,183,Murphy Police Department,2023,Hispanic,67,16,0.23880597014925373,0.283210332103321,-0.15678934318634838,0.8432106568136516,https://nccopwatch.org/agencies/183/search-rate
1600000US3716400,73,Davidson Police Department,2023,Asian,425,53,0.12470588235294118,0.1490667127549257,-0.16342233589087812,0.8365776641091218,https://nccopwatch.org/agencies/73/search-rate
1600000US3709360,37,Butner Public Safety,2023,Hispanic,1965,318,0.1618320610687023,0.19380530973451326,-0.1649761232528146,0.8350238767471854,https://nccopwatch.org/agencies/37/search-rate
0500000US37139,212,Pasquotank County Sheriff's Office,2023,Asian,504,5,0.00992063492063492,0.01199051700556214,-0.17262659182811274,0.8273734081718873,https://nccopwatch.org/agencies/212/search-rate
1600000US3744400,177,Morganton Police Department,2023,Black,2323,904,0.3891519586741283,0.4721123417721519,-0.17572169959933281,0.8242783004006672,https://nccopwatch.org/agencies/177/search-rate
0500000US37061,78,Duplin County Sheriff's Office,2023,Hispanic,11137,51,0.00457933016072551,0.005581432701574044,-0.17954217034022957,0.8204578296597704,https://nccopwatch.org/agencies/78/search-rate
1600000US3702080,11,Asheboro Police Department,2023,Hispanic,7580,1061,0.1399736147757256,0.17101890974579206,-0.18153135823525704,0.818468641764743,https://nccopwatch.org/agencies/11/search-rate
1600000US3741960,163,Matthews Police Department,2023,Asian,1827,156,0.08538587848932677,0.10488846701471286,-0.1859364435429343,0.8140635564570657,https://nccopwatch.org/agencies/163/search-rate
0500000US37087,112,Haywood County Sheriff's Office,2023,Native American,288,2,0.006944444444444444,0.008546406104072318,-0.18744272623138603,0.812557273768614,https://nccopwatch.org/agencies/112/search-rate
1600000US3751940,218,Pinehurst Police Department,2023,Asian,321,21,0.06542056074766354,0.08123159646652157,-0.194641449960599,0.8053585500394009,https://nccopwatch.org/agencies/218/search-rate
1600000US3764740,261,Statesville Police Department,2023,Hispanic,5108,607,0.11883320281910728,0.14762427904421863,-0.19502941122907982,0.8049705887709202,https://nccopwatch.org/agencies/261/search-rate
1600000US3745660,183,Murphy Police Department,2023,Black,79,18,0.22784810126582278,0.283210332103321,-0.19548097142621532,0.8045190285737847,https://nccopwatch.org/agencies/183/search-rate
1600000US3727280,102,Graham Police Department,2023,Asian,182,28,0.15384615384615385,0.19200088632838466,-0.1987216476541346,0.8012783523458654,https://nccopwatch.org/agencies/102/search-rate
1600000US3725300,95,Fuquay-Varina Police Department,2023,Asian,1248,105,0.08413461538461539,0.10526315789473684,-0.20072115384615374,0.7992788461538463,https://nccopwatch.org/agencies/95/search-rate
1600000US3771780,300,Weldon Police Department,2023,Other,26,7,0.2692307692307692,0.337037037037037,-0.20118343195266272,0.7988165680473372,https://nccopwatch.org/agencies/300/search-rate
1600000US3751940,218,Pinehurst Police Department,2023,Other,973,63,0.06474820143884892,0.08123159646652157,-0.20291851625082916,0.7970814837491709,https://nccopwatch.org/agencies/218/search-rate
0500000US37047,62,Columbus County Sheriff's Office,2023,Other,1788,19,0.010626398210290829,0.013539846794785646,-0.21517588999727982,0.7848241100027202,https://nccopwatch.org/agencies/62/search-rate
0500000US37119,168,Mecklenburg County Sheriff's Office,2023,Other,48837,167,0.0034195384646886584,0.004360292324958643,-0.21575476829501514,0.7842452317049848,https://nccopwatch.org/agencies/168/search-rate
1600000US3776220,315,Zebulon Police Department,2023,Hispanic,1887,455,0.24112347641759407,0.31025248661055854,-0.2228153300177671,0.7771846699822329,https://nccopwatch.org/agencies/315/search-rate
1600000US3774540,308,Wilson Police Department,2023,Native American,97,12,0.12371134020618557,0.15956940644700845,-0.22471767639701676,0.7752823236029832,https://nccopwatch.org/agencies/308/search-rate
1600000US3775000,309,Winston-Salem Police Department,2023,Asian,5621,105,0.0186799501867995,0.0244178774392952,-0.23498878093563397,0.7650112190643661,https://nccopwatch.org/agencies/309/search-rate
0500000US37127,185,Nash County Sheriff's Office,2023,Other,3209,23,0.007167341851043939,0.00945019101449923,-0.24156645722322048,0.7584335427767795,https://nccopwatch.org/agencies/185/search-rate
0500000US37133,208,Onslow County Sheriff's Office,2023,Asian,3655,85,0.023255813953488372,0.030770710486012976,-0.24422239245793653,0.7557776075420635,https://nccopwatch.org/agencies/208/search-rate
0500000US37173,268,Swain County Sheriff's Office,2023,Hispanic,718,16,0.022284122562674095,0.029574643572522683,-0.24651255701428273,0.7534874429857172,https://nccopwatch.org/agencies/268/search-rate
1600000US3744900,180,Mount Gilead Police Department,2023,Other,15,7,0.4666666666666667,0.6200607902735562,-0.24738562091503263,0.7526143790849673,https://nccopwatch.org/agencies/180/search-rate
1600000US3738320,152,Lincolnton Police Department,2023,Black,2331,52,0.02230802230802231,0.02964071856287425,-0.24738591405258065,0.7526140859474193,https://nccopwatch.org/agencies/152/search-rate
1600000US3735920,140,Kinston Police Department,2023,Black,12876,3460,0.2687169928549239,0.3588210166595472,-0.2511113330078847,0.7488886669921153,https://nccopwatch.org/agencies/140/search-rate
1600000US3743920,172,Monroe Police Department,2023,Asian,257,20,0.07782101167315175,0.1044529598308668,-0.25496595023097723,0.7450340497690228,https://nccopwatch.org/agencies/172/search-rate
1600000US3747880,205,North Wilkesboro Police Department,2023,Black,610,18,0.029508196721311476,0.03968253968253968,-0.2563934426229508,0.7436065573770492,https://nccopwatch.org/agencies/205/search-rate
1600000US3722920,89,Fayetteville Police Department,2023,Hispanic,27165,2863,0.10539296889379716,0.14218769268713774,-0.2587757287425835,0.7412242712574165,https://nccopwatch.org/agencies/89/search-rate
1600000US3731060,117,Hickory Police Department,2023,Hispanic,6070,583,0.09604612850082372,0.1307284815302023,-0.26530066457909474,0.7346993354209053,https://nccopwatch.org/agencies/117/search-rate
1600000US3756900,231,Roanoke Rapids Police Department,2023,Other,831,50,0.06016847172081829,0.08288841430859584,-0.2741027534100312,0.7258972465899688,https://nccopwatch.org/agencies/231/search-rate
0500000US37067,92,Forsyth County Sheriff's Office,2023,Asian,8960,115,0.012834821428571428,0.017752241697725137,-0.27700277817780344,0.7229972218221965,https://nccopwatch.org/agencies/92/search-rate
0500000US37099,130,Jackson County Sheriff's Office,2023,Asian,508,4,0.007874015748031496,0.010925411917557432,-0.2792934666950415,0.7207065333049585,https://nccopwatch.org/agencies/130/search-rate
0500000US37141,214,Pender County Sheriff's Office,2023,Hispanic,5402,14,0.00259163272861903,0.0036265119354907524,-0.28536489753250427,0.7146351024674957,https://nccopwatch.org/agencies/214/search-rate
0500000US37161,240,Rutherford County Sheriff's Office,2023,Native American,104,1,0.009615384615384616,0.013492199228474241,-0.2873374864572047,0.7126625135427953,https://nccopwatch.org/agencies/240/search-rate
0500000US37067,92,Forsyth County Sheriff's Office,2023,Hispanic,56553,715,0.012643007444344243,0.017752241697725137,-0.2878078352231773,0.7121921647768227,https://nccopwatch.org/agencies/92/search-rate
0500000US37025,38,Cabarrus County Sheriff's Office,2023,Asian,12408,430,0.03465506125080593,0.048760379247394146,-0.28927826678751745,0.7107217332124826,https://nccopwatch.org/agencies/38/search-rate
0500000US37009,12,Ashe County Sheriff's Office,2023,Asian,100,2,0.02,0.028279525950143033,-0.2927745664739885,0.7072254335260115,https://nccopwatch.org/agencies/12/search-rate
1600000US3743920,172,Monroe Police Department,2023,Native American,96,7,0.07291666666666667,0.1044529598308668,-0.3019186169091292,0.6980813830908708,https://nccopwatch.org/agencies/172/search-rate
0500000US37045,60,Cleveland County Sheriff's Office,2023,Hispanic,4426,45,0.01016719385449616,0.014649851673766643,-0.3059865669013932,0.6940134330986067,https://nccopwatch.org/agencies/60/search-rate
0500000US37063,79,Durham County Sheriff's Office,2023,Asian,16950,102,0.006017699115044248,0.008672738065935975,-0.30613618567819517,0.6938638143218048,https://nccopwatch.org/agencies/79/search-rate
0500000US37047,62,Columbus County Sheriff's Office,2023,Asian,213,2,0.009389671361502348,0.013539846794785646,-0.3065156863430375,0.6934843136569625,https://nccopwatch.org/agencies/62/search-rate
1600000US3755000,225,Raleigh Police Department,2023,Asian,22159,743,0.03353039397084706,0.0484810696308898,-0.3083817204090087,0.6916182795909913,https://nccopwatch.org/agencies/225/search-rate
1600000US3743480,170,Mint Hill Police Department,2023,Asian,1179,17,0.01441899915182358,0.02093830478109954,-0.31135785334258614,0.6886421466574139,https://nccopwatch.org/agencies/170/search-rate
0500000US37133,208,Onslow County Sheriff's Office,2023,Hispanic,28739,608,0.021155920526114338,0.030770710486012976,-0.31246564697520074,0.6875343530247993,https://nccopwatch.org/agencies/208/search-rate
0500000US37029,40,Camden County Sheriff's Office,2023,Native American,29,3,0.10344827586206896,0.15050839441948452,-0.3126743776579896,0.6873256223420103,https://nccopwatch.org/agencies/40/search-rate
1600000US3737220,145,Laurinburg Police Department,2023,Asian,340,9,0.026470588235294117,0.0386,-0.3142334654068882,0.6857665345931119,https://nccopwatch.org/agencies/145/search-rate
1600000US3730660,114,Henderson Police Department,2023,Hispanic,1587,76,0.04788909892879647,0.07061623909018779,-0.3218401383903392,0.6781598616096608,https://nccopwatch.org/agencies/114/search-rate
0500000US37035,50,Catawba County Sheriff's Office,2023,Asian,6681,70,0.01047747343212094,0.015614502096391486,-0.3289908722390651,0.6710091277609349,https://nccopwatch.org/agencies/50/search-rate
0500000US37129,199,New Hanover County Sheriff's Office,2023,Asian,3169,32,0.010097822656989587,0.015054655194259189,-0.32925579983789977,0.6707442001621002,https://nccopwatch.org/agencies/199/search-rate
1600000US3703500,19,Banner Elk Police Department,2023,Black,103,12,0.11650485436893204,0.17383348581884722,-0.3297904956566173,0.6702095043433827,https://nccopwatch.org/agencies/19/search-rate
0500000US37083,109,Halifax County Sheriff's Office,2023,Other,2191,18,0.008215426745778184,0.012259194395796848,-0.329855904022951,0.670144095977049,https://nccopwatch.org/agencies/109/search-rate
0500000US37117,162,Martin County Sheriff's Office,2023,Hispanic,939,5,0.005324813631522897,0.0079684841973319,-0.33176580392719957,0.6682341960728004,https://nccopwatch.org/agencies/162/search-rate
1600000US3740600,158,Maggie Valley Police Department,2023,Hispanic,189,60,0.31746031746031744,0.4791666666666667,-0.3374741200828158,0.6625258799171843,https://nccopwatch.org/agencies/158/search-rate
1600000US3700680,3,Albemarle Police Department,2023,Hispanic,1349,73,0.054114158636026685,0.08283682490870652,-0.34673789470244354,0.6532621052975565,https://nccopwatch.org/agencies/3/search-rate
1600000US3764180,254,Spring Lake Police Department,2023,Hispanic,1826,121,0.06626506024096386,0.10144927536231885,-0.346815834767642,0.653184165232358,https://nccopwatch.org/agencies/254/search-rate
1600000US3725300,95,Fuquay-Varina Police Department,2023,Native American,73,5,0.0684931506849315,0.10526315789473684,-0.3493150684931507,0.6506849315068493,https://nccopwatch.org/agencies/95/search-rate
0500000US37099,130,Jackson County Sheriff's Office,2023,Other,1410,10,0.0070921985815602835,0.010925411917557432,-0.3508529806402147,0.6491470193597852,https://nccopwatch.org/agencies/130/search-rate
0500000US37057,72,Davidson County Sheriff's Office,2023,Asian,2603,5,0.001920860545524395,0.002967810668898866,-0.35276850182728015,0.6472314981727199,https://nccopwatch.org/agencies/72/search-rate
1600000US3744520,178,Morrisville Police Department,2023,Asian,12750,1667,0.1307450980392157,0.20325051373061834,-0.3567293108419838,0.6432706891580162,https://nccopwatch.org/agencies/178/search-rate
1600000US3712000,52,Charlotte-Mecklenburg Police Department,2023,Native American,1352,45,0.03328402366863906,0.05211406096361849,-0.361323545830077,0.638676454169923,https://nccopwatch.org/agencies/52/search-rate
1600000US3710740,46,Cary Police Department,2023,Asian,36016,1169,0.03245779653487339,0.05092813874771989,-0.36267459732510715,0.6373254026748929,https://nccopwatch.org/agencies/46/search-rate
0500000US37145,216,Person County Sheriff's Office,2023,Asian,168,1,0.005952380952380952,0.009397239806550545,-0.3665819884439132,0.6334180115560868,https://nccopwatch.org/agencies/216/search-rate
0500000US37081,107,Guilford County Sheriff's Office,2023,Asian,28021,284,0.010135255701081331,0.01601163910897902,-0.3670069858495828,0.6329930141504172,https://nccopwatch.org/agencies/107/search-rate
1600000US3758860,242,Salisbury Police Department,2023,Asian,504,17,0.03373015873015873,0.05340406719717065,-0.3683971933144119,0.6316028066855881,https://nccopwatch.org/agencies/242/search-rate
0500000US37039,54,Cherokee County Sheriff's Office,2023,Hispanic,1019,16,0.015701668302257114,0.024937276666920093,-0.37035352689150053,0.6296464731084994,https://nccopwatch.org/agencies/54/search-rate
1600000US3742700,169,Middlesex Police Department,2023,Other,17,6,0.35294117647058826,0.5623800383877159,-0.3724151776751655,0.6275848223248345,https://nccopwatch.org/agencies/169/search-rate
0500000US37069,94,Franklin County Sheriff's Office,2023,Asian,582,3,0.005154639175257732,0.008230639807193851,-0.37372557954092384,0.6262744204590762,https://nccopwatch.org/agencies/94/search-rate
0500000US37023,35,Burke County Sheriff's Office,2023,Hispanic,7229,35,0.004841610181214553,0.007745822276411103,-0.37493915966042124,0.6250608403395788,https://nccopwatch.org/agencies/35/search-rate
0500000US37045,60,Cleveland County Sheriff's Office,2023,Native American,219,2,0.0091324200913242,0.014649851673766643,-0.3766203034207137,0.6233796965792864,https://nccopwatch.org/agencies/60/search-rate
1600000US3728000,105,Greensboro Police Department,2023,Asian,14761,303,0.02052706456202154,0.032953161137691776,-0.37708359825477517,0.6229164017452249,https://nccopwatch.org/agencies/105/search-rate
0500000US37113,155,Macon County Sheriff's Office,2023,Other,900,7,0.0077777777777777776,0.012558674500295316,-0.38068481848184826,0.6193151815181517,https://nccopwatch.org/agencies/155/search-rate
1600000US3733120,126,Huntersville Police Department,2023,Asian,3446,205,0.059489262913522925,0.09609385911820849,-0.38092544664750055,0.6190745533524995,https://nccopwatch.org/agencies/126/search-rate
0500000US37151,226,Randolph County Sheriff's Office,2023,Other,4972,65,0.013073209975864843,0.02119132035436748,-0.38308657708671345,0.6169134229132865,https://nccopwatch.org/agencies/226/search-rate
1600000US3703500,19,Banner Elk Police Department,2023,Asian,28,3,0.10714285714285714,0.17383348581884722,-0.38364661654135346,0.6163533834586465,https://nccopwatch.org/agencies/19/search-rate
1600000US3766960,271,Taylorsville Police Department,2023,Other,34,1,0.029411764705882353,0.04773384763741562,-0.38383838383838387,0.6161616161616161,https://nccopwatch.org/agencies/271/search-rate
0500000US37147,222,Pitt County Sheriff's Office,2023,Asian,3045,11,0.00361247947454844,0.005877226306733111,-0.3853427984541135,0.6146572015458864,https://nccopwatch.org/agencies/222/search-rate
1600000US3767420,272,Thomasville Police Department,2023,Other,1647,43,0.026108075288403157,0.04259870431487593,-0.3871157419385187,0.6128842580614813,https://nccopwatch.org/agencies/272/search-rate
1600000US3766500,269,Sylva Police Department,2023,Hispanic,341,29,0.08504398826979472,0.13907628437986508,-0.38850833807502083,0.6114916619249792,https://nccopwatch.org/agencies/269/search-rate
0500000US37029,40,Camden County Sheriff's Office,2023,Asian,77,7,0.09090909090909091,0.15050839441948452,-0.395986574305506,0.604013425694494,https://nccopwatch.org/agencies/40/search-rate
1600000US3743580,288,Village of Misenheimer Police Department,2023,Black,137,8,0.058394160583941604,0.09669811320754718,-0.3961189246928966,0.6038810753071033,https://nccopwatch.org/agencies/288/search-rate
1600000US3720580,84,Elizabeth City Police Department,2023,Black,9182,49,0.005336527989544762,0.00886756796045937,-0.3981971140970752,0.6018028859029247,https://nccopwatch.org/agencies/84/search-rate
0500000US37061,78,Duplin County Sheriff's Office,2023,Asian,299,1,0.0033444816053511705,0.005581432701574044,-0.4007843892110392,0.5992156107889608,https://nccopwatch.org/agencies/78/search-rate
1600000US3707080,28,Boone Police Department,2023,Hispanic,1521,26,0.017094017094017096,0.028714871732076166,-0.40469812111603154,0.5953018788839685,https://nccopwatch.org/agencies/28/search-rate
1600000US3734200,131,Jacksonville Police Department,2023,Hispanic,13811,329,0.02382159148504815,0.04019903424271393,-0.40740886108810404,0.592591138911896,https://nccopwatch.org/agencies/131/search-rate
1600000US3766500,269,Sylva Police Department,2023,Native American,134,11,0.08208955223880597,0.13907628437986508,-0.4097516150590332,0.5902483849409668,https://nccopwatch.org/agencies/269/search-rate
1600000US3764740,261,Statesville Police Department,2023,Native American,92,8,0.08695652173913043,0.14762427904421863,-0.4109605662285137,0.5890394337714864,https://nccopwatch.org/agencies/261/search-rate
1600000US3725580,99,Gastonia Police Department,2023,Native American,129,4,0.031007751937984496,0.05305096402399981,-0.41551011355878753,0.5844898864412125,https://nccopwatch.org/agencies/99/search-rate
0500000US37141,214,Pender County Sheriff's Office,2023,Other,2834,6,0.002117148906139732,0.0036265119354907524,-0.4162024160405164,0.5837975839594836,https://nccopwatch.org/agencies/214/search-rate
1600000US3764420,256,Stallings Police Department,2023,Other,466,18,0.03862660944206009,0.0665785560878903,-0.419834077040224,0.580165922959776,https://nccopwatch.org/agencies/256/search-rate
1600000US3759280,245,Sanford Police Department,2023,Asian,413,9,0.021791767554479417,0.03756201275690999,-0.41984558454018,0.5801544154598199,https://nccopwatch.org/agencies/245/search-rate
1600000US3740560,157,Madison Police Department,2023,Black,644,95,0.14751552795031056,0.25933756166314303,-0.4311833310829057,0.5688166689170944,https://nccopwatch.org/agencies/157/search-rate
1600000US3744400,177,Morganton Police Department,2023,Hispanic,4078,1083,0.2655713585090731,0.4721123417721519,-0.43748270271391976,0.5625172972860802,https://nccopwatch.org/agencies/177/search-rate
1600000US3744900,180,Mount Gilead Police Department,2023,Black,649,224,0.34514637904468415,0.6200607902735562,-0.4433668690897005,0.5566331309102994,https://nccopwatch.org/agencies/180/search-rate
1600000US3733120,126,Huntersville Police Department,2023,Other,2993,159,0.05312395589709322,0.09609385911820849,-0.44716596477051107,0.5528340352294889,https://nccopwatch.org/agencies/126/search-rate
1600000US3720580,84,Elizabeth City Police Department,2023,Hispanic,1436,7,0.004874651810584958,0.00886756796045937,-0.4502831179505914,0.5497168820494086,https://nccopwatch.org/agencies/84/search-rate
0500000US37049,67,Craven County Sheriff's Office,2023,Asian,2772,39,0.01406926406926407,0.025643770261178055,-0.45135742810161417,0.5486425718983858,https://nccopwatch.org/agencies/67/search-rate
1600000US3735460,136,Kenansville Police Department,2023,Other,53,4,0.07547169811320754,0.13840399002493767,-0.45469998300186987,0.5453000169981301,https://nccopwatch.org/agencies/136/search-rate
0500000US37173,268,Swain County Sheriff's Office,2023,Other,621,10,0.01610305958132045,0.029574643572522683,-0.455511288180611,0.5444887118193891,https://nccopwatch.org/agencies/268/search-rate
0500000US37019,31,Brunswick County Sheriff's Office,2023,Asian,908,5,0.005506607929515419,0.010115948887837197,-0.45565087461679155,0.5443491253832085,https://nccopwatch.org/agencies/31/search-rate
1600000US3766040,266,Surf City Police Department,2023,Other,119,27,0.226890756302521,0.41752433936022254,-0.4565807668837022,0.5434192331162978,https://nccopwatch.org/agencies/266/search-rate
1600000US3764560,258,Stantonsburg Police Department,2023,Hispanic,168,3,0.017857142857142856,0.03293413173652695,-0.45779220779220786,0.5422077922077921,https://nccopwatch.org/agencies/258/search-rate
1600000US3770820,292,Walnut Creek Police Department,2023,Other,57,1,0.017543859649122806,0.03238095238095238,-0.45820433436532504,0.541795665634675,https://nccopwatch.org/agencies/292/search-rate
1600000US3737680,147,Leland Police Department,2023,Other,1010,27,0.026732673267326732,0.0500916310323763,-0.46632455928519684,0.5336754407148032,https://nccopwatch.org/agencies/147/search-rate
1600000US3702080,11,Asheboro Police Department,2023,Native American,33,3,0.09090909090909091,0.17101890974579206,-0.46842667255789977,0.5315733274421002,https://nccopwatch.org/agencies/11/search-rate
1600000US3732180,123,Holly Ridge Police Department,2023,Native American,101,6,0.0594059405940594,0.11208267090620032,-0.46998104065725727,0.5300189593427427,https://nccopwatch.org/agencies/123/search-rate
1600000US3757500,236,Rocky Mount Police Department,2023,Asian,617,19,0.03079416531604538,0.058144931379699,-0.47038951486669045,0.5296104851333095,https://nccopwatch.org/agencies/236/search-rate
1600000US3734200,131,Jacksonville Police Department,2023,Asian,1943,41,0.02110138960370561,0.04019903424271393,-0.4750772002058672,0.5249227997941328,https://nccopwatch.org/agencies/131/search-rate
1600000US3732640,125,Hope Mills Police Department,2023,Hispanic,2757,217,0.07870874138556402,0.150128257054138,-0.4757233386305102,0.5242766613694898,https://nccopwatch.org/agencies/125/search-rate
0500000US37163,244,Sampson County Sheriff's Office,2023,Native American,1038,2,0.0019267822736030828,0.003675344563552833,-0.4757546563904945,0.5242453436095055,https://nccopwatch.org/agencies/244/search-rate
1600000US3731400,119,High Point Police Department,2023,Asian,9474,757,0.07990289212581803,0.15341125523767518,-0.47915886613386344,0.5208411338661365,https://nccopwatch.org/agencies/119/search-rate
1600000US3735200,135,Kannapolis Police Department,2023,Asian,1312,103,0.07850609756097561,0.15080190314144373,-0.47940910608176285,0.5205908939182371,https://nccopwatch.org/agencies/135/search-rate
1600000US3725300,95,Fuquay-Varina Police Department,2023,Other,2073,112,0.054027978774722624,0.10526315789473684,-0.48673420164013503,0.513265798359865,https://nccopwatch.org/agencies/95/search-rate
1600000US3737760,149,Lenoir Police Department,2023,Hispanic,2483,281,0.11316955296012887,0.2208287895310796,-0.4875235552373423,0.5124764447626577,https://nccopwatch.org/agencies/149/search-rate
1600000US3730120,111,Havelock Police Department,2023,Hispanic,2484,312,0.12560386473429952,0.24607158446093408,-0.48956371777156504,0.510436282228435,https://nccopwatch.org/agencies/111/search-rate
0500000US37119,168,Mecklenburg County Sheriff's Office,2023,Asian,68849,152,0.0022077299597670266,0.004360292324958643,-0.4936738651374787,0.5063261348625213,https://nccopwatch.org/agencies/168/search-rate
1600000US3731060,117,Hickory Police Department,2023,Asian,1816,120,0.06607929515418502,0.1307284815302023,-0.49453023258042916,0.5054697674195708,https://nccopwatch.org/agencies/117/search-rate
1600000US3767420,272,Thomasville Police Department,2023,Asian,234,5,0.021367521367521368,0.04259870431487593,-0.498399735128573,0.5016002648714271,https://nccopwatch.org/agencies/272/search-rate
1600000US3730660,114,Henderson Police Department,2023,Other,227,8,0.03524229074889868,0.07061623909018779,-0.5009322047880678,0.49906779521193223,https://nccopwatch.org/agencies/114/search-rate
1600000US3712000,52,Charlotte-Mecklenburg Police Department,2023,Asian,55616,1436,0.025819907940161105,0.05211406096361849,-0.5045500683935124,0.49544993160648765,https://nccopwatch.org/agencies/52/search-rate
0500000US37181,286,Vance County Sheriff's Office,2023,Other,1537,2,0.0013012361743656475,0.0026353767961347805,-0.5062428354555875,0.49375716454441254,https://nccopwatch.org/agencies/286/search-rate
1600000US3709060,36,Burlington Police Department,2023,Asian,1558,85,0.05455712451861361,0.11282501622694818,-0.5164447890805384,0.48355521091946163,https://nccopwatch.org/agencies/36/search-rate
0500000US37037,53,Chatham County Sheriff's Office,2023,Other,3393,9,0.002652519893899204,0.0055978340406849115,-0.5261524592153396,0.4738475407846604,https://nccopwatch.org/agencies/53/search-rate
1600000US3701720,10,Archdale Police Department,2023,Asian,596,26,0.0436241610738255,0.09211087420042643,-0.5263951031568481,0.4736048968431519,https://nccopwatch.org/agencies/10/search-rate
1600000US3737760,149,Lenoir Police Department,2023,Asian,182,19,0.1043956043956044,0.2208287895310796,-0.5272554605887939,0.4727445394112061,https://nccopwatch.org/agencies/149/search-rate
1600000US3763120,253,Southern Pines Police Department,2023,Asian,284,8,0.028169014084507043,0.0599291975724882,-0.5299617677938233,0.4700382322061767,https://nccopwatch.org/agencies/253/search-rate
1600000US3700680,3,Albemarle Police Department,2023,Asian,622,24,0.03858520900321544,0.08283682490870652,-0.5342022217082832,0.46579777829171676,https://nccopwatch.org/agencies/3/search-rate
1600000US3771460,298,Waxhaw Police Department,2023,Asian,1603,82,0.051154086088583905,0.110348576476184,-0.5364318442329499,0.4635681557670501,https://nccopwatch.org/agencies/298/search-rate
0500000US37189,297,Watauga County Sheriff's Office,2023,Other,1109,1,0.0009017132551848512,0.001956866541701856,-0.5392055431635897,0.4607944568364103,https://nccopwatch.org/agencies/297/search-rate
1600000US3764260,255,Spruce Pine Police Department,2023,Native American,10,1,0.1,0.218639798488665,-0.5426267281105991,0.4573732718894009,https://nccopwatch.org/agencies/255/search-rate
1600000US3738060,150,Lexington Police Department,2023,Hispanic,4100,596,0.14536585365853658,0.3204146542584521,-0.5463195839311334,0.45368041606886655,https://nccopwatch.org/agencies/150/search-rate
0500000US37103,133,Jones County Sheriff's Office,2023,Other,328,12,0.036585365853658534,0.08073363044223518,-0.5468385894050024,0.4531614105949976,https://nccopwatch.org/agencies/133/search-rate
0500000US37155,234,Robeson County Sheriff's Office,2023,Other,3388,36,0.010625737898465172,0.02357207615593835,-0.5492235037689583,0.45077649623104166,https://nccopwatch.org/agencies/234/search-rate
0500000US37195,307,Wilson County Sheriff's Office,2023,Hispanic,9354,28,0.0029933718195424416,0.006645650506943853,-0.5495742942824405,0.45042570571755947,https://nccopwatch.org/agencies/307/search-rate
1600000US3755000,225,Raleigh Police Department,2023,Native American,1017,22,0.021632251720747297,0.0484810696308898,-0.5538000319414514,0.44619996805854856,https://nccopwatch.org/agencies/225/search-rate
1600000US3707080,28,Boone Police Department,2023,Other,628,8,0.012738853503184714,0.028714871732076166,-0.5563673896215012,0.44363261037849877,https://nccopwatch.org/agencies/28/search-rate
0500000US37089,113,Henderson County Sheriff's Office,2023,Asian,1456,22,0.01510989010989011,0.034127763079286506,-0.557255186201732,0.442744813798268,https://nccopwatch.org/agencies/113/search-rate
1600000US3774540,308,Wilson Police Department,2023,Asian,638,45,0.07053291536050156,0.15956940644700845,-0.5579797097012772,0.4420202902987228,https://nccopwatch.org/agencies/308/search-rate
0500000US37039,54,Cherokee County Sheriff's Office,2023,Native American,456,5,0.010964912280701754,0.024937276666920093,-0.5603003316217373,0.4396996683782627,https://nccopwatch.org/agencies/54/search-rate
0500000US37163,244,Sampson County Sheriff's Office,2023,Other,1241,2,0.0016116035455278,0.003675344563552833,-0.5615095353209777,0.4384904646790223,https://nccopwatch.org/agencies/244/search-rate
0500000US37105,146,Lee County Sheriff's Office,2023,Other,2538,31,0.012214342001576044,0.028023517775701962,-0.5641395880653286,0.4358604119346714,https://nccopwatch.org/agencies/146/search-rate
0500000US37059,74,Davie County Sheriff's Office,2023,Native American,146,2,0.0136986301369863,0.03162000278590333,-0.5667732786192746,0.4332267213807254,https://nccopwatch.org/agencies/74/search-rate
1600000US3746340,198,New Bern Police Department,2023,Asian,1821,116,0.06370126304228446,0.14729689807976365,-0.5675315375087587,0.43246846249124127,https://nccopwatch.org/agencies/198/search-rate
0500000US37049,67,Craven County Sheriff's Office,2023,Native American,182,2,0.01098901098901099,0.025643770261178055,-0.5714744408841009,0.42852555911589907,https://nccopwatch.org/agencies/67/search-rate
0500000US37137,210,Pamlico County Sheriff's Office,2023,Other,271,7,0.025830258302583026,0.061128182616330115,-0.5774410885940099,0.4225589114059901,https://nccopwatch.org/agencies/210/search-rate
0500000US37191,299,Wayne County Sheriff's Office,2023,Asian,1338,1,0.0007473841554559044,0.001782234288855206,-0.5806476398027464,0.41935236019725364,https://nccopwatch.org/agencies/299/search-rate
1600000US3744960,181,Mount Holly Police Department,2023,Other,571,11,0.01926444833625219,0.046339501206757845,-0.5842758805215023,0.41572411947849774,https://nccopwatch.org/agencies/181/search-rate
1600000US3732640,125,Hope Mills Police Department,2023,Other,1046,65,0.0621414913957935,0.150128257054138,-0.5860773140569763,0.4139226859430237,https://nccopwatch.org/agencies/125/search-rate
1600000US3743580,288,Village of Misenheimer Police Department,2023,Hispanic,75,3,0.04,0.09669811320754718,-0.5863414634146341,0.4136585365853659,https://nccopwatch.org/agencies/288/search-rate
1600000US3713980,63,Columbus Police Department,2023,Hispanic,220,165,0.75,1.8247549019607843,-0.5889858965748824,0.41101410342511757,https://nccopwatch.org/agencies/63/search-rate
1600000US3760505,247,Seven Devils Police Department,2023,Hispanic,13,1,0.07692307692307693,0.18716577540106952,-0.589010989010989,0.41098901098901097,https://nccopwatch.org/agencies/247/search-rate
1600000US3708860,33,Bunn Police Department,2023,Other,15,2,0.13333333333333333,0.3247863247863248,-0.5894736842105264,0.41052631578947363,https://nccopwatch.org/agencies/33/search-rate
0500000US37001,2,Alamance County Sheriff's Office,2023,Asian,2885,23,0.007972270363951473,0.019867741189172516,-0.5987329265041873,0.4012670734958127,https://nccopwatch.org/agencies/2/search-rate
0500000US37173,268,Swain County Sheriff's Office,2023,Native American,3971,47,0.011835809619743138,0.029574643572522683,-0.5997987400686853,0.4002012599313147,https://nccopwatch.org/agencies/268/search-rate
1600000US3744960,181,Mount Holly Police Department,2023,Asian,701,13,0.018544935805991442,0.046339501206757845,-0.5998028609922333,0.40019713900776666,https://nccopwatch.org/agencies/181/search-rate
1600000US3735600,138,Kernersville Police Department,2023,Native American,77,5,0.06493506493506493,0.16253128740885842,-0.6004765238109732,0.39952347618902684,https://nccopwatch.org/agencies/138/search-rate
1600000US3744400,177,Morganton Police Department,2023,Asian,357,67,0.1876750700280112,0.4721123417721519,-0.6024779413231568,0.3975220586768432,https://nccopwatch.org/agencies/177/search-rate
1600000US3732640,125,Hope Mills Police Department,2023,Asian,336,20,0.05952380952380952,0.150128257054138,-0.6035136176772868,0.39648638232271316,https://nccopwatch.org/agencies/125/search-rate
1600000US3751820,217,Pilot Mountain Police Department,2023,Asian,21,4,0.19047619047619047,0.4828551434569629,-0.6055210489993099,0.3944789510006901,https://nccopwatch.org/agencies/217/search-rate
1600000US3714100,64,Concord Police Department,2023,Asian,7162,686,0.09578330075397934,0.24656931092683643,-0.6115360001861677,0.3884639998138323,https://nccopwatch.org/agencies/64/search-rate
1600000US3744220,176,Mooresville Police Department,2023,Asian,2325,143,0.061505376344086024,0.1584692126153186,-0.6118780719041665,0.38812192809583346,https://nccopwatch.org/agencies/176/search-rate
0500000US37143,215,Perquimans County Sheriff's Office,2023,Other,607,2,0.0032948929159802307,0.00860566448801743,-0.617125101662044,0.38287489833795596,https://nccopwatch.org/agencies/215/search-rate
0500000US37001,2,Alamance County Sheriff's Office,2023,Native American,265,2,0.007547169811320755,0.019867741189172516,-0.6201294480605678,0.3798705519394322,https://nccopwatch.org/agencies/2/search-rate
0500000US37071,97,Gaston County Police Department,2023,Native American,403,4,0.009925558312655087,0.02637750614986553,-0.6237112691297511,0.37628873087024894,https://nccopwatch.org/agencies/97/search-rate
1600000US3732180,123,Holly Ridge Police Department,2023,Other,143,6,0.04195804195804196,0.11208267090620032,-0.6256509447998809,0.3743490552001191,https://nccopwatch.org/agencies/123/search-rate
0500000US37183,290,Wake County Sheriff's Office,2023,Asian,92960,112,0.0012048192771084338,0.003220067386840678,-0.6258403528969234,0.3741596471030766,https://nccopwatch.org/agencies/290/search-rate
1600000US3756900,231,Roanoke Rapids Police Department,2023,Native American,97,3,0.030927835051546393,0.08288841430859584,-0.6268738482992181,0.3731261517007819,https://nccopwatch.org/agencies/231/search-rate
1600000US3773300,303,White Lake Police Department,2023,Other,59,1,0.01694915254237288,0.045512010113780026,-0.6275894538606404,0.37241054613935964,https://nccopwatch.org/agencies/303/search-rate
0500000US37021,32,Buncombe County Sheriff's Office,2023,Asian,3122,5,0.0016015374759769379,0.00430749440614554,-0.628197433363579,0.371802566636421,https://nccopwatch.org/agencies/32/search-rate
0500000US37041,56,Chowan County Sheriff's Office,2023,Other,417,4,0.009592326139088728,0.025804895695164597,-0.6282749501333513,0.37172504986664867,https://nccopwatch.org/agencies/56/search-rate
0500000US37093,121,Hoke County Sheriff's Office,2023,Other,3950,21,0.005316455696202532,0.014303354599711875,-0.6283070758583007,0.3716929241416993,https://nccopwatch.org/agencies/121/search-rate
0500000US37185,293,Warren County Sheriff's Office,2023,Hispanic,830,2,0.0024096385542168677,0.006510969568294409,-0.6299109481403875,0.3700890518596125,https://nccopwatch.org/agencies/293/search-rate
0500000US37153,230,Richmond County Sheriff's Office,2023,Other,1202,14,0.011647254575707155,0.031819337344292854,-0.6339567210441541,0.3660432789558459,https://nccopwatch.org/agencies/230/search-rate
0500000US37159,238,Rowan County Sheriff's Office,2023,Other,5536,28,0.0050578034682080926,0.013817859952793077,-0.6339662230267624,0.3660337769732376,https://nccopwatch.org/agencies/238/search-rate
0500000US37087,112,Haywood County Sheriff's Office,2023,Other,1599,5,0.0031269543464665416,0.008546406104072318,-0.6341205521492169,0.3658794478507831,https://nccopwatch.org/agencies/112/search-rate
0500000US37083,109,Halifax County Sheriff's Office,2023,Asian,446,2,0.004484304932735426,0.012259194395796848,-0.6342088404868674,0.36579115951313257,https://nccopwatch.org/agencies/109/search-rate
0500000US37153,230,Richmond County Sheriff's Office,2023,Asian,344,4,0.011627906976744186,0.031819337344292854,-0.6345647663580343,0.36543523364196573,https://nccopwatch.org/agencies/230/search-rate
1600000US3768500,275,Troutman Police Department,2023,Asian,78,9,0.11538461538461539,0.31769941800753165,-0.6368120026525198,0.3631879973474802,https://nccopwatch.org/agencies/275/search-rate
1600000US3770540,291,Wake Forest Police Department,2023,Other,2249,110,0.048910626945309024,0.13518904435844,-0.6382056905763202,0.36179430942367985,https://nccopwatch.org/agencies/291/search-rate
1600000US3747000,201,Newton Police Department,2023,Asian,784,56,0.07142857142857142,0.19778615740177594,-0.6388596028817431,0.36114039711825685,https://nccopwatch.org/agencies/201/search-rate
1600000US3768500,275,Troutman Police Department,2023,Other,96,11,0.11458333333333333,0.31769941800753165,-0.6393341415229885,0.3606658584770115,https://nccopwatch.org/agencies/275/search-rate
1600000US3728080,106,Greenville Police Department,2023,Asian,2334,99,0.042416452442159386,0.11798404304666481,-0.6404899226467182,0.3595100773532818,https://nccopwatch.org/agencies/106/search-rate
1600000US3756900,231,Roanoke Rapids Police Department,2023,Hispanic,976,29,0.02971311475409836,0.08288841430859584,-0.6415287347218923,0.3584712652781077,https://nccopwatch.org/agencies/231/search-rate
0500000US37167,257,Stanly County Sheriff's Office,2023,Other,1810,13,0.0071823204419889505,0.02011511421800004,-0.6429391171161315,0.3570608828838685,https://nccopwatch.org/agencies/257/search-rate
1600000US3756900,231,Roanoke Rapids Police Department,2023,Asian,170,5,0.029411764705882353,0.08288841430859584,-0.6451643459316093,0.3548356540683907,https://nccopwatch.org/agencies/231/search-rate
0500000US37023,35,Burke County Sheriff's Office,2023,Asian,2941,8,0.0027201632097925877,0.007745822276411103,-0.6488218922764994,0.35117810772350055,https://nccopwatch.org/agencies/35/search-rate
0500000US37135,209,Orange County Sheriff's Office,2023,Other,6370,18,0.00282574568288854,0.00812066144261162,-0.6520301082789908,0.34796989172100923,https://nccopwatch.org/agencies/209/search-rate
0500000US37149,224,Polk County Sheriff's Office,2023,Native American,34,1,0.029411764705882353,0.08520310041377703,-0.6548040556852016,0.3451959443147984,https://nccopwatch.org/agencies/224/search-rate
1600000US3720580,84,Elizabeth City Police Department,2023,Other,986,3,0.0030425963488843813,0.00886756796045937,-0.6568849133774483,0.34311508662255175,https://nccopwatch.org/agencies/84/search-rate
1600000US3737220,145,Laurinburg Police Department,2023,Hispanic,626,8,0.012779552715654952,0.0386,-0.6689235047757784,0.33107649522422156,https://nccopwatch.org/agencies/145/search-rate
1600000US3702080,11,Asheboro Police Department,2023,Asian,303,17,0.056105610561056105,0.17101890974579206,-0.6719332929647764,0.32806670703522356,https://nccopwatch.org/agencies/11/search-rate
1600000US3730720,115,Hendersonville Police Department,2023,Other,570,43,0.07543859649122807,0.23147140105518801,-0.6740910706578314,0.32590892934216864,https://nccopwatch.org/agencies/115/search-rate
0500000US37183,290,Wake County Sheriff's Office,2023,Other,50513,53,0.0010492348504345416,0.003220067386840678,-0.6741574866655251,0.3258425133344749,https://nccopwatch.org/agencies/290/search-rate
1600000US3764180,254,Spring Lake Police Department,2023,Native American,61,2,0.03278688524590164,0.10144927536231885,-0.6768149882903981,0.3231850117096019,https://nccopwatch.org/agencies/254/search-rate
1600000US3726880,101,Goldsboro Police Department,2023,Asian,597,10,0.01675041876046901,0.052104208416833664,-0.6785208091740755,0.32147919082592447,https://nccopwatch.org/agencies/101/search-rate
1600000US3714700,66,Cornelius Police Department,2023,Other,1563,48,0.030710172744721688,0.09592371690156896,-0.6798479694418578,0.32015203055814223,https://nccopwatch.org/agencies/66/search-rate
0500000US37135,209,Orange County Sheriff's Office,2023,Asian,11565,30,0.0025940337224383916,0.00812066144261162,-0.6805637396940729,0.3194362603059271,https://nccopwatch.org/agencies/209/search-rate
1600000US3776200,314,Youngsville Police Department,2023,Native American,9,1,0.1111111111111111,0.35461441213653605,-0.6866706278470984,0.3133293721529016,https://nccopwatch.org/agencies/314/search-rate
0500000US37097,129,Iredell County Sheriff's Office,2023,Asian,4832,16,0.0033112582781456954,0.010568575157464677,-0.6866882972576559,0.3133117027423441,https://nccopwatch.org/agencies/129/search-rate
1600000US3737220,145,Laurinburg Police Department,2023,Other,759,9,0.011857707509881422,0.0386,-0.6928055049253518,0.30719449507464824,https://nccopwatch.org/agencies/145/search-rate
1600000US3730720,115,Hendersonville Police Department,2023,Asian,183,13,0.07103825136612021,0.23147140105518801,-0.6931013894490443,0.3068986105509557,https://nccopwatch.org/agencies/115/search-rate
1600000US3766700,270,Tarboro Police Department,2023,Other,184,11,0.059782608695652176,0.1954132823698041,-0.6940709046454768,0.3059290953545232,https://nccopwatch.org/agencies/270/search-rate
1600000US3725480,96,Garner Police Department,2023,Other,1579,44,0.02786573780873971,0.09164300428706643,-0.695931642294791,0.304068357705209,https://nccopwatch.org/agencies/96/search-rate
1600000US3771100,294,Warrenton Police Department,2023,Native American,26,1,0.038461538461538464,0.1277533039647577,-0.6989389920424403,0.30106100795755975,https://nccopwatch.org/agencies/294/search-rate
1600000US3764740,261,Statesville Police Department,2023,Asian,631,28,0.044374009508716325,0.14762427904421863,-0.6994125234953746,0.30058747650462536,https://nccopwatch.org/agencies/261/search-rate
1600000US3723760,91,Fletcher Police Department,2023,Other,256,13,0.05078125,0.171824480369515,-0.7044585853494624,0.2955414146505376,https://nccopwatch.org/agencies/91/search-rate
0500000US37107,148,Lenoir County Sheriff's Office,2023,Other,1807,4,0.002213613724405091,0.00758495145631068,-0.7081571665744328,0.29184283342556716,https://nccopwatch.org/agencies/148/search-rate
0500000US37089,113,Henderson County Sheriff's Office,2023,Other,3449,34,0.009857929834734706,0.034127763079286506,-0.7111463235421406,0.2888536764578594,https://nccopwatch.org/agencies/113/search-rate
0500000US37071,97,Gaston County Police Department,2023,Asian,3685,28,0.007598371777476255,0.02637750614986553,-0.7119374464626941,0.2880625535373059,https://nccopwatch.org/agencies/97/search-rate
1600000US3730720,115,Hendersonville Police Department,2023,Native American,45,3,0.06666666666666667,0.23147140105518801,-0.7119874577906415,0.28801254220935846,https://nccopwatch.org/agencies/115/search-rate
0500000US37123,173,Montgomery County Sheriff's Office,2023,Other,871,4,0.004592422502870264,0.015989176557407295,-0.7127792987724101,0.2872207012275899,https://nccopwatch.org/agencies/173/search-rate
1600000US3767420,272,Thomasville Police Department,2023,Native American,82,1,0.012195121951219513,0.04259870431487593,-0.7137208244392343,0.28627917556076565,https://nccopwatch.org/agencies/272/search-rate
1600000US3728080,106,Greenville Police Department,2023,Other,3524,119,0.03376844494892168,0.11798404304666481,-0.7137880337295641,0.2862119662704359,https://nccopwatch.org/agencies/106/search-rate
1600000US3700680,3,Albemarle Police Department,2023,Other,464,11,0.023706896551724137,0.08283682490870652,-0.7138121049683975,0.28618789503160247,https://nccopwatch.org/agencies/3/search-rate
0500000US37089,113,Henderson County Sheriff's Office,2023,Native American,309,3,0.009708737864077669,0.034127763079286506,-0.7155178954588357,0.2844821045411643,https://nccopwatch.org/agencies/113/search-rate
0500000US37065,83,Edgecombe County Sheriff's Office,2023,Other,1309,5,0.0038197097020626434,0.01346389228886169,-0.7162997430377109,0.28370025696228907,https://nccopwatch.org/agencies/83/search-rate
0500000US37051,69,Cumberland County Sheriff's Office,2023,Other,23878,15,0.0006281933160231175,0.0022314732845091856,-0.7184849487627681,0.28151505123723186,https://nccopwatch.org/agencies/69/search-rate
0500000US37109,151,Lincoln County Sheriff's Office,2023,Other,2345,16,0.006823027718550106,0.024314322739235568,-0.719382366034818,0.280617633965182,https://nccopwatch.org/agencies/151/search-rate
1600000US3730120,111,Havelock Police Department,2023,Native American,29,2,0.06896551724137931,0.24607158446093408,-0.7197339246119734,0.2802660753880266,https://nccopwatch.org/agencies/111/search-rate
1600000US3752220,221,Pineville Police Department,2023,Other,1113,48,0.0431266846361186,0.15508684863523572,-0.7219191374663072,0.2780808625336928,https://nccopwatch.org/agencies/221/search-rate
1600000US3706500,27,Blowing Rock Police Department,2023,Other,29,11,0.3793103448275862,1.369289340101523,-0.7229874404780928,0.2770125595219072,https://nccopwatch.org/agencies/27/search-rate
1600000US3730120,111,Havelock Police Department,2023,Asian,632,43,0.0680379746835443,0.24607158446093408,-0.7235033259423503,0.27649667405764966,https://nccopwatch.org/agencies/111/search-rate
1600000US3738060,150,Lexington Police Department,2023,Asian,837,74,0.0884109916367981,0.3204146542584521,-0.7240731955864782,0.2759268044135218,https://nccopwatch.org/agencies/150/search-rate
0500000US37019,31,Brunswick County Sheriff's Office,2023,Other,6566,18,0.0027413950654888823,0.010115948887837197,-0.7290026772688651,0.27099732273113486,https://nccopwatch.org/agencies/31/search-rate
0500000US37125,175,Moore County Sheriff's Office,2023,Other,5429,6,0.0011051759071652237,0.004111905310890784,-0.7312253508761359,0.26877464912386406,https://nccopwatch.org/agencies/175/search-rate
0500000US37169,262,Stokes County Sheriff's Office,2023,Other,1409,4,0.0028388928317956,0.010618720779866706,-0.7326520876998485,0.26734791230015154,https://nccopwatch.org/agencies/262/search-rate
0500000US37109,151,Lincoln County Sheriff's Office,2023,Native American,155,1,0.0064516129032258064,0.024314322739235568,-0.7346579227224389,0.2653420772775611,https://nccopwatch.org/agencies/151/search-rate
1600000US3709060,36,Burlington Police Department,2023,Native American,135,4,0.02962962962962963,0.11282501622694818,-0.7373842200914958,0.26261577990850415,https://nccopwatch.org/agencies/36/search-rate
0500000US37115,156,Madison County Sheriff's Office,2023,Asian,94,1,0.010638297872340425,0.040621688449311195,-0.7381128584643848,0.2618871415356152,https://nccopwatch.org/agencies/156/search-rate
1600000US3774540,308,Wilson Police Department,2023,Other,1439,60,0.04169562195969423,0.15956940644700845,-0.7386991473610516,0.2613008526389484,https://nccopwatch.org/agencies/308/search-rate
1600000US3727280,102,Graham Police Department,2023,Other,782,38,0.04859335038363171,0.19200088632838466,-0.7469108017526487,0.2530891982473513,https://nccopwatch.org/agencies/102/search-rate
1600000US3711800,51,Chapel Hill Police Department,2023,Other,2635,46,0.0174573055028463,0.06902691945113648,-0.7470942403100552,0.2529057596899448,https://nccopwatch.org/agencies/51/search-rate
1600000US3709360,37,Butner Public Safety,2023,Other,307,15,0.048859934853420196,0.19380530973451326,-0.7478916603453661,0.25210833965463386,https://nccopwatch.org/agencies/37/search-rate
0500000US37003,4,Alexander County Sheriff's Office,2023,Other,1364,1,0.0007331378299120235,0.002910882221227049,-0.7481389578163771,0.25186104218362293,https://nccopwatch.org/agencies/4/search-rate
1600000US3710740,46,Cary Police Department,2023,Other,8532,108,0.012658227848101266,0.05092813874771989,-0.7514492349542622,0.2485507650457378,https://nccopwatch.org/agencies/46/search-rate
0500000US37071,98,Gaston County Sheriff's Office,2023,Other,8832,3,0.00033967391304347825,0.0013765502122181578,-0.7532426278180354,0.24675737218196458,https://nccopwatch.org/agencies/98/search-rate
1600000US3735880,139,Kings Mountain Police Department,2023,Asian,314,7,0.022292993630573247,0.09104684934966537,-0.7551481046317483,0.2448518953682517,https://nccopwatch.org/agencies/139/search-rate
1600000US3744800,179,Mount Airy Police Department,2023,Asian,237,4,0.016877637130801686,0.0689849836287682,-0.7553433190384442,0.2446566809615558,https://nccopwatch.org/agencies/179/search-rate
0500000US37177,277,Tyrrell County Sheriff's Office,2023,Black,1097,110,0.10027347310847767,0.4100327153762268,-0.7554500669136329,0.24454993308636708,https://nccopwatch.org/agencies/277/search-rate
1600000US3732260,124,Holly Springs Police Department,2023,Other,2059,82,0.0398251578436134,0.1640860148322835,-0.75729096788462,0.24270903211537997,https://nccopwatch.org/agencies/124/search-rate
0500000US37145,216,Person County Sheriff's Office,2023,Other,1321,3,0.002271006813020439,0.009397239806550545,-0.7583325678847329,0.2416674321152671,https://nccopwatch.org/agencies/216/search-rate
0500000US37005,5,Alleghany County Sheriff's Office,2023,Other,252,1,0.003968253968253968,0.016456921587608905,-0.7588702147525677,0.24112978524743234,https://nccopwatch.org/agencies/5/search-rate
1600000US3763120,253,Southern Pines Police Department,2023,Other,900,13,0.014444444444444444,0.0599291975724882,-0.7589748398187217,0.2410251601812783,https://nccopwatch.org/agencies/253/search-rate
1600000US3746340,198,New Bern Police Department,2023,Native American,86,3,0.03488372093023256,0.14729689807976365,-0.7631740967732907,0.23682590322670927,https://nccopwatch.org/agencies/198/search-rate
0500000US37061,78,Duplin County Sheriff's Office,2023,Other,1516,2,0.0013192612137203166,0.005581432701574044,-0.7636339477230881,0.23636605227691188,https://nccopwatch.org/agencies/78/search-rate
1600000US3762520,252,Smithfield Police Department,2023,Other,119,3,0.025210084033613446,0.10692529656941327,-0.7642271301324128,0.23577286986758716,https://nccopwatch.org/agencies/252/search-rate
1600000US3735600,138,Kernersville Police Department,2023,Other,682,26,0.03812316715542522,0.16253128740885842,-0.7654410559148294,0.23455894408517064,https://nccopwatch.org/agencies/138/search-rate
1600000US3723760,91,Fletcher Police Department,2023,Asian,275,11,0.04,0.171824480369515,-0.7672043010752687,0.2327956989247313,https://nccopwatch.org/agencies/91/search-rate
1600000US3735880,139,Kings Mountain Police Department,2023,Other,378,8,0.021164021164021163,0.09104684934966537,-0.7675480116534208,0.2324519883465792,https://nccopwatch.org/agencies/139/search-rate
0500000US37069,94,Franklin County Sheriff's Office,2023,Other,3149,6,0.001905366783105748,0.008230639807193851,-0.7685031992968038,0.23149680070319623,https://nccopwatch.org/agencies/94/search-rate
0500000US37059,74,Davie County Sheriff's Office,2023,Other,1950,14,0.0071794871794871795,0.03162000278590333,-0.7729447644866146,0.22705523551338536,https://nccopwatch.org/agencies/74/search-rate
1600000US3762520,252,Smithfield Police Department,2023,Asian,207,5,0.024154589371980676,0.10692529656941327,-0.7740984580173682,0.2259015419826318,https://nccopwatch.org/agencies/252/search-rate
0500000US37073,100,Gates County Sheriff's Office,2023,Other,309,2,0.006472491909385114,0.02887377173091459,-0.7758349006252224,0.22416509937477758,https://nccopwatch.org/agencies/100/search-rate
0500000US37027,39,Caldwell County Sheriff's Office,2023,Other,2624,2,0.0007621951219512195,0.003417070875262434,-0.7769448894171146,0.2230551105828854,https://nccopwatch.org/agencies/39/search-rate
0500000US37191,299,Wayne County Sheriff's Office,2023,Other,5060,2,0.0003952569169960474,0.001782234288855206,-0.7782239296664328,0.22177607033356717,https://nccopwatch.org/agencies/299/search-rate
0500000US37029,40,Camden County Sheriff's Office,2023,Other,869,29,0.0333716915995397,0.15050839441948452,-0.7782735525931604,0.22172644740683956,https://nccopwatch.org/agencies/40/search-rate
1600000US3712720,57,Claremont Police Department,2023,Other,83,2,0.024096385542168676,0.10936555891238671,-0.7796711708713305,0.22032882912866947,https://nccopwatch.org/agencies/57/search-rate
1600000US3761200,250,Shelby Police Department,2023,Native American,91,1,0.01098901098901099,0.05065487032700147,-0.7830611169652265,0.2169388830347735,https://nccopwatch.org/agencies/250/search-rate
1600000US3734200,131,Jacksonville Police Department,2023,Native American,460,4,0.008695652173913044,0.04019903424271393,-0.7836850477200424,0.21631495227995756,https://nccopwatch.org/agencies/131/search-rate
0500000US37171,267,Surry County Sheriff's Office,2023,Asian,454,1,0.0022026431718061676,0.010402719126583582,-0.7882627469795438,0.2117372530204562,https://nccopwatch.org/agencies/267/search-rate
1600000US3728000,105,Greensboro Police Department,2023,Other,14481,101,0.006974656446378013,0.032953161137691776,-0.7883463617576764,0.21165363824232364,https://nccopwatch.org/agencies/105/search-rate
1600000US3757500,236,Rocky Mount Police Department,2023,Other,2135,26,0.012177985948477752,0.058144931379699,-0.7905580820286318,0.20944191797136824,https://nccopwatch.org/agencies/236/search-rate
1600000US3746340,198,New Bern Police Department,2023,Other,1751,54,0.03083952027412907,0.14729689807976365,-0.7906302123386946,0.20936978766130543,https://nccopwatch.org/agencies/198/search-rate
1600000US3765530,264,Sugar Mountain Police Department,2023,Asian,29,1,0.034482758620689655,0.16666666666666666,-0.7931034482758621,0.2068965517241379,https://nccopwatch.org/agencies/264/search-rate
0500000US37157,235,Rockingham County Sheriff's Office,2023,Other,4390,3,0.000683371298405467,0.0033137707304232026,-0.7937783407489409,0.20622165925105906,https://nccopwatch.org/agencies/235/search-rate
0500000US37105,146,Lee County Sheriff's Office,2023,Asian,694,4,0.005763688760806916,0.028023517775701962,-0.7943267220432841,0.20567327795671586,https://nccopwatch.org/agencies/146/search-rate
1600000US3742240,167,Mebane Police Department,2023,Asian,826,35,0.0423728813559322,0.20652173913043478,-0.7948260481712757,0.20517395182872433,https://nccopwatch.org/agencies/167/search-rate
1600000US3702080,11,Asheboro Police Department,2023,Other,1144,40,0.03496503496503497,0.17101890974579206,-0.7955487202145768,0.2044512797854232,https://nccopwatch.org/agencies/11/search-rate
1600000US3738320,152,Lincolnton Police Department,2023,Other,504,3,0.005952380952380952,0.02964071856287425,-0.7991822991822992,0.20081770081770078,https://nccopwatch.org/agencies/152/search-rate
1600000US3737760,149,Lenoir Police Department,2023,Native American,23,1,0.043478260869565216,0.2208287895310796,-0.803113258185722,0.196886741814278,https://nccopwatch.org/agencies/149/search-rate
1600000US3716400,73,Davidson Police Department,2023,Other,785,23,0.02929936305732484,0.1490667127549257,-0.8034479830148621,0.1965520169851379,https://nccopwatch.org/agencies/73/search-rate
0500000US37085,110,Harnett County Sheriff's Office,2023,Other,6267,11,0.0017552257858624541,0.008948323432179165,-0.8038486428026878,0.19615135719731225,https://nccopwatch.org/agencies/110/search-rate
1600000US3725580,99,Gastonia Police Department,2023,Other,4067,42,0.010327022375215147,0.05305096402399981,-0.805337705634467,0.19466229436553295,https://nccopwatch.org/agencies/99/search-rate
1600000US3751820,217,Pilot Mountain Police Department,2023,Other,64,6,0.09375,0.4828551434569629,-0.8058423913043479,0.19415760869565213,https://nccopwatch.org/agencies/217/search-rate
0500000US37147,222,Pitt County Sheriff's Office,2023,Other,6152,7,0.0011378413524057217,0.005877226306733111,-0.8063982407650052,0.19360175923499479,https://nccopwatch.org/agencies/222/search-rate
0500000US37195,307,Wilson County Sheriff's Office,2023,Asian,805,1,0.0012422360248447205,0.006645650506943853,-0.8130753304666348,0.18692466953336517,https://nccopwatch.org/agencies/307/search-rate
1600000US3713980,63,Columbus Police Department,2023,Other,65,22,0.3384615384615385,1.8247549019607843,-0.8145167123004597,0.18548328769954026,https://nccopwatch.org/agencies/63/search-rate
0500000US37133,208,Onslow County Sheriff's Office,2023,Other,14841,83,0.00559261505289401,0.030770710486012976,-0.8182487513430614,0.1817512486569386,https://nccopwatch.org/agencies/208/search-rate
0500000US37149,224,Polk County Sheriff's Office,2023,Other,399,6,0.015037593984962405,0.08520310041377703,-0.8235088405007046,0.1764911594992954,https://nccopwatch.org/agencies/224/search-rate
0500000US37199,313,Yancey County Sheriff's Office,2023,Other,369,1,0.0027100271002710027,0.015482054890921885,-0.8249568859324957,0.17504311406750428,https://nccopwatch.org/agencies/313/search-rate
1600000US3735920,140,Kinston Police Department,2023,Native American,32,2,0.0625,0.3588210166595472,-0.8258184523809524,0.17418154761904758,https://nccopwatch.org/agencies/140/search-rate
0500000US37013,20,Beaufort County Sheriff's Office,2023,Other,1300,5,0.0038461538461538464,0.02282579246816581,-0.8314996576124173,0.1685003423875827,https://nccopwatch.org/agencies/20/search-rate
1600000US3745660,183,Murphy Police Department,2023,Native American,21,1,0.047619047619047616,0.283210332103321,-0.8318597797425159,0.1681402202574841,https://nccopwatch.org/agencies/183/search-rate
0500000US37053,70,Currituck County Sheriff's Office,2023,Other,1331,62,0.04658151765589782,0.27771776097307244,-0.8322702966757162,0.16772970332428383,https://nccopwatch.org/agencies/70/search-rate
1600000US3775000,309,Winston-Salem Police Department,2023,Other,9991,40,0.004003603242918627,0.0244178774392952,-0.8360380318530181,0.16396196814698194,https://nccopwatch.org/agencies/309/search-rate
1600000US3702500,15,Atlantic Beach Police Department,2023,Other,117,4,0.03418803418803419,0.210727969348659,-0.8377622377622378,0.1622377622377622,https://nccopwatch.org/agencies/15/search-rate
0500000US37081,107,Guilford County Sheriff's Office,2023,Other,24370,61,0.0025030775543701273,0.01601163910897902,-0.8436713732220926,0.15632862677790738,https://nccopwatch.org/agencies/107/search-rate
0500000US37133,208,Onslow County Sheriff's Office,2023,Native American,1267,6,0.004735595895816891,0.030770710486012976,-0.8461005345336603,0.1538994654663397,https://nccopwatch.org/agencies/208/search-rate
0500000US37045,60,Cleveland County Sheriff's Office,2023,Asian,910,2,0.002197802197802198,0.014649851673766643,-0.849977853240809,0.150022146759191,https://nccopwatch.org/agencies/60/search-rate
0500000US37039,54,Cherokee County Sheriff's Office,2023,Other,811,3,0.0036991368680641184,0.024937276666920093,-0.8516623560193678,0.1483376439806322,https://nccopwatch.org/agencies/54/search-rate
1600000US3735920,140,Kinston Police Department,2023,Asian,301,16,0.053156146179401995,0.3588210166595472,-0.851858883088119,0.14814111691188103,https://nccopwatch.org/agencies/140/search-rate
1600000US3701520,8,Apex Police Department,2023,Other,3237,43,0.013283904850169911,0.09210280809777031,-0.8557709029233008,0.14422909707669918,https://nccopwatch.org/agencies/8/search-rate
1600000US3744220,176,Mooresville Police Department,2023,Other,2548,56,0.02197802197802198,0.1584692126153186,-0.8613104614120014,0.1386895385879986,https://nccopwatch.org/agencies/176/search-rate
1600000US3759280,245,Sanford Police Department,2023,Other,1155,6,0.005194805194805195,0.03756201275690999,-0.861700563587356,0.13829943641264397,https://nccopwatch.org/agencies/245/search-rate
1600000US3776220,315,Zebulon Police Department,2023,Other,374,16,0.0427807486631016,0.31025248661055854,-0.862109892718437,0.13789010728156303,https://nccopwatch.org/agencies/315/search-rate
1600000US3740560,157,Madison Police Department,2023,Other,56,2,0.03571428571428571,0.25933756166314303,-0.8622864906832298,0.13771350931677018,https://nccopwatch.org/agencies/157/search-rate
1600000US3742240,167,Mebane Police Department,2023,Other,1448,41,0.028314917127071824,0.20652173913043478,-0.862896190753126,0.13710380924687404,https://nccopwatch.org/agencies/167/search-rate
1600000US3731400,119,High Point Police Department,2023,Other,4335,91,0.0209919261822376,0.15341125523767518,-0.8631656709299752,0.1368343290700248,https://nccopwatch.org/agencies/119/search-rate
0500000US37101,132,Johnston County Sheriff's Office,2023,Other,7928,13,0.001639757820383451,0.012740108818830021,-0.8712916943095596,0.12870830569044045,https://nccopwatch.org/agencies/132/search-rate
0500000US37195,307,Wilson County Sheriff's Office,2023,Other,2382,2,0.0008396305625524769,0.006645650506943853,-0.8736571293246356,0.12634287067536443,https://nccopwatch.org/agencies/307/search-rate
1600000US3744520,178,Morrisville Police Department,2023,Other,1836,47,0.02559912854030501,0.20325051373061834,-0.8740513464372677,0.12594865356273233,https://nccopwatch.org/agencies/178/search-rate
1600000US3702140,13,Asheville Police Department,2023,Other,3215,32,0.009953343701399688,0.07972572726903883,-0.8751551846267693,0.12484481537323067,https://nccopwatch.org/agencies/13/search-rate
0500000US37035,50,Catawba County Sheriff's Office,2023,Other,6856,12,0.001750291715285881,0.015614502096391486,-0.887906018105414,0.11209398189458597,https://nccopwatch.org/agencies/50/search-rate
0500000US37021,32,Buncombe County Sheriff's Office,2023,Other,10508,5,0.000475827940616673,0.00430749440614554,-0.8895348674306333,0.11046513256936674,https://nccopwatch.org/agencies/32/search-rate
1600000US3713980,63,Columbus Police Department,2023,Native American,15,3,0.2,1.8247549019607843,-0.8903962390866353,0.10960376091336466,https://nccopwatch.org/agencies/63/search-rate
1600000US3764180,254,Spring Lake Police Department,2023,Other,1354,15,0.011078286558345642,0.10144927536231885,-0.8907997467820216,0.10920025321797844,https://nccopwatch.org/agencies/254/search-rate
1600000US3772540,302,West Jefferson Police Department,2023,Other,47,1,0.02127659574468085,0.19504876219054765,-0.8909165302782324,0.10908346972176763,https://nccopwatch.org/agencies/302/search-rate
1600000US3764260,255,Spruce Pine Police Department,2023,Other,87,2,0.022988505747126436,0.218639798488665,-0.8948567191058848,0.10514328089411518,https://nccopwatch.org/agencies/255/search-rate
0500000US37049,67,Craven County Sheriff's Office,2023,Other,4846,13,0.002682624845233182,0.025643770261178055,-0.8953888286351406,0.10461117136485942,https://nccopwatch.org/agencies/67/search-rate
1600000US3734200,131,Jacksonville Police Department,2023,Other,5060,21,0.004150197628458498,0.04019903424271393,-0.8967587727754747,0.10324122722452533,https://nccopwatch.org/agencies/131/search-rate
1600000US3709360,37,Butner Public Safety,2023,Native American,50,1,0.02,0.19380530973451326,-0.8968036529680365,0.10319634703196345,https://nccopwatch.org/agencies/37/search-rate
0500000US37031,45,Carteret County Sheriff's Office,2023,Other,3087,1,0.00032393909944930353,0.003169572107765452,-0.8977972141237448,0.1022027858762552,https://nccopwatch.org/agencies/45/search-rate
1600000US3747845,204,North Topsail Beach Police Department,2023,Other,31,1,0.03225806451612903,0.31789137380191695,-0.8985248824769005,0.10147511752309946,https://nccopwatch.org/agencies/204/search-rate
1600000US3709060,36,Burlington Police Department,2023,Other,2399,27,0.011254689453939141,0.11282501622694818,-0.9002465071106192,0.09975349288938085,https://nccopwatch.org/agencies/36/search-rate
1600000US3730120,111,Havelock Police Department,2023,Other,1187,29,0.02443133951137321,0.24607158446093408,-0.9007145032007875,0.0992854967992125,https://nccopwatch.org/agencies/111/search-rate
0500000US37063,79,Durham County Sheriff's Office,2023,Other,15189,13,0.0008558825465797617,0.008672738065935975,-0.901313456018991,0.09868654398100896,https://nccopwatch.org/agencies/79/search-rate
0500000US37161,240,Rutherford County Sheriff's Office,2023,Other,3008,4,0.0013297872340425532,0.013492199228474241,-0.9014402906802517,0.09855970931974833,https://nccopwatch.org/agencies/240/search-rate
0500000US37023,35,Burke County Sheriff's Office,2023,Other,2676,2,0.0007473841554559044,0.007745822276411103,-0.9035113214859104,0.0964886785140896,https://nccopwatch.org/agencies/35/search-rate
1600000US3741580,160,Marshall Police Department,2023,Other,88,2,0.022727272727272728,0.23695345557122707,-0.9040854978354979,0.09591450216450215,https://nccopwatch.org/agencies/160/search-rate
0500000US37139,212,Pasquotank County Sheriff's Office,2023,Other,1784,2,0.0011210762331838565,0.01199051700556214,-0.9065030946819213,0.09349690531807875,https://nccopwatch.org/agencies/212/search-rate
0500000US37097,129,Iredell County Sheriff's Office,2023,Other,7093,7,0.000986888481601579,0.010568575157464677,-0.9066204794026059,0.09337952059739407,https://nccopwatch.org/agencies/129/search-rate
0500000US37033,49,Caswell County Sheriff's Office,2023,Other,790,1,0.0012658227848101266,0.013586354574318836,-0.9068313153549807,0.09316868464501926,https://nccopwatch.org/agencies/49/search-rate
1600000US3744900,180,Mount Gilead Police Department,2023,Asian,139,8,0.05755395683453238,0.6200607902735562,-0.9071801382423473,0.09281986175765267,https://nccopwatch.org/agencies/180/search-rate
0500000US37025,38,Cabarrus County Sheriff's Office,2023,Other,11595,52,0.0044846916774471755,0.048760379247394146,-0.9080259065522579,0.0919740934477421,https://nccopwatch.org/agencies/38/search-rate
1600000US3752140,220,Pinetops Police Department,2023,Other,42,1,0.023809523809523808,0.2593984962406015,-0.9082125603864735,0.09178743961352653,https://nccopwatch.org/agencies/220/search-rate
1600000US3722920,89,Fayetteville Police Department,2023,Other,15546,201,0.012929370899266693,0.14218769268713774,-0.9090682839356864,0.0909317160643136,https://nccopwatch.org/agencies/89/search-rate
1600000US3710620,44,Carrboro Police Department,2023,Other,795,2,0.0025157232704402514,0.027839314724560627,-0.9096341524448226,0.0903658475551774,https://nccopwatch.org/agencies/44/search-rate
0500000US37175,274,Transylvania County Sheriff's Office,2023,Other,813,1,0.0012300123001230013,0.013874211692517471,-0.9113454279505939,0.08865457204940608,https://nccopwatch.org/agencies/274/search-rate
1600000US3774440,306,Wilmington Police Department,2023,Other,5807,39,0.006716032374720166,0.07741040183419814,-0.9132412154492502,0.08675878455074981,https://nccopwatch.org/agencies/306/search-rate
1600000US3719000,80,Durham Police Department,2023,Other,13940,34,0.0024390243902439024,0.02840320744867483,-0.9141285576760558,0.08587144232394417,https://nccopwatch.org/agencies/80/search-rate
1600000US3772540,302,West Jefferson Police Department,2023,Black,125,2,0.016,0.19504876219054765,-0.9179692307692309,0.08203076923076913,https://nccopwatch.org/agencies/302/search-rate
1600000US3771460,298,Waxhaw Police Department,2023,Other,1110,10,0.009009009009009009,0.110348576476184,-0.918358629565526,0.08164137043447395,https://nccopwatch.org/agencies/298/search-rate
0500000US37071,97,Gaston County Police Department,2023,Other,8832,19,0.002151268115942029,0.02637750614986553,-0.9184430816272222,0.08155691837277779,https://nccopwatch.org/agencies/97/search-rate
0500000US37177,277,Tyrrell County Sheriff's Office,2023,Hispanic,337,11,0.032640949554896145,0.4100327153762268,-0.9203942799419155,0.07960572005808453,https://nccopwatch.org/agencies/277/search-rate
1600000US3736500,144,Lake Lure Police Department,2023,Other,143,2,0.013986013986013986,0.17766911165444174,-0.9212805543080773,0.07871944569192268,https://nccopwatch.org/agencies/144/search-rate
1600000US3747880,205,North Wilkesboro Police Department,2023,Other,332,1,0.0030120481927710845,0.03968253968253968,-0.9240963855421686,0.07590361445783145,https://nccopwatch.org/agencies/205/search-rate
1600000US3731060,117,Hickory Police Department,2023,Other,1914,17,0.008881922675026124,0.1307284815302023,-0.9320582433830679,0.06794175661693214,https://nccopwatch.org/agencies/117/search-rate
0500000US37115,156,Madison County Sheriff's Office,2023,Other,740,2,0.002702702702702703,0.040621688449311195,-0.9334665099882491,0.0665334900117509,https://nccopwatch.org/agencies/156/search-rate
1600000US3737760,149,Lenoir Police Department,2023,Other,477,7,0.014675052410901468,0.2208287895310796,-0.9335455651318684,0.06645443486813163,https://nccopwatch.org/agencies/149/search-rate
1600000US3744800,179,Mount Airy Police Department,2023,Other,220,1,0.004545454545454545,0.0689849836287682,-0.9341095075137628,0.06589049248623724,https://nccopwatch.org/agencies/179/search-rate
0500000US37171,267,Surry County Sheriff's Office,2023,Other,1460,1,0.0006849315068493151,0.010402719126583582,-0.9341584158415841,0.0658415841584159,https://nccopwatch.org/agencies/267/search-rate
0500000US37067,92,Forsyth County Sheriff's Office,2023,Other,14605,17,0.0011639849366655256,0.017752241697725137,-0.9344316646604307,0.0655683353395693,https://nccopwatch.org/agencies/92/search-rate
0500000US37079,104,Greene County Sheriff's Office,2023,Other,1386,1,0.0007215007215007215,0.0112,-0.9355802927231498,0.0644197072768502,https://nccopwatch.org/agencies/104/search-rate
1600000US3766500,269,Sylva Police Department,2023,Other,113,1,0.008849557522123894,0.13907628437986508,-0.9363690397569673,0.06363096024303272,https://nccopwatch.org/agencies/269/search-rate
1600000US3758860,242,Salisbury Police Department,2023,Other,1279,4,0.003127443315089914,0.05340406719717065,-0.9414381061363131,0.05856189386368693,https://nccopwatch.org/agencies/242/search-rate
0500000US37045,60,Cleveland County Sheriff's Office,2023,Other,5103,4,0.0007838526357044876,0.014649851673766643,-0.946494158906187,0.053505841093812956,https://nccopwatch.org/agencies/60/search-rate
1600000US3735200,135,Kannapolis Police Department,2023,Other,3358,27,0.008040500297796307,0.15080190314144373,-0.9466817054009273,0.05331829459907267,https://nccopwatch.org/agencies/135/search-rate
0500000US37057,72,Davidson County Sheriff's Office,2023,Other,6538,1,0.00015295197308045274,0.002967810668898866,-0.9484630287628146,0.05153697123718537,https://nccopwatch.org/agencies/72/search-rate
0500000US37197,312,Yadkin County Sheriff's Office,2023,Other,1092,1,0.0009157509157509158,0.017934446505875078,-0.9489389920424403,0.051061007957559745,https://nccopwatch.org/agencies/312/search-rate
1600000US3714100,64,Concord Police Department,2023,Other,4941,59,0.011940902651285164,0.24656931092683643,-0.9515718213008741,0.04842817869912586,https://nccopwatch.org/agencies/64/search-rate
1600000US3743920,172,Monroe Police Department,2023,Other,1418,7,0.004936530324400564,0.1044529598308668,-0.9527392011447647,0.047260798855235264,https://nccopwatch.org/agencies/172/search-rate
1600000US3726880,101,Goldsboro Police Department,2023,Other,1705,4,0.002346041055718475,0.052104208416833664,-0.9549740581998646,0.045025941800135416,https://nccopwatch.org/agencies/101/search-rate
0500000US37129,199,New Hanover County Sheriff's Office,2023,Other,10681,7,0.0006553693474393783,0.015054655194259189,-0.9564673292757119,0.043532670724288125,https://nccopwatch.org/agencies/199/search-rate
1600000US3714340,65,Conover Police Department,2023,Other,263,2,0.0076045627376425855,0.17845381840991062,-0.9573863826204334,0.04261361737956659,https://nccopwatch.org/agencies/65/search-rate
1600000US3712860,59,Clayton Police Department,2023,Other,1278,8,0.006259780907668232,0.14730058525678963,-0.9575033534540577,0.04249664654594232,https://nccopwatch.org/agencies/59/search-rate
1600000US3744400,177,Morganton Police Department,2023,Other,655,11,0.016793893129770993,0.4721123417721519,-0.9644281844725086,0.035571815527491446,https://nccopwatch.org/agencies/177/search-rate
1600000US3735920,140,Kinston Police Department,2023,Other,1130,11,0.009734513274336283,0.3588210166595472,-0.9728708386009272,0.027129161399072843,https://nccopwatch.org/agencies/140/search-rate
1600000US3761200,250,Shelby Police Department,2023,Other,1965,2,0.0010178117048346056,0.05065487032700147,-0.979906932970825,0.020093067029175016,https://nccopwatch.org/agencies/250/search-rate
0500000US37055,71,Dare County Sheriff's Office,2023,Other,1304,3,0.0023006134969325155,0.11704960673809377,-0.9803449702989581,0.019655029701041937,https://nccopwatch.org/agencies/71/search-rate
1600000US3747000,201,Newton Police Department,2023,Other,939,2,0.002129925452609159,0.19778615740177594,-0.9892311702669743,0.010768829733025731,https://nccopwatch.org/agencies/201/search-rate
1600000US3755900,228,Reidsville Police Department,2023,Other,1447,3,0.002073255010366275,0.23607873607873608,-0.9912179510751242,0.008782048924875774,https://nccopwatch.org/agencies/228/search-rate
1600000US3764740,261,Statesville Police Department,2023,Other,994,1,0.001006036217303823,0.14762427904421863,-0.993185157456366,0.006814842543633959,https://nccopwatch.org/agencies/261/search-rate
0500000US37001,2,Alamance County Sheriff's Office,2023,Other,7444,1,0.00013433637829124128,0.019867741189172516,-0.9932384674728675,0.006761532527132519,https://nccopwatch.org/agencies/2/search-rate
