census_profile_id,agency_id,agency_name,driver_race,population,total_population,stops,stop_rate,baseline_rate,stop_rate_ratio,times_likely,agency_name_race,url
1600000US3703500,19,Banner Elk Police Department,Native American,0,1236,1,,0.1831831831831832,,,Banner Elk Police Department - Native American,https://nccopwatch.org/agencies/19/search-rate
1600000US3733460,128,Indian Beach Police Department,Asian,0,179,2,,0.9428571428571428,,,Indian Beach Police Department - Asian,https://nccopwatch.org/agencies/128/search-rate
1600000US3733460,128,Indian Beach Police Department,Native American,0,179,2,,0.9428571428571428,,,Indian Beach Police Department - Native American,https://nccopwatch.org/agencies/128/search-rate
1600000US3747845,204,North Topsail Beach Police Department,Native American,0,969,2,,0.7280898876404495,,,North Topsail Beach Police Department - Native American,https://nccopwatch.org/agencies/204/search-rate
1600000US3748700,206,Ocean Isle Beach Police Department,Black,0,783,22,,0.4879679144385027,,,Ocean Isle Beach Police Department - Black,https://nccopwatch.org/agencies/206/search-rate
1600000US3748920,207,Old Fort Police Department,Asian,0,954,4,,0.6984687868080094,,,Old Fort Police Department - Asian,https://nccopwatch.org/agencies/207/search-rate
1600000US3710120,42,Candor Police Department,Asian,0,984,5,,0.47757255936675463,,,Candor Police Department - Asian,https://nccopwatch.org/agencies/42/search-rate
1600000US3705880,24,Biltmore Forest Police Department,Native American,0,1552,2,,0.13075383589059372,,,Biltmore Forest Police Department - Native American,https://nccopwatch.org/agencies/24/search-rate
1600000US3752140,220,Pinetops Police Department,Asian,0,1274,2,,0.36147186147186144,,,Pinetops Police Department - Asian,https://nccopwatch.org/agencies/220/search-rate
1600000US3752140,220,Pinetops Police Department,Native American,0,1274,3,,0.36147186147186144,,,Pinetops Police Department - Native American,https://nccopwatch.org/agencies/220/search-rate
1600000US3757000,232,Robbins Police Department,Native American,0,1366,1,,0.26,,,Robbins Police Department - Native American,https://nccopwatch.org/agencies/232/search-rate
1600000US3768040,273,Topsail Beach Police Department,Black,0,404,19,,0.9273182957393483,,,Topsail Beach Police Department - Black,https://nccopwatch.org/agencies/273/search-rate
1600000US3768040,273,Topsail Beach Police Department,Asian,0,404,6,,0.9273182957393483,,,Topsail Beach Police Department - Asian,https://nccopwatch.org/agencies/273/search-rate
1600000US3705880,24,Biltmore Forest Police Department,Black,0,1552,36,,0.13075383589059372,,,Biltmore Forest Police Department - Black,https://nccopwatch.org/agencies/24/search-rate
1600000US3703150,18,Bald Head Island Police Department,Native American,0,168,1,,0.8719512195121951,,,Bald Head Island Police Department - Native American,https://nccopwatch.org/agencies/18/search-rate
1600000US3760080,336,Seagrove Police Department,Asian,0,296,1,,0.4664310954063604,,,Seagrove Police Department - Asian,https://nccopwatch.org/agencies/336/search-rate
1600000US3760080,336,Seagrove Police Department,Native American,0,296,1,,0.4664310954063604,,,Seagrove Police Department - Native American,https://nccopwatch.org/agencies/336/search-rate
1600000US3765530,264,Sugar Mountain Police Department,Black,0,495,4,,0.2288135593220339,,,Sugar Mountain Police Department - Black,https://nccopwatch.org/agencies/264/search-rate
1600000US3703150,18,Bald Head Island Police Department,Other,0,168,2,,0.8719512195121951,,,Bald Head Island Police Department - Other,https://nccopwatch.org/agencies/18/search-rate
1600000US3703150,18,Bald Head Island Police Department,Asian,0,168,1,,0.8719512195121951,,,Bald Head Island Police Department - Asian,https://nccopwatch.org/agencies/18/search-rate
1600000US3764560,258,Stantonsburg Police Department,Asian,0,718,2,,0.1416184971098266,,,Stantonsburg Police Department - Asian,https://nccopwatch.org/agencies/258/search-rate
1600000US3764160,322,Spring Hope Police Department,Asian,0,1379,2,,0.30560271646859083,,,Spring Hope Police Department - Asian,https://nccopwatch.org/agencies/322/search-rate
1600000US3703150,18,Bald Head Island Police Department,Black,0,168,3,,0.8719512195121951,,,Bald Head Island Police Department - Black,https://nccopwatch.org/agencies/18/search-rate
1600000US3733460,128,Indian Beach Police Department,Other,0,179,5,,0.9428571428571428,,,Indian Beach Police Department - Other,https://nccopwatch.org/agencies/128/search-rate
1600000US3734840,134,Jonesville Police Department,Native American,0,2506,1,,0.3573752711496746,,,Jonesville Police Department - Native American,https://nccopwatch.org/agencies/134/search-rate
1600000US3731360,118,Highlands Police Department,Native American,0,1099,1,,0.22076612903225806,,,Highlands Police Department - Native American,https://nccopwatch.org/agencies/118/search-rate
1600000US3722360,88,Fairmont Department of Public Safety,Asian,0,2612,2,,0.12364760432766615,,,Fairmont Department of Public Safety - Asian,https://nccopwatch.org/agencies/88/search-rate
1600000US3721360,87,Enfield Police Department,Asian,0,2426,3,,0.20434782608695654,,,Enfield Police Department - Asian,https://nccopwatch.org/agencies/87/search-rate
1600000US3742700,169,Middlesex Police Department,Asian,0,983,2,,0.234,,,Middlesex Police Department - Asian,https://nccopwatch.org/agencies/169/search-rate
1600000US3743580,288,Village of Misenheimer Police Department,Native American,0,720,2,,0.7313432835820896,,,Village of Misenheimer Police Department - Native American,https://nccopwatch.org/agencies/288/search-rate
1600000US3771780,300,Weldon Police Department,Asian,0,1666,2,,0.2975609756097561,,,Weldon Police Department - Asian,https://nccopwatch.org/agencies/300/search-rate
1600000US3718060,76,Duck Police Department,Native American,0,535,2,,1.1547388781431334,,,Duck Police Department - Native American,https://nccopwatch.org/agencies/76/search-rate
1600000US3745640,182,Murfreesboro Police Department,Native American,0,2846,2,,0.060955518945634266,,,Murfreesboro Police Department - Native American,https://nccopwatch.org/agencies/182/search-rate
1600000US3745880,184,Nags Head Police Department,Native American,0,2913,5,,0.5875856816450876,,,Nags Head Police Department - Native American,https://nccopwatch.org/agencies/184/search-rate
1600000US3713000,61,Cleveland Police Department,Native American,0,985,2,,0.2797427652733119,,,Cleveland Police Department - Native American,https://nccopwatch.org/agencies/61/search-rate
1600000US3711640,318,Chadbourn Police Department,Asian,0,2001,1,,0.33063209076175043,,,Chadbourn Police Department - Asian,https://nccopwatch.org/agencies/318/search-rate
1600000US3770820,292,Walnut Creek Police Department,Native American,0,1109,1,,0.044530493707647625,,,Walnut Creek Police Department - Native American,https://nccopwatch.org/agencies/292/search-rate
1600000US3710960,47,Caswell Beach Police Department,Black,0,490,5,,0.22342733188720174,,,Caswell Beach Police Department - Black,https://nccopwatch.org/agencies/47/search-rate
1600000US3746000,333,Nashville Police Department,Hispanic,7,5411,23,3.2857142857142856,0.06049149338374291,53.31696428571428,54.31696428571428,Nashville Police Department - Hispanic,https://nccopwatch.org/agencies/333/search-rate
1600000US3775820,311,Wrightsville Beach Police Department,Black,6,2579,209,34.833333333333336,0.7450980392156863,45.75000000000001,46.75000000000001,Wrightsville Beach Police Department - Black,https://nccopwatch.org/agencies/311/search-rate
1600000US3736220,143,Kure Beach Police Department,Black,5,2190,9,1.8,0.03897978825794033,45.17777777777778,46.17777777777778,Kure Beach Police Department - Black,https://nccopwatch.org/agencies/143/search-rate
1600000US3765530,264,Sugar Mountain Police Department,Hispanic,1,495,10,10.0,0.2288135593220339,42.7037037037037,43.7037037037037,Sugar Mountain Police Department - Hispanic,https://nccopwatch.org/agencies/264/search-rate
1600000US3721160,326,Emerald Isle Police Department,Black,7,3719,85,12.142857142857142,0.3087557603686636,38.32835820895522,39.32835820895522,Emerald Isle Police Department - Black,https://nccopwatch.org/agencies/326/search-rate
1600000US3771160,339,Warsaw Police Department,Native American,1,3048,2,2.0,0.053061224489795916,36.69230769230769,37.69230769230769,Warsaw Police Department - Native American,https://nccopwatch.org/agencies/339/search-rate
1600000US3718060,76,Duck Police Department,Black,1,535,38,38.0,1.1547388781431334,31.90787269681742,32.90787269681742,Duck Police Department - Black,https://nccopwatch.org/agencies/76/search-rate
1600000US3760505,247,Seven Devils Police Department,Asian,1,289,3,3.0,0.099644128113879,29.107142857142858,30.107142857142858,Seven Devils Police Department - Asian,https://nccopwatch.org/agencies/247/search-rate
1600000US3773300,303,White Lake Police Department,Native American,1,954,5,5.0,0.18405627198124266,26.1656050955414,27.1656050955414,White Lake Police Department - Native American,https://nccopwatch.org/agencies/303/search-rate
1600000US3736220,143,Kure Beach Police Department,Native American,2,2190,2,1.0,0.03897978825794033,24.65432098765432,25.65432098765432,Kure Beach Police Department - Native American,https://nccopwatch.org/agencies/143/search-rate
1600000US3765900,265,Sunset Beach Police Department,Native American,2,3716,1,0.5,0.020368303571428572,23.547945205479454,24.547945205479454,Sunset Beach Police Department - Native American,https://nccopwatch.org/agencies/265/search-rate
1600000US3760080,336,Seagrove Police Department,Black,1,296,11,11.0,0.4664310954063604,22.583333333333336,23.583333333333336,Seagrove Police Department - Black,https://nccopwatch.org/agencies/336/search-rate
1600000US3752000,219,Pine Knoll Shores Police Department,Black,4,1427,58,14.5,0.6176900584795322,22.474556213017753,23.474556213017753,Pine Knoll Shores Police Department - Black,https://nccopwatch.org/agencies/219/search-rate
1600000US3760505,247,Seven Devils Police Department,Black,1,289,2,2.0,0.099644128113879,19.071428571428573,20.071428571428573,Seven Devils Police Department - Black,https://nccopwatch.org/agencies/247/search-rate
1600000US3744900,180,Mount Gilead Police Department,Hispanic,3,1360,17,5.666666666666667,0.2830188679245283,19.022222222222226,20.022222222222226,Mount Gilead Police Department - Hispanic,https://nccopwatch.org/agencies/180/search-rate
1600000US3721360,87,Enfield Police Department,Hispanic,1,2426,4,4.0,0.20434782608695654,18.574468085106382,19.574468085106382,Enfield Police Department - Hispanic,https://nccopwatch.org/agencies/87/search-rate
1600000US3771100,294,Warrenton Police Department,Asian,1,1040,1,1.0,0.058712121212121215,16.032258064516128,17.032258064516128,Warrenton Police Department - Asian,https://nccopwatch.org/agencies/294/search-rate
1600000US3757640,237,Rolesville Police Department,Native American,2,5981,5,2.5,0.15392615704628185,15.241554054054054,16.241554054054056,Rolesville Police Department - Native American,https://nccopwatch.org/agencies/237/search-rate
1600000US3702500,15,Atlantic Beach Police Department,Black,7,1725,30,4.285714285714286,0.281134401972873,14.244360902255638,15.244360902255638,Atlantic Beach Police Department - Black,https://nccopwatch.org/agencies/15/search-rate
1600000US3751940,218,Pinehurst Police Department,Black,294,15272,525,1.7857142857142858,0.11829811700445594,14.095035584099984,15.095035584099984,Pinehurst Police Department - Black,https://nccopwatch.org/agencies/218/search-rate
1600000US3761060,249,Sharpsburg Police Department,Native American,9,1959,5,0.5555555555555556,0.037800687285223365,13.696969696969699,14.696969696969699,Sharpsburg Police Department - Native American,https://nccopwatch.org/agencies/249/search-rate
1600000US3770820,292,Walnut Creek Police Department,Black,25,1109,16,0.64,0.044530493707647625,13.37217391304348,14.37217391304348,Walnut Creek Police Department - Black,https://nccopwatch.org/agencies/292/search-rate
1600000US3764560,258,Stantonsburg Police Department,Native American,1,718,2,2.0,0.1416184971098266,13.122448979591836,14.122448979591836,Stantonsburg Police Department - Native American,https://nccopwatch.org/agencies/258/search-rate
1600000US3735460,136,Kenansville Police Department,Native American,1,984,2,2.0,0.14444444444444443,12.846153846153848,13.846153846153848,Kenansville Police Department - Native American,https://nccopwatch.org/agencies/136/search-rate
1600000US3733460,128,Indian Beach Police Department,Hispanic,1,179,13,13.0,0.9428571428571428,12.787878787878787,13.787878787878787,Indian Beach Police Department - Hispanic,https://nccopwatch.org/agencies/128/search-rate
1600000US3714700,66,Cornelius Police Department,Native American,6,27395,10,1.6666666666666667,0.12426009364784875,12.412726626377532,13.412726626377532,Cornelius Police Department - Native American,https://nccopwatch.org/agencies/66/search-rate
1600000US3739880,165,McAdenville Police Department,Asian,2,749,3,1.5,0.11235955056179775,12.35,13.35,McAdenville Police Department - Asian,https://nccopwatch.org/agencies/165/search-rate
1600000US3768040,273,Topsail Beach Police Department,Hispanic,2,404,23,11.5,0.9273182957393483,11.401351351351352,12.401351351351352,Topsail Beach Police Department - Hispanic,https://nccopwatch.org/agencies/273/search-rate
1600000US3758140,239,Rowland Police Department,Asian,1,1107,4,4.0,0.3225806451612903,11.4,12.4,Rowland Police Department - Asian,https://nccopwatch.org/agencies/239/search-rate
1600000US3743580,288,Village of Misenheimer Police Department,Asian,1,720,9,9.0,0.7313432835820896,11.306122448979592,12.306122448979592,Village of Misenheimer Police Department - Asian,https://nccopwatch.org/agencies/288/search-rate
0500000US37197,312,Yadkin County Sheriff's Office,Asian,34,37790,3,0.08823529411764706,0.007366022659883268,10.978688933200399,11.978688933200399,Yadkin County Sheriff's Office - Asian,https://nccopwatch.org/agencies/312/search-rate
1600000US3706500,27,Blowing Rock Police Department,Hispanic,5,1138,56,11.2,0.9382379654859219,10.93727008712488,11.93727008712488,Blowing Rock Police Department - Hispanic,https://nccopwatch.org/agencies/27/search-rate
1600000US3721160,326,Emerald Isle Police Department,Asian,3,3719,11,3.6666666666666665,0.3087557603686636,10.875621890547263,11.875621890547263,Emerald Isle Police Department - Asian,https://nccopwatch.org/agencies/326/search-rate
1600000US3755660,227,Red Springs Police Department,Asian,12,3364,2,0.16666666666666666,0.014238773274917854,10.705128205128204,11.705128205128204,Red Springs Police Department - Asian,https://nccopwatch.org/agencies/227/search-rate
0500000US37079,104,Greene County Sheriff's Office,Asian,29,21001,2,0.06896551724137931,0.005977710233029382,10.537112799532437,11.537112799532437,Greene County Sheriff's Office - Asian,https://nccopwatch.org/agencies/104/search-rate
1600000US3758140,239,Rowland Police Department,Hispanic,7,1107,26,3.7142857142857144,0.3225806451612903,10.514285714285714,11.514285714285714,Rowland Police Department - Hispanic,https://nccopwatch.org/agencies/239/search-rate
1600000US3735540,137,Kenly Police Department,Asian,1,1861,3,3.0,0.26082251082251084,10.50207468879668,11.50207468879668,Kenly Police Department - Asian,https://nccopwatch.org/agencies/137/search-rate
1600000US3765900,265,Sunset Beach Police Department,Black,18,3716,4,0.2222222222222222,0.020368303571428572,9.910197869101978,10.910197869101978,Sunset Beach Police Department - Black,https://nccopwatch.org/agencies/265/search-rate
1600000US3702460,14,Atkinson Police Department,Black,28,355,158,5.642857142857143,0.5371024734982333,9.506109022556391,10.506109022556391,Atkinson Police Department - Black,https://nccopwatch.org/agencies/14/search-rate
0500000US37017,26,Bladen County Sheriff's Office,Asian,39,33322,2,0.05128205128205128,0.004892798240791644,9.481129357533852,10.481129357533852,Bladen County Sheriff's Office - Asian,https://nccopwatch.org/agencies/26/search-rate
1600000US3724570,93,Foxfire Village Police Department,Native American,7,1250,7,1.0,0.09788867562380038,9.215686274509803,10.215686274509803,Foxfire Village Police Department - Native American,https://nccopwatch.org/agencies/93/search-rate
1600000US3751780,335,Pikeville Police Department,Black,55,677,144,2.618181818181818,0.2578397212543554,9.154299754299753,10.154299754299753,Pikeville Police Department - Black,https://nccopwatch.org/agencies/335/search-rate
1600000US3736060,141,Kitty Hawk Police Department,Black,16,3435,90,5.625,0.5558633425669437,9.11939368770764,10.11939368770764,Kitty Hawk Police Department - Black,https://nccopwatch.org/agencies/141/search-rate
1600000US3760505,247,Seven Devils Police Department,Other,2,289,2,1.0,0.099644128113879,9.035714285714286,10.035714285714286,Seven Devils Police Department - Other,https://nccopwatch.org/agencies/247/search-rate
1600000US3775820,311,Wrightsville Beach Police Department,Asian,3,2579,22,7.333333333333333,0.7450980392156863,8.842105263157894,9.842105263157894,Wrightsville Beach Police Department - Asian,https://nccopwatch.org/agencies/311/search-rate
1600000US3764260,255,Spruce Pine Police Department,Black,10,2342,6,0.6,0.06123456790123457,8.798387096774192,9.798387096774192,Spruce Pine Police Department - Black,https://nccopwatch.org/agencies/255/search-rate
0500000US37131,203,Northampton County Sheriff's Office,Asian,29,20289,2,0.06896551724137931,0.0071129175663660615,8.695812807881772,9.695812807881772,Northampton County Sheriff's Office - Asian,https://nccopwatch.org/agencies/203/search-rate
0500000US37155,234,Robeson County Sheriff's Office,Asian,896,130026,70,0.078125,0.008155305380728659,8.579653532608695,9.579653532608695,Robeson County Sheriff's Office - Asian,https://nccopwatch.org/agencies/234/search-rate
1600000US3771160,339,Warsaw Police Department,Asian,2,3048,1,0.5,0.053061224489795916,8.423076923076923,9.423076923076923,Warsaw Police Department - Asian,https://nccopwatch.org/agencies/339/search-rate
1600000US3736500,144,Lake Lure Police Department,Black,9,1421,32,3.5555555555555554,0.3898809523809524,8.119592875318066,9.119592875318066,Lake Lure Police Department - Black,https://nccopwatch.org/agencies/144/search-rate
1600000US3704510,21,Beech Mountain Police Department,Black,1,639,3,3.0,0.3360655737704918,7.926829268292684,8.926829268292684,Beech Mountain Police Department - Black,https://nccopwatch.org/agencies/21/search-rate
1600000US3740600,158,Maggie Valley Police Department,Black,12,1574,40,3.3333333333333335,0.3815232722143865,7.73690696241528,8.73690696241528,Maggie Valley Police Department - Black,https://nccopwatch.org/agencies/158/search-rate
0500000US37185,293,Warren County Sheriff's Office,Asian,91,20041,8,0.08791208791208792,0.010108966784823422,7.696446410732125,8.696446410732126,Warren County Sheriff's Office - Asian,https://nccopwatch.org/agencies/293/search-rate
1600000US3763120,253,Southern Pines Police Department,Native American,13,13546,13,1.0,0.11941837681757245,7.373920552677029,8.373920552677028,Southern Pines Police Department - Native American,https://nccopwatch.org/agencies/253/search-rate
1600000US3768580,276,Tryon Police Department,Hispanic,13,1626,10,0.7692307692307693,0.09293680297397769,7.276923076923079,8.27692307692308,Tryon Police Department - Hispanic,https://nccopwatch.org/agencies/276/search-rate
1600000US3742060,164,Mayodan Police Department,Native American,1,2522,2,2.0,0.24189760450915923,7.267961165048543,8.267961165048543,Mayodan Police Department - Native American,https://nccopwatch.org/agencies/164/search-rate
1600000US3755660,227,Red Springs Police Department,Native American,370,3364,43,0.11621621621621622,0.014238773274917854,7.161954261954262,8.161954261954262,Red Springs Police Department - Native American,https://nccopwatch.org/agencies/227/search-rate
0500000US37077,103,Granville County Sheriff's Office,Asian,311,59001,9,0.028938906752411574,0.0035525543159130946,7.145943504025936,8.145943504025936,Granville County Sheriff's Office - Asian,https://nccopwatch.org/agencies/103/search-rate
1600000US3735460,136,Kenansville Police Department,Hispanic,34,984,40,1.1764705882352942,0.14444444444444443,7.144796380090499,8.144796380090499,Kenansville Police Department - Hispanic,https://nccopwatch.org/agencies/136/search-rate
1600000US3705660,324,Beulaville Police Department,Asian,6,1576,4,0.6666666666666666,0.08451957295373666,6.887719298245613,7.887719298245613,Beulaville Police Department - Asian,https://nccopwatch.org/agencies/324/search-rate
0500000US37007,7,Anson County Sheriff's Office,Native American,95,25138,7,0.07368421052631578,0.009383495571340876,6.852533202164288,7.852533202164288,Anson County Sheriff's Office - Native American,https://nccopwatch.org/agencies/7/search-rate
0500000US37075,327,Graham County Sheriff's Office,Black,28,8493,8,0.2857142857142857,0.037066881547139406,6.708074534161489,7.708074534161489,Graham County Sheriff's Office - Black,https://nccopwatch.org/agencies/327/search-rate
1600000US3709800,41,Cameron Police Department,Native American,2,364,1,0.5,0.06504065040650407,6.687499999999999,7.687499999999999,Cameron Police Department - Native American,https://nccopwatch.org/agencies/41/search-rate
1600000US3751940,218,Pinehurst Police Department,Native American,40,15272,36,0.9,0.11829811700445594,6.607897934386392,7.607897934386392,Pinehurst Police Department - Native American,https://nccopwatch.org/agencies/218/search-rate
1600000US3773300,303,White Lake Police Department,Black,41,954,57,1.3902439024390243,0.18405627198124266,6.5533633680285845,7.5533633680285845,White Lake Police Department - Black,https://nccopwatch.org/agencies/303/search-rate
1600000US3708860,33,Bunn Police Department,Native American,1,421,3,3.0,0.39920948616600793,6.514851485148514,7.514851485148514,Bunn Police Department - Native American,https://nccopwatch.org/agencies/33/search-rate
1600000US3736080,142,Knightdale Police Department,Native American,6,14154,8,1.3333333333333333,0.1822144725370532,6.317384370015948,7.317384370015948,Knightdale Police Department - Native American,https://nccopwatch.org/agencies/142/search-rate
1600000US3705880,24,Biltmore Forest Police Department,Hispanic,22,1552,21,0.9545454545454546,0.13075383589059372,6.300324675324676,7.300324675324676,Biltmore Forest Police Department - Hispanic,https://nccopwatch.org/agencies/24/search-rate
1600000US3739880,165,McAdenville Police Department,Black,11,749,9,0.8181818181818182,0.11235955056179775,6.281818181818183,7.281818181818183,McAdenville Police Department - Black,https://nccopwatch.org/agencies/165/search-rate
0500000US37121,171,Mitchell County Sheriff's Office,Black,89,15269,3,0.033707865168539325,0.004790419161676647,6.036516853932584,7.036516853932584,Mitchell County Sheriff's Office - Black,https://nccopwatch.org/agencies/171/search-rate
0500000US37143,215,Perquimans County Sheriff's Office,Asian,30,13281,2,0.06666666666666667,0.009581973254712014,5.957509157509158,6.957509157509158,Perquimans County Sheriff's Office - Asian,https://nccopwatch.org/agencies/215/search-rate
0500000US37187,295,Washington County Sheriff's Office,Asian,15,12320,2,0.13333333333333333,0.019771449301650645,5.743730886850153,6.743730886850153,Washington County Sheriff's Office - Asian,https://nccopwatch.org/agencies/295/search-rate
1600000US3702500,15,Atlantic Beach Police Department,Hispanic,9,1725,17,1.8888888888888888,0.281134401972873,5.718810916179337,6.718810916179337,Atlantic Beach Police Department - Hispanic,https://nccopwatch.org/agencies/15/search-rate
1600000US3758920,243,Saluda Police Department,Hispanic,13,723,12,0.9230769230769231,0.13943028485757122,5.620347394540943,6.620347394540943,Saluda Police Department - Hispanic,https://nccopwatch.org/agencies/243/search-rate
0500000US37143,215,Perquimans County Sheriff's Office,Native American,16,13281,1,0.0625,0.009581973254712014,5.522664835164835,6.522664835164835,Perquimans County Sheriff's Office - Native American,https://nccopwatch.org/agencies/215/search-rate
1600000US3752000,219,Pine Knoll Shores Police Department,Asian,2,1427,8,4.0,0.6176900584795322,5.475739644970415,6.475739644970415,Pine Knoll Shores Police Department - Asian,https://nccopwatch.org/agencies/219/search-rate
1600000US3770820,292,Walnut Creek Police Department,Hispanic,21,1109,6,0.2857142857142857,0.044530493707647625,5.416149068322982,6.416149068322982,Walnut Creek Police Department - Hispanic,https://nccopwatch.org/agencies/292/search-rate
1600000US3738680,153,Littleton Police Department,Native American,5,572,7,1.4,0.22262773722627738,5.2885245901639335,6.2885245901639335,Littleton Police Department - Native American,https://nccopwatch.org/agencies/153/search-rate
1600000US3775060,342,Winterville Police Department,Hispanic,271,9277,170,0.6273062730627307,0.10022564874012786,5.258939512472049,6.258939512472049,Winterville Police Department - Hispanic,https://nccopwatch.org/agencies/342/search-rate
0500000US37131,203,Northampton County Sheriff's Office,Native American,45,20289,2,0.044444444444444446,0.0071129175663660615,5.248412698412698,6.248412698412698,Northampton County Sheriff's Office - Native American,https://nccopwatch.org/agencies/203/search-rate
1600000US3705660,324,Beulaville Police Department,Hispanic,63,1576,33,0.5238095238095238,0.08451957295373666,5.197493734335839,6.197493734335839,Beulaville Police Department - Hispanic,https://nccopwatch.org/agencies/324/search-rate
1600000US3760505,247,Seven Devils Police Department,Hispanic,5,289,3,0.6,0.099644128113879,5.021428571428571,6.021428571428571,Seven Devils Police Department - Hispanic,https://nccopwatch.org/agencies/247/search-rate
1600000US3721095,321,Elon Police Department,Black,891,10058,565,0.6341189674523008,0.10552220888355342,5.009341295651496,6.009341295651496,Elon Police Department - Black,https://nccopwatch.org/agencies/321/search-rate
1600000US3731360,118,Highlands Police Department,Hispanic,48,1099,63,1.3125,0.22076612903225806,4.9452054794520555,5.9452054794520555,Highlands Police Department - Hispanic,https://nccopwatch.org/agencies/118/search-rate
0500000US37095,127,Hyde County Sheriff's Office,Asian,7,5371,2,0.2857142857142857,0.048216007714561235,4.925714285714285,5.925714285714285,Hyde County Sheriff's Office - Asian,https://nccopwatch.org/agencies/127/search-rate
1600000US3755660,227,Red Springs Police Department,Hispanic,273,3364,23,0.08424908424908426,0.014238773274917854,4.916877993801071,5.916877993801071,Red Springs Police Department - Hispanic,https://nccopwatch.org/agencies/227/search-rate
1600000US3739360,328,Louisburg Police Department,Native American,6,3401,11,1.8333333333333333,0.3109079033311561,4.896708683473389,5.896708683473389,Louisburg Police Department - Native American,https://nccopwatch.org/agencies/328/search-rate
1600000US3712720,57,Claremont Police Department,Black,58,1608,147,2.5344827586206895,0.43233357717629844,4.862331524593033,5.862331524593033,Claremont Police Department - Black,https://nccopwatch.org/agencies/57/search-rate
0500000US37103,133,Jones County Sheriff's Office,Asian,30,9818,5,0.16666666666666666,0.028444590595198948,4.859344894026975,5.859344894026975,Jones County Sheriff's Office - Asian,https://nccopwatch.org/agencies/133/search-rate
1600000US3760080,336,Seagrove Police Department,Hispanic,9,296,24,2.6666666666666665,0.4664310954063604,4.717171717171716,5.717171717171716,Seagrove Police Department - Hispanic,https://nccopwatch.org/agencies/336/search-rate
1600000US3771100,294,Warrenton Police Department,Native American,9,1040,3,0.3333333333333333,0.058712121212121215,4.677419354838709,5.677419354838709,Warrenton Police Department - Native American,https://nccopwatch.org/agencies/294/search-rate
1600000US3758720,241,Saint Pauls Police Department,Asian,5,2154,4,0.8,0.14168377823408623,4.6463768115942035,5.6463768115942035,Saint Pauls Police Department - Asian,https://nccopwatch.org/agencies/241/search-rate
1600000US3771860,340,Wendell Police Department,Native American,1,7168,1,1.0,0.1802268244575937,4.548563611491107,5.548563611491107,Wendell Police Department - Native American,https://nccopwatch.org/agencies/340/search-rate
1600000US3740600,158,Maggie Valley Police Department,Native American,17,1574,35,2.0588235294117645,0.3815232722143865,4.396324888550613,5.396324888550613,Maggie Valley Police Department - Native American,https://nccopwatch.org/agencies/158/search-rate
0500000US37151,226,Randolph County Sheriff's Office,Black,8046,142471,419,0.05207556549838429,0.00965758665880925,4.392192411846818,5.392192411846818,Randolph County Sheriff's Office - Black,https://nccopwatch.org/agencies/226/search-rate
1600000US3740600,158,Maggie Valley Police Department,Other,11,1574,22,2.0,0.3815232722143865,4.242144177449168,5.242144177449168,Maggie Valley Police Department - Other,https://nccopwatch.org/agencies/158/search-rate
0500000US37087,112,Haywood County Sheriff's Office,Black,563,59938,61,0.108348134991119,0.020888617944488274,4.186946081308746,5.186946081308746,Haywood County Sheriff's Office - Black,https://nccopwatch.org/agencies/112/search-rate
1600000US3710740,46,Cary Police Department,Native American,450,152899,217,0.4822222222222222,0.09436423198252851,4.1102225079467125,5.1102225079467125,Cary Police Department - Native American,https://nccopwatch.org/agencies/46/search-rate
1600000US3750340,211,Parkton Police Department,Native American,15,495,40,2.6666666666666665,0.5261538461538462,4.0682261208577,5.0682261208577,Parkton Police Department - Native American,https://nccopwatch.org/agencies/211/search-rate
1600000US3771780,300,Weldon Police Department,Native American,2,1666,3,1.5,0.2975609756097561,4.040983606557377,5.040983606557377,Weldon Police Department - Native American,https://nccopwatch.org/agencies/300/search-rate
1600000US3710500,43,Carolina Beach Police Department,Black,68,6081,61,0.8970588235294118,0.18002788428023703,3.9828882182108076,4.982888218210808,Carolina Beach Police Department - Black,https://nccopwatch.org/agencies/43/search-rate
1600000US3733460,128,Indian Beach Police Department,Black,3,179,14,4.666666666666667,0.9428571428571428,3.94949494949495,4.94949494949495,Indian Beach Police Department - Black,https://nccopwatch.org/agencies/128/search-rate
1600000US3770540,291,Wake Forest Police Department,Native American,30,37064,24,0.8,0.16192077727952167,3.94068774521117,4.94068774521117,Wake Forest Police Department - Native American,https://nccopwatch.org/agencies/291/search-rate
1600000US3752140,220,Pinetops Police Department,Hispanic,13,1274,23,1.7692307692307692,0.36147186147186144,3.894518654997697,4.894518654997697,Pinetops Police Department - Hispanic,https://nccopwatch.org/agencies/220/search-rate
1600000US3736500,144,Lake Lure Police Department,Hispanic,14,1421,26,1.8571428571428572,0.3898809523809524,3.7633587786259546,4.763358778625955,Lake Lure Police Department - Hispanic,https://nccopwatch.org/agencies/144/search-rate
1600000US3773300,303,White Lake Police Department,Hispanic,40,954,34,0.85,0.18405627198124266,3.6181528662420384,4.618152866242038,White Lake Police Department - Hispanic,https://nccopwatch.org/agencies/303/search-rate
0500000US37193,305,Wilkes County Sheriff's Office,Black,2772,68160,7,0.0025252525252525255,0.0005505138128920325,3.587082950719315,4.587082950719315,Wilkes County Sheriff's Office - Black,https://nccopwatch.org/agencies/305/search-rate
1600000US3769840,287,Vass Police Department,Asian,1,746,1,1.0,0.2214765100671141,3.5151515151515147,4.515151515151515,Vass Police Department - Asian,https://nccopwatch.org/agencies/287/search-rate
1600000US3738680,153,Littleton Police Department,Asian,1,572,1,1.0,0.22262773722627738,3.4918032786885247,4.491803278688525,Littleton Police Department - Asian,https://nccopwatch.org/agencies/153/search-rate
0500000US37003,4,Alexander County Sheriff's Office,Native American,76,36924,2,0.02631578947368421,0.0058721183123097,3.481481481481481,4.481481481481481,Alexander County Sheriff's Office - Native American,https://nccopwatch.org/agencies/4/search-rate
0500000US37009,12,Ashe County Sheriff's Office,Black,178,26832,8,0.0449438202247191,0.010036130068245684,3.4782022471910112,4.478202247191011,Ashe County Sheriff's Office - Black,https://nccopwatch.org/agencies/12/search-rate
1600000US3736220,143,Kure Beach Police Department,Hispanic,46,2190,8,0.17391304347826086,0.03897978825794033,3.461621041331186,4.4616210413311865,Kure Beach Police Department - Hispanic,https://nccopwatch.org/agencies/143/search-rate
1600000US3775820,311,Wrightsville Beach Police Department,Hispanic,39,2579,129,3.3076923076923075,0.7450980392156863,3.4392712550607283,4.439271255060728,Wrightsville Beach Police Department - Hispanic,https://nccopwatch.org/agencies/311/search-rate
1600000US3704840,22,Belmont Police Department,Black,1015,11505,569,0.5605911330049261,0.1263101604278075,3.438210917524182,4.438210917524183,Belmont Police Department - Black,https://nccopwatch.org/agencies/22/search-rate
1600000US3771460,298,Waxhaw Police Department,Native American,12,13189,8,0.6666666666666666,0.15038051750380518,3.433198380566801,4.433198380566801,Waxhaw Police Department - Native American,https://nccopwatch.org/agencies/298/search-rate
0500000US37111,166,McDowell County Sheriff's Office,Native American,156,44833,3,0.019230769230769232,0.004387410920341863,3.3831702979101825,4.3831702979101825,McDowell County Sheriff's Office - Native American,https://nccopwatch.org/agencies/166/search-rate
1600000US3764420,256,Stallings Police Department,Black,1029,14374,493,0.47910592808551994,0.10993936198259953,3.3579107559433505,4.357910755943351,Stallings Police Department - Black,https://nccopwatch.org/agencies/256/search-rate
1600000US3723760,91,Fletcher Police Department,Black,222,7392,136,0.6126126126126126,0.1406861977126743,3.3544613655972224,4.354461365597222,Fletcher Police Department - Black,https://nccopwatch.org/agencies/91/search-rate
1600000US3768040,273,Topsail Beach Police Department,Other,1,404,4,4.0,0.9273182957393483,3.313513513513514,4.313513513513514,Topsail Beach Police Department - Other,https://nccopwatch.org/agencies/273/search-rate
1600000US3742700,169,Middlesex Police Department,Native American,2,983,2,1.0,0.234,3.2735042735042734,4.273504273504273,Middlesex Police Department - Native American,https://nccopwatch.org/agencies/169/search-rate
1600000US3758720,241,Saint Pauls Police Department,Native American,140,2154,84,0.6,0.14168377823408623,3.234782608695652,4.234782608695652,Saint Pauls Police Department - Native American,https://nccopwatch.org/agencies/241/search-rate
1600000US3731960,122,Holden Beach Police Department,Asian,1,960,2,2.0,0.4742489270386266,3.2171945701357467,4.217194570135747,Holden Beach Police Department - Asian,https://nccopwatch.org/agencies/122/search-rate
1600000US3731960,122,Holden Beach Police Department,Other,1,960,2,2.0,0.4742489270386266,3.2171945701357467,4.217194570135747,Holden Beach Police Department - Other,https://nccopwatch.org/agencies/122/search-rate
0500000US37065,83,Edgecombe County Sheriff's Office,Asian,73,53509,3,0.0410958904109589,0.009749162181375039,3.215325342465753,4.2153253424657535,Edgecombe County Sheriff's Office - Asian,https://nccopwatch.org/agencies/83/search-rate
0500000US37059,74,Davie County Sheriff's Office,Black,2419,41764,195,0.08061182306738322,0.019153511005488597,3.2087230400882243,4.208723040088224,Davie County Sheriff's Office - Black,https://nccopwatch.org/agencies/74/search-rate
1600000US3732260,124,Holly Springs Police Department,Native American,40,30893,24,0.6,0.1427162822601389,3.2041453890057072,4.204145389005707,Holly Springs Police Department - Native American,https://nccopwatch.org/agencies/124/search-rate
1600000US3710120,42,Candor Police Department,Native American,1,984,2,2.0,0.47757255936675463,3.1878453038674035,4.1878453038674035,Candor Police Department - Native American,https://nccopwatch.org/agencies/42/search-rate
1600000US3706500,27,Blowing Rock Police Department,Black,13,1138,51,3.923076923076923,0.9382379654859219,3.1813240002978627,4.181324000297863,Blowing Rock Police Department - Black,https://nccopwatch.org/agencies/27/search-rate
1600000US3731360,118,Highlands Police Department,Other,11,1099,10,0.9090909090909091,0.22076612903225806,3.117891241178912,4.117891241178912,Highlands Police Department - Other,https://nccopwatch.org/agencies/118/search-rate
1600000US3765900,265,Sunset Beach Police Department,Hispanic,60,3716,5,0.08333333333333333,0.020368303571428572,3.0913242009132413,4.091324200913242,Sunset Beach Police Department - Hispanic,https://nccopwatch.org/agencies/265/search-rate
1600000US3737680,147,Leland Police Department,Black,1291,17291,392,0.30364058869093724,0.07466047428048694,3.0669523146907722,4.066952314690772,Leland Police Department - Black,https://nccopwatch.org/agencies/147/search-rate
1600000US3771100,294,Warrenton Police Department,Black,421,1040,100,0.2375296912114014,0.058712121212121215,3.0456669986974174,4.045666998697417,Warrenton Police Department - Black,https://nccopwatch.org/agencies/294/search-rate
1600000US3701720,10,Archdale Police Department,Black,643,11349,366,0.5692068429237948,0.1421579059374335,3.0040463396690296,4.00404633966903,Archdale Police Department - Black,https://nccopwatch.org/agencies/10/search-rate
1600000US3764560,258,Stantonsburg Police Department,Hispanic,30,718,17,0.5666666666666667,0.1416184971098266,3.0013605442176865,4.001360544217686,Stantonsburg Police Department - Hispanic,https://nccopwatch.org/agencies/258/search-rate
1600000US3746740,200,Newland Police Department,Black,5,803,4,0.8,0.2,3.0000000000000004,4.0,Newland Police Department - Black,https://nccopwatch.org/agencies/200/search-rate
1600000US3704840,22,Belmont Police Department,Hispanic,330,11505,166,0.503030303030303,0.1263101604278075,2.982500705616709,3.982500705616709,Belmont Police Department - Hispanic,https://nccopwatch.org/agencies/22/search-rate
0500000US37041,56,Chowan County Sheriff's Office,Asian,60,14399,2,0.03333333333333333,0.008403361344537815,2.966666666666667,3.966666666666667,Chowan County Sheriff's Office - Asian,https://nccopwatch.org/agencies/56/search-rate
0500000US37121,171,Mitchell County Sheriff's Office,Native American,53,15269,1,0.018867924528301886,0.004790419161676647,2.938679245283019,3.938679245283019,Mitchell County Sheriff's Office - Native American,https://nccopwatch.org/agencies/171/search-rate
1600000US3724570,93,Foxfire Village Police Department,Hispanic,26,1250,10,0.38461538461538464,0.09788867562380038,2.929110105580694,3.929110105580694,Foxfire Village Police Department - Hispanic,https://nccopwatch.org/agencies/93/search-rate
1600000US3706500,27,Blowing Rock Police Department,Asian,3,1138,11,3.6666666666666665,0.9382379654859219,2.9080348499515973,3.9080348499515973,Blowing Rock Police Department - Asian,https://nccopwatch.org/agencies/27/search-rate
1600000US3751780,335,Pikeville Police Department,Asian,2,677,2,1.0,0.2578397212543554,2.8783783783783785,3.8783783783783785,Pikeville Police Department - Asian,https://nccopwatch.org/agencies/335/search-rate
1600000US3713980,63,Columbus Police Department,Black,40,1264,131,3.275,0.8461538461538461,2.870454545454545,3.870454545454545,Columbus Police Department - Black,https://nccopwatch.org/agencies/63/search-rate
1600000US3735540,137,Kenly Police Department,Native American,3,1861,3,1.0,0.26082251082251084,2.83402489626556,3.83402489626556,Kenly Police Department - Native American,https://nccopwatch.org/agencies/137/search-rate
1600000US3750340,211,Parkton Police Department,Asian,1,495,2,2.0,0.5261538461538462,2.8011695906432745,3.8011695906432745,Parkton Police Department - Asian,https://nccopwatch.org/agencies/211/search-rate
1600000US3706140,317,Black Mountain Police Department,Hispanic,139,8090,65,0.4676258992805755,0.12412440459512468,2.7673969176803026,3.7673969176803026,Black Mountain Police Department - Hispanic,https://nccopwatch.org/agencies/317/search-rate
1600000US3718060,76,Duck Police Department,Other,3,535,13,4.333333333333333,1.1547388781431334,2.752652149637074,3.752652149637074,Duck Police Department - Other,https://nccopwatch.org/agencies/76/search-rate
1600000US3721095,321,Elon Police Department,Hispanic,402,10058,159,0.39552238805970147,0.10552220888355342,2.7482383305316422,3.7482383305316422,Elon Police Department - Hispanic,https://nccopwatch.org/agencies/321/search-rate
0500000US37197,312,Yadkin County Sheriff's Office,Black,1235,37790,34,0.027530364372469637,0.007366022659883268,2.737480271735401,3.737480271735401,Yadkin County Sheriff's Office - Black,https://nccopwatch.org/agencies/312/search-rate
0500000US37135,209,Orange County Sheriff's Office,Black,15850,139213,491,0.030977917981072554,0.008289366778768525,2.7370668722749723,3.7370668722749723,Orange County Sheriff's Office - Black,https://nccopwatch.org/agencies/209/search-rate
0500000US37065,83,Edgecombe County Sheriff's Office,Native American,110,53509,4,0.03636363636363636,0.009749162181375039,2.729924242424242,3.729924242424242,Edgecombe County Sheriff's Office - Native American,https://nccopwatch.org/agencies/83/search-rate
0500000US37033,49,Caswell County Sheriff's Office,Asian,101,23108,5,0.04950495049504951,0.013335224854589304,2.712344638719191,3.712344638719191,Caswell County Sheriff's Office - Asian,https://nccopwatch.org/agencies/49/search-rate
1600000US3763760,337,Spencer Police Department,Hispanic,229,3277,13,0.056768558951965066,0.015306122448979591,2.708879184861718,3.708879184861718,Spencer Police Department - Hispanic,https://nccopwatch.org/agencies/337/search-rate
1600000US3766040,266,Surf City Police Department,Black,56,2840,83,1.4821428571428572,0.40031520882584715,2.7024395388076488,3.7024395388076488,Surf City Police Department - Black,https://nccopwatch.org/agencies/266/search-rate
0500000US37015,23,Bertie County Sheriff's Office,Hispanic,330,19734,4,0.012121212121212121,0.0033645406670567584,2.602635046113307,3.602635046113307,Bertie County Sheriff's Office - Hispanic,https://nccopwatch.org/agencies/23/search-rate
0500000US37115,156,Madison County Sheriff's Office,Native American,64,21086,3,0.046875,0.013059043009126204,2.5894666988416986,3.5894666988416986,Madison County Sheriff's Office - Native American,https://nccopwatch.org/agencies/156/search-rate
1600000US3768580,276,Tryon Police Department,Asian,6,1626,2,0.3333333333333333,0.09293680297397769,2.586666666666667,3.586666666666667,Tryon Police Department - Asian,https://nccopwatch.org/agencies/276/search-rate
1600000US3758920,243,Saluda Police Department,Native American,2,723,1,0.5,0.13943028485757122,2.5860215053763436,3.5860215053763436,Saluda Police Department - Native American,https://nccopwatch.org/agencies/243/search-rate
1600000US3758920,243,Saluda Police Department,Black,18,723,9,0.5,0.13943028485757122,2.5860215053763436,3.5860215053763436,Saluda Police Department - Black,https://nccopwatch.org/agencies/243/search-rate
0500000US37199,313,Yancey County Sheriff's Office,Black,135,17934,4,0.02962962962962963,0.008353365384615384,2.5470290434319214,3.5470290434319214,Yancey County Sheriff's Office - Black,https://nccopwatch.org/agencies/313/search-rate
1600000US3746000,333,Nashville Police Department,Asian,14,5411,3,0.21428571428571427,0.06049149338374291,2.542410714285714,3.542410714285714,Nashville Police Department - Asian,https://nccopwatch.org/agencies/333/search-rate
1600000US3744900,180,Mount Gilead Police Department,Other,4,1360,4,1.0,0.2830188679245283,2.5333333333333337,3.5333333333333337,Mount Gilead Police Department - Other,https://nccopwatch.org/agencies/180/search-rate
1600000US3775060,342,Winterville Police Department,Black,3307,9277,1167,0.3528878137284548,0.10022564874012786,2.520933195887285,3.520933195887285,Winterville Police Department - Black,https://nccopwatch.org/agencies/342/search-rate
1600000US3751780,335,Pikeville Police Department,Hispanic,32,677,29,0.90625,0.2578397212543554,2.5147804054054057,3.5147804054054057,Pikeville Police Department - Hispanic,https://nccopwatch.org/agencies/335/search-rate
1600000US3745880,184,Nags Head Police Department,Black,52,2913,107,2.0576923076923075,0.5875856816450876,2.5019442644199605,3.5019442644199605,Nags Head Police Department - Black,https://nccopwatch.org/agencies/184/search-rate
0500000US37185,293,Warren County Sheriff's Office,Hispanic,735,20041,26,0.03537414965986395,0.010108966784823422,2.4992843890803074,3.4992843890803074,Warren County Sheriff's Office - Hispanic,https://nccopwatch.org/agencies/293/search-rate
0500000US37115,156,Madison County Sheriff's Office,Black,307,21086,14,0.04560260586319218,0.013059043009126204,2.4920327493617394,3.4920327493617394,Madison County Sheriff's Office - Black,https://nccopwatch.org/agencies/156/search-rate
1600000US3701520,8,Apex Police Department,Native American,83,46517,41,0.4939759036144578,0.142713180592193,2.461319420986125,3.461319420986125,Apex Police Department - Native American,https://nccopwatch.org/agencies/8/search-rate
1600000US3741960,163,Matthews Police Department,Black,3020,29305,1481,0.4903973509933775,0.1425982407284622,2.4390140333301855,3.4390140333301855,Matthews Police Department - Black,https://nccopwatch.org/agencies/163/search-rate
1600000US3758720,241,Saint Pauls Police Department,Black,390,2154,186,0.47692307692307695,0.14168377823408623,2.3661092530657752,3.3661092530657752,Saint Pauls Police Department - Black,https://nccopwatch.org/agencies/241/search-rate
0500000US37005,5,Alleghany County Sheriff's Office,Black,176,10996,8,0.045454545454545456,0.013510682865521576,2.364341085271318,3.364341085271318,Alleghany County Sheriff's Office - Black,https://nccopwatch.org/agencies/5/search-rate
1600000US3710500,43,Carolina Beach Police Department,Asian,15,6081,9,0.6,0.18002788428023703,2.332817037754114,3.332817037754114,Carolina Beach Police Department - Asian,https://nccopwatch.org/agencies/43/search-rate
1600000US3747845,204,North Topsail Beach Police Department,Hispanic,17,969,41,2.411764705882353,0.7280898876404495,2.312454611474219,3.312454611474219,North Topsail Beach Police Department - Hispanic,https://nccopwatch.org/agencies/204/search-rate
1600000US3701520,8,Apex Police Department,Black,3537,46517,1670,0.47215154085383093,0.142713180592193,2.3083947740119215,3.3083947740119215,Apex Police Department - Black,https://nccopwatch.org/agencies/8/search-rate
0500000US37119,168,Mecklenburg County Sheriff's Office,Native American,2334,1006623,14,0.005998286203941731,0.0018201816487931806,2.2954327431653447,3.2954327431653447,Mecklenburg County Sheriff's Office - Native American,https://nccopwatch.org/agencies/168/search-rate
1600000US3720700,86,Elk Park Police Department,Other,10,529,3,0.3,0.09181636726546906,2.267391304347826,3.267391304347826,Elk Park Police Department - Other,https://nccopwatch.org/agencies/86/search-rate
1600000US3712720,57,Claremont Police Department,Asian,27,1608,38,1.4074074074074074,0.43233357717629844,2.2553738171335467,3.2553738171335467,Claremont Police Department - Asian,https://nccopwatch.org/agencies/57/search-rate
0500000US37015,23,Bertie County Sheriff's Office,Other,186,19734,2,0.010752688172043012,0.0033645406670567584,2.19588592800374,3.19588592800374,Bertie County Sheriff's Office - Other,https://nccopwatch.org/agencies/23/search-rate
1600000US3710740,46,Cary Police Department,Black,11485,152899,3430,0.29865041358293426,0.09436423198252851,2.1648687994221074,3.1648687994221074,Cary Police Department - Black,https://nccopwatch.org/agencies/46/search-rate
1600000US3731960,122,Holden Beach Police Department,Native American,2,960,3,1.5,0.4742489270386266,2.1628959276018103,3.1628959276018103,Holden Beach Police Department - Native American,https://nccopwatch.org/agencies/122/search-rate
1600000US3703150,18,Bald Head Island Police Department,Hispanic,4,168,11,2.75,0.8719512195121951,2.1538461538461537,3.1538461538461537,Bald Head Island Police Department - Hispanic,https://nccopwatch.org/agencies/18/search-rate
1600000US3732180,123,Holly Ridge Police Department,Asian,11,2102,21,1.9090909090909092,0.6117445838084379,2.1207320172837414,3.1207320172837414,Holly Ridge Police Department - Asian,https://nccopwatch.org/agencies/123/search-rate
1600000US3711800,51,Chapel Hill Police Department,Black,5799,58429,1398,0.24107604759441284,0.07751686235323507,2.1099820126343367,3.1099820126343367,Chapel Hill Police Department - Black,https://nccopwatch.org/agencies/51/search-rate
1600000US3739360,328,Louisburg Police Department,Hispanic,184,3401,177,0.9619565217391305,0.3109079033311561,2.09402402265254,3.09402402265254,Louisburg Police Department - Hispanic,https://nccopwatch.org/agencies/328/search-rate
0500000US37073,100,Gates County Sheriff's Office,Hispanic,156,11515,9,0.057692307692307696,0.018698060941828253,2.0854700854700856,3.0854700854700856,Gates County Sheriff's Office - Hispanic,https://nccopwatch.org/agencies/100/search-rate
0500000US37089,113,Henderson County Sheriff's Office,Black,3493,110637,246,0.07042656742055539,0.02282541640962369,2.0854450213167643,3.0854450213167643,Henderson County Sheriff's Office - Black,https://nccopwatch.org/agencies/113/search-rate
1600000US3748700,206,Ocean Isle Beach Police Department,Other,2,783,3,1.5,0.4879679144385027,2.073972602739726,3.073972602739726,Ocean Isle Beach Police Department - Other,https://nccopwatch.org/agencies/206/search-rate
0500000US37099,130,Jackson County Sheriff's Office,Black,843,41131,17,0.020166073546856466,0.00657835451022799,2.0655194267050163,3.0655194267050163,Jackson County Sheriff's Office - Black,https://nccopwatch.org/agencies/130/search-rate
1600000US3739700,154,Lumberton Police Department,Native American,2659,20977,747,0.2809326814591952,0.09178201770794363,2.0608684410615306,3.0608684410615306,Lumberton Police Department - Native American,https://nccopwatch.org/agencies/154/search-rate
0500000US37171,267,Surry County Sheriff's Office,Black,2594,72524,48,0.018504240555127217,0.0060745980286210175,2.0461670826518588,3.0461670826518588,Surry County Sheriff's Office - Black,https://nccopwatch.org/agencies/267/search-rate
0500000US37151,226,Randolph County Sheriff's Office,Asian,1534,142471,45,0.029335071707953065,0.00965758665880925,2.037515762925599,3.037515762925599,Randolph County Sheriff's Office - Asian,https://nccopwatch.org/agencies/226/search-rate
0500000US37015,23,Bertie County Sheriff's Office,Native American,98,19734,1,0.01020408163265306,0.0033645406670567584,2.032830523513753,3.032830523513753,Bertie County Sheriff's Office - Native American,https://nccopwatch.org/agencies/23/search-rate
0500000US37113,155,Macon County Sheriff's Office,Black,400,34594,11,0.0275,0.009068318972472327,2.032535587188612,3.032535587188612,Macon County Sheriff's Office - Black,https://nccopwatch.org/agencies/155/search-rate
0500000US37113,155,Macon County Sheriff's Office,Asian,255,34594,7,0.027450980392156862,0.009068318972472327,2.027129997906636,3.027129997906636,Macon County Sheriff's Office - Asian,https://nccopwatch.org/agencies/155/search-rate
1600000US3770540,291,Wake Forest Police Department,Black,5856,37064,2866,0.48941256830601093,0.16192077727952167,2.022543348227291,3.022543348227291,Wake Forest Police Department - Black,https://nccopwatch.org/agencies/291/search-rate
1600000US3701720,10,Archdale Police Department,Hispanic,417,11349,179,0.4292565947242206,0.1421579059374335,2.019575956001666,3.019575956001666,Archdale Police Department - Hispanic,https://nccopwatch.org/agencies/10/search-rate
0500000US37075,327,Graham County Sheriff's Office,Other,108,8493,12,0.1111111111111111,0.037066881547139406,1.9975845410628015,2.9975845410628015,Graham County Sheriff's Office - Other,https://nccopwatch.org/agencies/327/search-rate
1600000US3748920,207,Old Fort Police Department,Hispanic,11,954,23,2.090909090909091,0.6984687868080094,1.9935612448260003,2.993561244826,Old Fort Police Department - Hispanic,https://nccopwatch.org/agencies/207/search-rate
1600000US3744520,178,Morrisville Police Department,Native American,54,22782,28,0.5185185185185185,0.17333892265772374,1.9913565318643913,2.9913565318643913,Morrisville Police Department - Native American,https://nccopwatch.org/agencies/178/search-rate
1600000US3776220,315,Zebulon Police Department,Native American,4,5339,3,0.75,0.25145154086645827,1.9826820603907633,2.982682060390763,Zebulon Police Department - Native American,https://nccopwatch.org/agencies/315/search-rate
1600000US3771500,323,Waynesville Police Department,Native American,49,9951,16,0.32653061224489793,0.10950044603033006,1.9820025769982128,2.982002576998213,Waynesville Police Department - Native American,https://nccopwatch.org/agencies/323/search-rate
1600000US3704510,21,Beech Mountain Police Department,Hispanic,10,639,10,1.0,0.3360655737704918,1.975609756097561,2.975609756097561,Beech Mountain Police Department - Hispanic,https://nccopwatch.org/agencies/21/search-rate
1600000US3718060,76,Duck Police Department,Hispanic,7,535,24,3.4285714285714284,1.1547388781431334,1.9691313711414216,2.9691313711414216,Duck Police Department - Hispanic,https://nccopwatch.org/agencies/76/search-rate
1600000US3739880,165,McAdenville Police Department,Other,3,749,1,0.3333333333333333,0.11235955056179775,1.9666666666666666,2.966666666666667,McAdenville Police Department - Other,https://nccopwatch.org/agencies/165/search-rate
0500000US37149,224,Polk County Sheriff's Office,Black,1016,20153,105,0.10334645669291338,0.034910739586285065,1.9603055654974948,2.960305565497495,Polk County Sheriff's Office - Black,https://nccopwatch.org/agencies/224/search-rate
1600000US3733120,126,Huntersville Police Department,Black,5640,52035,1603,0.28421985815602835,0.09626042238753807,1.952613868779612,2.952613868779612,Huntersville Police Department - Black,https://nccopwatch.org/agencies/126/search-rate
1600000US3708860,33,Bunn Police Department,Hispanic,23,421,27,1.173913043478261,0.39920948616600793,1.9405940594059408,2.9405940594059405,Bunn Police Department - Hispanic,https://nccopwatch.org/agencies/33/search-rate
1600000US3750340,211,Parkton Police Department,Black,109,495,168,1.5412844036697249,0.5261538461538462,1.9293417028810558,2.9293417028810556,Parkton Police Department - Black,https://nccopwatch.org/agencies/211/search-rate
1600000US3711800,51,Chapel Hill Police Department,Native American,150,58429,34,0.22666666666666666,0.07751686235323507,1.924094961864862,2.9240949618648617,Chapel Hill Police Department - Native American,https://nccopwatch.org/agencies/51/search-rate
0500000US37197,312,Yadkin County Sheriff's Office,Native American,47,37790,1,0.02127659574468085,0.007366022659883268,1.8884781824738548,2.888478182473855,Yadkin County Sheriff's Office - Native American,https://nccopwatch.org/agencies/312/search-rate
1600000US3736220,143,Kure Beach Police Department,Asian,18,2190,2,0.1111111111111111,0.03897978825794033,1.8504801097393688,2.850480109739369,Kure Beach Police Department - Asian,https://nccopwatch.org/agencies/143/search-rate
0500000US37167,257,Stanly County Sheriff's Office,Black,6652,61097,174,0.026157546602525557,0.009213709677419355,1.8389809879327519,2.838980987932752,Stanly County Sheriff's Office - Black,https://nccopwatch.org/agencies/257/search-rate
0500000US37109,151,Lincoln County Sheriff's Office,Black,4241,80939,203,0.047866069323272815,0.016929151065720655,1.8274347093632726,2.8274347093632723,Lincoln County Sheriff's Office - Black,https://nccopwatch.org/agencies/151/search-rate
1600000US3743480,170,Mint Hill Police Department,Black,3336,24613,475,0.14238609112709832,0.05076367675645654,1.8048813684282334,2.8048813684282337,Mint Hill Police Department - Black,https://nccopwatch.org/agencies/170/search-rate
0500000US37015,23,Bertie County Sheriff's Office,Asian,106,19734,1,0.009433962264150943,0.0033645406670567584,1.8039376538146021,2.803937653814602,Bertie County Sheriff's Office - Asian,https://nccopwatch.org/agencies/23/search-rate
1600000US3766700,270,Tarboro Police Department,Asian,9,11039,4,0.4444444444444444,0.1596177307848719,1.784430290162774,2.784430290162774,Tarboro Police Department - Asian,https://nccopwatch.org/agencies/270/search-rate
1600000US3710500,43,Carolina Beach Police Department,Native American,8,6081,4,0.5,0.18002788428023703,1.7773475314617617,2.7773475314617615,Carolina Beach Police Department - Native American,https://nccopwatch.org/agencies/43/search-rate
0500000US37115,156,Madison County Sheriff's Office,Other,276,21086,10,0.036231884057971016,0.013059043009126204,1.7744670135974483,2.774467013597448,Madison County Sheriff's Office - Other,https://nccopwatch.org/agencies/156/search-rate
0500000US37025,38,Cabarrus County Sheriff's Office,Native American,400,195118,28,0.07,0.025329072510081412,1.7636227095223793,2.7636227095223793,Cabarrus County Sheriff's Office - Native American,https://nccopwatch.org/agencies/38/search-rate
0500000US37029,40,Camden County Sheriff's Office,Black,1321,10207,300,0.22710068130204392,0.08223039215686274,1.7617608933303703,2.7617608933303703,Camden County Sheriff's Office - Black,https://nccopwatch.org/agencies/40/search-rate
1600000US3738320,152,Lincolnton Police Department,Asian,17,10759,4,0.23529411764705882,0.08563413553816625,1.7476673427991887,2.747667342799189,Lincolnton Police Department - Asian,https://nccopwatch.org/agencies/152/search-rate
0500000US37005,5,Alleghany County Sheriff's Office,Native American,27,10996,1,0.037037037037037035,0.013510682865521576,1.7413149583692218,2.741314958369222,Alleghany County Sheriff's Office - Native American,https://nccopwatch.org/agencies/5/search-rate
0500000US37137,210,Pamlico County Sheriff's Office,Asian,51,12780,3,0.058823529411764705,0.02158803706823926,1.7248206599713056,2.7248206599713054,Pamlico County Sheriff's Office - Asian,https://nccopwatch.org/agencies/210/search-rate
1600000US3764260,255,Spruce Pine Police Department,Asian,12,2342,2,0.16666666666666666,0.06123456790123457,1.7217741935483868,2.721774193548387,Spruce Pine Police Department - Asian,https://nccopwatch.org/agencies/255/search-rate
1600000US3764260,255,Spruce Pine Police Department,Native American,6,2342,1,0.16666666666666666,0.06123456790123457,1.7217741935483868,2.721774193548387,Spruce Pine Police Department - Native American,https://nccopwatch.org/agencies/255/search-rate
1600000US3773300,303,White Lake Police Department,Asian,2,954,1,0.5,0.18405627198124266,1.7165605095541403,2.7165605095541405,White Lake Police Department - Asian,https://nccopwatch.org/agencies/303/search-rate
1600000US3743480,170,Mint Hill Police Department,Hispanic,1846,24613,254,0.13759479956663057,0.05076367675645654,1.7104971183776623,2.7104971183776625,Mint Hill Police Department - Hispanic,https://nccopwatch.org/agencies/170/search-rate
1600000US3740560,157,Madison Police Department,Native American,5,2300,3,0.6,0.22191967324710687,1.703680981595092,2.7036809815950917,Madison Police Department - Native American,https://nccopwatch.org/agencies/157/search-rate
0500000US37169,262,Stokes County Sheriff's Office,Black,1897,46156,52,0.027411702688455455,0.01014806188654134,1.701176145250914,2.7011761452509138,Stokes County Sheriff's Office - Black,https://nccopwatch.org/agencies/262/search-rate
0500000US37033,49,Caswell County Sheriff's Office,Native American,56,23108,2,0.03571428571428571,0.013335224854589304,1.678191489361702,2.6781914893617023,Caswell County Sheriff's Office - Native American,https://nccopwatch.org/agencies/49/search-rate
1600000US3719000,80,Durham Police Department,Native American,597,252306,71,0.11892797319932999,0.04460020716217983,1.6665340985272097,2.66653409852721,Durham Police Department - Native American,https://nccopwatch.org/agencies/80/search-rate
1600000US3739360,328,Louisburg Police Department,Other,35,3401,29,0.8285714285714286,0.3109079033311561,1.665006002400961,2.665006002400961,Louisburg Police Department - Other,https://nccopwatch.org/agencies/328/search-rate
0500000US37097,129,Iredell County Sheriff's Office,Native American,350,169284,10,0.02857142857142857,0.010794950001930427,1.6467402411608418,2.646740241160842,Iredell County Sheriff's Office - Native American,https://nccopwatch.org/agencies/129/search-rate
0500000US37179,285,Union County Sheriff's Office,Black,24725,216866,478,0.019332659251769465,0.007306770179244206,1.6458556622851366,2.6458556622851366,Union County Sheriff's Office - Black,https://nccopwatch.org/agencies/285/search-rate
1600000US3770820,292,Walnut Creek Police Department,Asian,17,1109,2,0.11764705882352941,0.044530493707647625,1.6419437340153453,2.6419437340153453,Walnut Creek Police Department - Asian,https://nccopwatch.org/agencies/292/search-rate
0500000US37099,130,Jackson County Sheriff's Office,Hispanic,2247,41131,39,0.017356475300400534,0.00657835451022799,1.6384220055965029,2.638422005596503,Jackson County Sheriff's Office - Hispanic,https://nccopwatch.org/agencies/130/search-rate
1600000US3712720,57,Claremont Police Department,Hispanic,108,1608,123,1.1388888888888888,0.43233357717629844,1.6342827599172778,2.634282759917278,Claremont Police Department - Hispanic,https://nccopwatch.org/agencies/57/search-rate
1600000US3714340,65,Conover Police Department,Black,598,8204,278,0.46488294314381273,0.17766497461928935,1.6166268514094604,2.6166268514094604,Conover Police Department - Black,https://nccopwatch.org/agencies/65/search-rate
1600000US3747845,204,North Topsail Beach Police Department,Black,21,969,40,1.9047619047619047,0.7280898876404495,1.6161081716637271,2.6161081716637273,North Topsail Beach Police Department - Black,https://nccopwatch.org/agencies/204/search-rate
1600000US3732260,124,Holly Springs Police Department,Black,3407,30893,1271,0.3730554740240681,0.1427162822601389,1.613965751602707,2.613965751602707,Holly Springs Police Department - Black,https://nccopwatch.org/agencies/124/search-rate
1600000US3771220,296,Washington Police Department,Asian,16,9739,5,0.3125,0.11956989247311828,1.6135341726618706,2.6135341726618706,Washington Police Department - Asian,https://nccopwatch.org/agencies/296/search-rate
0500000US37039,54,Cherokee County Sheriff's Office,Black,339,27668,8,0.02359882005899705,0.009089112823552658,1.5963832243170448,2.596383224317045,Cherokee County Sheriff's Office - Black,https://nccopwatch.org/agencies/54/search-rate
1600000US3714700,66,Cornelius Police Department,Black,1614,27395,518,0.32094175960346966,0.12426009364784875,1.5828224507299489,2.5828224507299486,Cornelius Police Department - Black,https://nccopwatch.org/agencies/66/search-rate
0500000US37121,171,Mitchell County Sheriff's Office,Hispanic,728,15269,9,0.012362637362637362,0.004790419161676647,1.5807005494505493,2.5807005494505493,Mitchell County Sheriff's Office - Hispanic,https://nccopwatch.org/agencies/171/search-rate
0500000US37069,94,Franklin County Sheriff's Office,Black,15929,63754,219,0.013748509008726222,0.00532916914534999,1.579859755572329,2.579859755572329,Franklin County Sheriff's Office - Black,https://nccopwatch.org/agencies/94/search-rate
0500000US37025,38,Cabarrus County Sheriff's Office,Black,32469,195118,2119,0.06526225014629339,0.025329072510081412,1.5765748082689515,2.5765748082689512,Cabarrus County Sheriff's Office - Black,https://nccopwatch.org/agencies/38/search-rate
0500000US37143,215,Perquimans County Sheriff's Office,Other,203,13281,5,0.024630541871921183,0.009581973254712014,1.5705083094245658,2.5705083094245658,Perquimans County Sheriff's Office - Other,https://nccopwatch.org/agencies/215/search-rate
0500000US37037,53,Chatham County Sheriff's Office,Black,8156,68594,303,0.03715056400196175,0.014479415915086814,1.5657501807965024,2.5657501807965026,Chatham County Sheriff's Office - Black,https://nccopwatch.org/agencies/53/search-rate
1600000US3742700,169,Middlesex Police Department,Other,5,983,3,0.6,0.234,1.5641025641025639,2.564102564102564,Middlesex Police Department - Other,https://nccopwatch.org/agencies/169/search-rate
1600000US3752000,219,Pine Knoll Shores Police Department,Hispanic,36,1427,57,1.5833333333333333,0.6176900584795322,1.5633136094674553,2.563313609467455,Pine Knoll Shores Police Department - Hispanic,https://nccopwatch.org/agencies/219/search-rate
1600000US3705880,24,Biltmore Forest Police Department,Asian,9,1552,3,0.3333333333333333,0.13075383589059372,1.5493197278911564,2.5493197278911564,Biltmore Forest Police Department - Asian,https://nccopwatch.org/agencies/24/search-rate
0500000US37099,130,Jackson County Sheriff's Office,Asian,358,41131,6,0.01675977653631285,0.00657835451022799,1.5477156194995023,2.5477156194995025,Jackson County Sheriff's Office - Asian,https://nccopwatch.org/agencies/130/search-rate
1600000US3732180,123,Holly Ridge Police Department,Black,124,2102,193,1.5564516129032258,0.6117445838084379,1.5442834380542945,2.5442834380542942,Holly Ridge Police Department - Black,https://nccopwatch.org/agencies/123/search-rate
1600000US3724570,93,Foxfire Village Police Department,Black,89,1250,22,0.24719101123595505,0.09788867562380038,1.5252258206653448,2.525225820665345,Foxfire Village Police Department - Black,https://nccopwatch.org/agencies/93/search-rate
1600000US3714100,64,Concord Police Department,Native American,180,87081,94,0.5222222222222223,0.20755321756509607,1.516088299418605,2.516088299418605,Concord Police Department - Native American,https://nccopwatch.org/agencies/64/search-rate
1600000US3751820,217,Pilot Mountain Police Department,Hispanic,47,1647,23,0.48936170212765956,0.19477769936485534,1.5124113475177303,2.5124113475177303,Pilot Mountain Police Department - Hispanic,https://nccopwatch.org/agencies/217/search-rate
1600000US3715320,68,Creedmoor Police Department,Asian,23,4327,8,0.34782608695652173,0.13884156729131175,1.505201387036543,2.505201387036543,Creedmoor Police Department - Asian,https://nccopwatch.org/agencies/68/search-rate
0500000US37047,62,Columbus County Sheriff's Office,Asian,188,55511,3,0.015957446808510637,0.006433768264085142,1.4802644660966393,2.4802644660966395,Columbus County Sheriff's Office - Asian,https://nccopwatch.org/agencies/62/search-rate
1600000US3722360,88,Fairmont Department of Public Safety,Native American,297,2612,91,0.3063973063973064,0.12364760432766615,1.4779882154882156,2.4779882154882156,Fairmont Department of Public Safety - Native American,https://nccopwatch.org/agencies/88/search-rate
0500000US37013,20,Beaufort County Sheriff's Office,Native American,57,46763,2,0.03508771929824561,0.0141720054358377,1.4758471521268925,2.4758471521268923,Beaufort County Sheriff's Office - Native American,https://nccopwatch.org/agencies/20/search-rate
1600000US3758720,241,Saint Pauls Police Department,Hispanic,593,2154,208,0.35075885328836426,0.14168377823408623,1.4756458195859914,2.475645819585991,Saint Pauls Police Department - Hispanic,https://nccopwatch.org/agencies/241/search-rate
0500000US37073,100,Gates County Sheriff's Office,Native American,65,11515,3,0.046153846153846156,0.018698060941828253,1.4683760683760687,2.4683760683760685,Gates County Sheriff's Office - Native American,https://nccopwatch.org/agencies/100/search-rate
0500000US37059,74,Davie County Sheriff's Office,Hispanic,2753,41764,130,0.0472212132219397,0.019153511005488597,1.4654076847011532,2.4654076847011535,Davie County Sheriff's Office - Hispanic,https://nccopwatch.org/agencies/74/search-rate
0500000US37019,31,Brunswick County Sheriff's Office,Black,11987,120677,236,0.019687995328272295,0.008022397556630185,1.4541286054816578,2.4541286054816576,Brunswick County Sheriff's Office - Black,https://nccopwatch.org/agencies/31/search-rate
1600000US3757100,233,Robersonville Police Department,Native American,3,1527,1,0.3333333333333333,0.1359447004608295,1.4519774011299436,2.451977401129944,Robersonville Police Department - Native American,https://nccopwatch.org/agencies/233/search-rate
1600000US3710620,44,Carrboro Police Department,Black,2311,20425,547,0.23669407183037647,0.09654068881438586,1.451754537254823,2.451754537254823,Carrboro Police Department - Black,https://nccopwatch.org/agencies/44/search-rate
1600000US3700160,1,Aberdeen Police Department,Native American,70,7134,53,0.7571428571428571,0.3089761856299613,1.450489365706757,2.450489365706757,Aberdeen Police Department - Native American,https://nccopwatch.org/agencies/1/search-rate
1600000US3721360,87,Enfield Police Department,Native American,14,2426,7,0.5,0.20434782608695654,1.4468085106382975,2.4468085106382977,Enfield Police Department - Native American,https://nccopwatch.org/agencies/87/search-rate
1600000US3744960,181,Mount Holly Police Department,Black,2247,14651,457,0.20338228749443701,0.08312271833754563,1.4467713708367913,2.4467713708367915,Mount Holly Police Department - Black,https://nccopwatch.org/agencies/181/search-rate
1600000US3716400,73,Davidson Police Department,Black,1045,12215,379,0.3626794258373206,0.14840319361277446,1.4438788479421334,2.443878847942133,Davidson Police Department - Black,https://nccopwatch.org/agencies/73/search-rate
0500000US37125,175,Moore County Sheriff's Office,Black,11375,93276,148,0.01301098901098901,0.00533689126084056,1.437934065934066,2.437934065934066,Moore County Sheriff's Office - Black,https://nccopwatch.org/agencies/175/search-rate
0500000US37057,72,Davidson County Sheriff's Office,Black,15059,164335,335,0.022245833056643866,0.00913996754594513,1.4339072261271917,2.4339072261271917,Davidson County Sheriff's Office - Black,https://nccopwatch.org/agencies/72/search-rate
0500000US37077,103,Granville County Sheriff's Office,Other,1621,59001,14,0.00863664404688464,0.0035525543159130946,1.4311082333627339,2.4311082333627336,Granville County Sheriff's Office - Other,https://nccopwatch.org/agencies/103/search-rate
0500000US37083,109,Halifax County Sheriff's Office,Native American,1687,52439,62,0.036751630112625965,0.015226681074708974,1.413633669235329,2.4136336692353293,Halifax County Sheriff's Office - Native American,https://nccopwatch.org/agencies/109/search-rate
0500000US37097,129,Iredell County Sheriff's Office,Black,20159,169284,521,0.025844535939282702,0.010794950001930427,1.3941320649619502,2.3941320649619504,Iredell County Sheriff's Office - Black,https://nccopwatch.org/agencies/129/search-rate
1600000US3751940,218,Pinehurst Police Department,Hispanic,516,15272,146,0.28294573643410853,0.11829811700445594,1.3918025375116563,2.3918025375116563,Pinehurst Police Department - Hispanic,https://nccopwatch.org/agencies/218/search-rate
1600000US3758920,243,Saluda Police Department,Other,12,723,4,0.3333333333333333,0.13943028485757122,1.3906810035842292,2.390681003584229,Saluda Police Department - Other,https://nccopwatch.org/agencies/243/search-rate
0500000US37017,26,Bladen County Sheriff's Office,Native American,770,33322,9,0.011688311688311689,0.004892798240791644,1.388880782139209,2.388880782139209,Bladen County Sheriff's Office - Native American,https://nccopwatch.org/agencies/26/search-rate
0500000US37069,94,Franklin County Sheriff's Office,Native American,236,63754,3,0.012711864406779662,0.00532916914534999,1.3853370122191568,2.385337012219157,Franklin County Sheriff's Office - Native American,https://nccopwatch.org/agencies/94/search-rate
1600000US3771100,294,Warrenton Police Department,Hispanic,50,1040,7,0.14,0.058712121212121215,1.384516129032258,2.3845161290322583,Warrenton Police Department - Hispanic,https://nccopwatch.org/agencies/294/search-rate
0500000US37137,210,Pamlico County Sheriff's Office,Native American,39,12780,2,0.05128205128205128,0.02158803706823926,1.3754846779237022,2.375484677923702,Pamlico County Sheriff's Office - Native American,https://nccopwatch.org/agencies/210/search-rate
0500000US37071,98,Gaston County Sheriff's Office,Black,33473,214110,72,0.0021509873629492427,0.0009089117847086715,1.3665523972039675,2.3665523972039675,Gaston County Sheriff's Office - Black,https://nccopwatch.org/agencies/98/search-rate
0500000US37111,166,McDowell County Sheriff's Office,Black,1638,44833,17,0.010378510378510378,0.004387410920341863,1.3655204782372412,2.365520478237241,McDowell County Sheriff's Office - Black,https://nccopwatch.org/agencies/166/search-rate
0500000US37147,222,Pitt County Sheriff's Office,Black,58456,170965,514,0.008792938278363213,0.003738258708563245,1.3521481427224906,2.3521481427224904,Pitt County Sheriff's Office - Black,https://nccopwatch.org/agencies/222/search-rate
0500000US37151,226,Randolph County Sheriff's Office,Hispanic,15868,142471,360,0.02268716914544996,0.00965758665880925,1.349155119903135,2.349155119903135,Randolph County Sheriff's Office - Hispanic,https://nccopwatch.org/agencies/226/search-rate
1600000US3714100,64,Concord Police Department,Black,16702,87081,8102,0.4850916057957131,0.20755321756509607,1.3371914513614858,2.3371914513614858,Concord Police Department - Black,https://nccopwatch.org/agencies/64/search-rate
0500000US37143,215,Perquimans County Sheriff's Office,Hispanic,313,13281,7,0.022364217252396165,0.009581973254712014,1.333988695011059,2.333988695011059,Perquimans County Sheriff's Office - Hispanic,https://nccopwatch.org/agencies/215/search-rate
0500000US37191,299,Wayne County Sheriff's Office,Hispanic,13175,121472,231,0.017533206831119544,0.0075247284422598456,1.3300783497582176,2.3300783497582174,Wayne County Sheriff's Office - Hispanic,https://nccopwatch.org/agencies/299/search-rate
1600000US3741960,163,Matthews Police Department,Hispanic,1749,29305,579,0.33104631217838765,0.1425982407284622,1.3215315314357294,2.3215315314357294,Matthews Police Department - Hispanic,https://nccopwatch.org/agencies/163/search-rate
0500000US37183,290,Wake County Sheriff's Office,Black,198738,996531,3162,0.01591039458986203,0.006871146972080383,1.315536933573235,2.315536933573235,Wake County Sheriff's Office - Black,https://nccopwatch.org/agencies/290/search-rate
1600000US3712720,57,Claremont Police Department,Native American,2,1608,2,1.0,0.43233357717629844,1.3130287648054149,2.3130287648054146,Claremont Police Department - Native American,https://nccopwatch.org/agencies/57/search-rate
1600000US3737220,145,Laurinburg Police Department,Native American,977,15507,106,0.10849539406345957,0.04691797443779324,1.3124483817456674,2.3124483817456674,Laurinburg Police Department - Native American,https://nccopwatch.org/agencies/145/search-rate
0500000US37113,155,Macon County Sheriff's Office,Other,478,34594,10,0.02092050209205021,0.009068318972472327,1.306987894399857,2.3069878943998567,Macon County Sheriff's Office - Other,https://nccopwatch.org/agencies/155/search-rate
1600000US3741580,160,Marshall Police Department,Asian,4,830,2,0.5,0.21715076071922546,1.302547770700637,2.302547770700637,Marshall Police Department - Asian,https://nccopwatch.org/agencies/160/search-rate
1600000US3755000,225,Raleigh Police Department,Black,123166,434086,24475,0.1987155546173457,0.08635636803664809,1.3011106086932047,2.3011106086932047,Raleigh Police Department - Black,https://nccopwatch.org/agencies/225/search-rate
0500000US37145,216,Person County Sheriff's Office,Hispanic,1667,39117,38,0.022795440911817635,0.009940281256020035,1.2932390266132816,2.2932390266132816,Person County Sheriff's Office - Hispanic,https://nccopwatch.org/agencies/216/search-rate
1600000US3742060,164,Mayodan Police Department,Hispanic,65,2522,36,0.5538461538461539,0.24189760450915923,1.2895892457057507,2.2895892457057507,Mayodan Police Department - Hispanic,https://nccopwatch.org/agencies/164/search-rate
1600000US3757100,233,Robersonville Police Department,Hispanic,45,1527,14,0.3111111111111111,0.1359447004608295,1.2885122410546141,2.2885122410546144,Robersonville Police Department - Hispanic,https://nccopwatch.org/agencies/233/search-rate
1600000US3775280,343,Woodfin Police Department,Black,227,6551,47,0.20704845814977973,0.09085757461276918,1.2788244021724195,2.2788244021724195,Woodfin Police Department - Black,https://nccopwatch.org/agencies/343/search-rate
1600000US3751080,213,Pembroke Police Department,Native American,1776,2950,247,0.13907657657657657,0.061124694376528114,1.2752927927927926,2.2752927927927926,Pembroke Police Department - Native American,https://nccopwatch.org/agencies/213/search-rate
1600000US3750340,211,Parkton Police Department,Hispanic,31,495,37,1.1935483870967742,0.5261538461538462,1.268439916996793,2.268439916996793,Parkton Police Department - Hispanic,https://nccopwatch.org/agencies/211/search-rate
1600000US3751780,335,Pikeville Police Department,Other,12,677,7,0.5833333333333334,0.2578397212543554,1.2623873873873876,2.2623873873873874,Pikeville Police Department - Other,https://nccopwatch.org/agencies/335/search-rate
1600000US3764420,256,Stallings Police Department,Hispanic,1066,14374,265,0.24859287054409004,0.10993936198259953,1.261181673797922,2.261181673797922,Stallings Police Department - Hispanic,https://nccopwatch.org/agencies/256/search-rate
0500000US37123,173,Montgomery County Sheriff's Office,Black,4914,27183,98,0.019943019943019943,0.008824383164005805,1.259990253411306,2.2599902534113063,Montgomery County Sheriff's Office - Black,https://nccopwatch.org/agencies/173/search-rate
0500000US37199,313,Yancey County Sheriff's Office,Asian,53,17934,1,0.018867924528301886,0.008353365384615384,1.2587213248269309,2.258721324826931,Yancey County Sheriff's Office - Asian,https://nccopwatch.org/agencies/313/search-rate
1600000US3744520,178,Morrisville Police Department,Black,2841,22782,1107,0.38965153115100315,0.17333892265772374,1.247917116229064,2.247917116229064,Morrisville Police Department - Black,https://nccopwatch.org/agencies/178/search-rate
0500000US37161,240,Rutherford County Sheriff's Office,Asian,315,66230,6,0.01904761904761905,0.008499095840867993,1.2411347517730498,2.2411347517730498,Rutherford County Sheriff's Office - Asian,https://nccopwatch.org/agencies/240/search-rate
1600000US3771780,300,Weldon Police Department,Hispanic,12,1666,8,0.6666666666666666,0.2975609756097561,1.2404371584699454,2.2404371584699456,Weldon Police Department - Hispanic,https://nccopwatch.org/agencies/300/search-rate
1600000US3737680,147,Leland Police Department,Hispanic,843,17291,141,0.16725978647686832,0.07466047428048694,1.2402722201911176,2.240272220191118,Leland Police Department - Hispanic,https://nccopwatch.org/agencies/147/search-rate
1600000US3771460,298,Waxhaw Police Department,Black,1224,13189,411,0.33578431372549017,0.15038051750380518,1.2328977137413666,2.232897713741367,Waxhaw Police Department - Black,https://nccopwatch.org/agencies/298/search-rate
0500000US37189,297,Watauga County Sheriff's Office,Black,763,52378,8,0.010484927916120577,0.0047035318112759895,1.2291606258481307,2.229160625848131,Watauga County Sheriff's Office - Black,https://nccopwatch.org/agencies/297/search-rate
1600000US3739880,165,McAdenville Police Department,Hispanic,16,749,4,0.25,0.11235955056179775,1.225,2.225,McAdenville Police Department - Hispanic,https://nccopwatch.org/agencies/165/search-rate
1600000US3725300,95,Fuquay-Varina Police Department,Black,4245,24221,1502,0.35382803297997645,0.15929257323447185,1.2212462627441942,2.2212462627441942,Fuquay-Varina Police Department - Black,https://nccopwatch.org/agencies/95/search-rate
0500000US37119,168,Mecklenburg County Sheriff's Office,Black,306106,1006623,1234,0.004031283280954963,0.0018201816487931806,1.2147697641209552,2.2147697641209554,Mecklenburg County Sheriff's Office - Black,https://nccopwatch.org/agencies/168/search-rate
0500000US37131,203,Northampton County Sheriff's Office,Hispanic,382,20289,6,0.015706806282722512,0.0071129175663660615,1.208208676140613,2.208208676140613,Northampton County Sheriff's Office - Hispanic,https://nccopwatch.org/agencies/203/search-rate
1600000US3735600,138,Kernersville Police Department,Black,3309,24214,1438,0.43457237836204293,0.197226235192141,1.203420746426942,2.203420746426942,Kernersville Police Department - Black,https://nccopwatch.org/agencies/138/search-rate
0500000US37145,216,Person County Sheriff's Office,Asian,137,39117,3,0.021897810218978103,0.009940281256020035,1.2029366830758783,2.2029366830758783,Person County Sheriff's Office - Asian,https://nccopwatch.org/agencies/216/search-rate
0500000US37185,293,Warren County Sheriff's Office,Other,586,20041,13,0.02218430034129693,0.010108966784823422,1.1945170870085544,2.1945170870085544,Warren County Sheriff's Office - Other,https://nccopwatch.org/agencies/293/search-rate
0500000US37197,312,Yadkin County Sheriff's Office,Hispanic,3970,37790,64,0.016120906801007556,0.007366022659883268,1.1885497160910214,2.1885497160910212,Yadkin County Sheriff's Office - Hispanic,https://nccopwatch.org/agencies/312/search-rate
1600000US3771860,340,Wendell Police Department,Black,1744,7168,686,0.393348623853211,0.1802268244575937,1.1825198609420298,2.1825198609420298,Wendell Police Department - Black,https://nccopwatch.org/agencies/340/search-rate
0500000US37061,78,Duplin County Sheriff's Office,Native American,118,56460,2,0.01694915254237288,0.007773610637572452,1.1803449301219149,2.180344930121915,Duplin County Sheriff's Office - Native American,https://nccopwatch.org/agencies/78/search-rate
0500000US37159,238,Rowan County Sheriff's Office,Black,22206,140322,513,0.023101864360983517,0.010611330542946412,1.177094028640908,2.1770940286409077,Rowan County Sheriff's Office - Black,https://nccopwatch.org/agencies/238/search-rate
0500000US37005,5,Alleghany County Sheriff's Office,Hispanic,1089,10996,32,0.02938475665748393,0.013510682865521576,1.1749275702764073,2.1749275702764073,Alleghany County Sheriff's Office - Hispanic,https://nccopwatch.org/agencies/5/search-rate
1600000US3747240,202,Norlina Police Department,Hispanic,25,1070,7,0.28,0.12903225806451613,1.1700000000000004,2.1700000000000004,Norlina Police Department - Hispanic,https://nccopwatch.org/agencies/202/search-rate
1600000US3732260,124,Holly Springs Police Department,Hispanic,1677,30893,518,0.30888491353607633,0.1427162822601389,1.164328474960203,2.164328474960203,Holly Springs Police Department - Hispanic,https://nccopwatch.org/agencies/124/search-rate
1600000US3723760,91,Fletcher Police Department,Hispanic,402,7392,122,0.3034825870646766,0.1406861977126743,1.1571596361178518,2.1571596361178518,Fletcher Police Department - Hispanic,https://nccopwatch.org/agencies/91/search-rate
0500000US37085,110,Harnett County Sheriff's Office,Black,25570,124487,397,0.015526007039499414,0.00720711445155146,1.1542612017431142,2.154261201743114,Harnett County Sheriff's Office - Black,https://nccopwatch.org/agencies/110/search-rate
0500000US37073,100,Gates County Sheriff's Office,Black,3820,11515,153,0.04005235602094241,0.018698060941828253,1.142059336823735,2.142059336823735,Gates County Sheriff's Office - Black,https://nccopwatch.org/agencies/100/search-rate
0500000US37161,240,Rutherford County Sheriff's Office,Black,6378,66230,116,0.018187519598620257,0.008499095840867993,1.1399358166036173,2.139935816603617,Rutherford County Sheriff's Office - Black,https://nccopwatch.org/agencies/240/search-rate
0500000US37073,100,Gates County Sheriff's Office,Asian,50,11515,2,0.04,0.018698060941828253,1.1392592592592594,2.1392592592592594,Gates County Sheriff's Office - Asian,https://nccopwatch.org/agencies/100/search-rate
1600000US3727280,102,Graham Police Department,Black,3203,14983,1040,0.3246955978769903,0.1524390243902439,1.1300031220730564,2.1300031220730564,Graham Police Department - Black,https://nccopwatch.org/agencies/102/search-rate
0500000US37113,155,Macon County Sheriff's Office,Hispanic,2330,34594,45,0.019313304721030045,0.009068318972472327,1.1297557771905977,2.1297557771905975,Macon County Sheriff's Office - Hispanic,https://nccopwatch.org/agencies/155/search-rate
0500000US37163,244,Sampson County Sheriff's Office,Black,16115,62629,190,0.01179025752404592,0.00554016620498615,1.1281414830902885,2.1281414830902885,Sampson County Sheriff's Office - Black,https://nccopwatch.org/agencies/244/search-rate
0500000US37001,2,Alamance County Sheriff's Office,Black,29564,158227,1051,0.03554999323501556,0.016727846314129092,1.1251984605447047,2.1251984605447047,Alamance County Sheriff's Office - Black,https://nccopwatch.org/agencies/2/search-rate
0500000US37043,58,Clay County Sheriff's Office,Other,71,10761,5,0.07042253521126761,0.03317255635397185,1.1229155347515358,2.122915534751536,Clay County Sheriff's Office - Other,https://nccopwatch.org/agencies/58/search-rate
1600000US3719000,80,Durham Police Department,Black,96758,252306,9161,0.09467950970462391,0.04460020716217983,1.1228491015824345,2.1228491015824345,Durham Police Department - Black,https://nccopwatch.org/agencies/80/search-rate
1600000US3756900,231,Roanoke Rapids Police Department,Black,5050,15397,1541,0.30514851485148514,0.14382950234322694,1.1215989062055935,2.1215989062055938,Roanoke Rapids Police Department - Black,https://nccopwatch.org/agencies/231/search-rate
1600000US3755660,227,Red Springs Police Department,Black,1675,3364,50,0.029850746268656716,0.014238773274917854,1.0964408725602754,2.0964408725602754,Red Springs Police Department - Black,https://nccopwatch.org/agencies/227/search-rate
0500000US37173,268,Swain County Sheriff's Office,Asian,71,14064,4,0.056338028169014086,0.0268992684299381,1.0944074488773645,2.0944074488773645,Swain County Sheriff's Office - Asian,https://nccopwatch.org/agencies/268/search-rate
0500000US37101,132,Johnston County Sheriff's Office,Black,28678,186319,982,0.03424227630936606,0.016370819566125967,1.0916653666026106,2.0916653666026104,Johnston County Sheriff's Office - Black,https://nccopwatch.org/agencies/132/search-rate
0500000US37017,26,Bladen County Sheriff's Office,Hispanic,2450,33322,25,0.01020408163265306,0.004892798240791644,1.085530841550103,2.085530841550103,Bladen County Sheriff's Office - Hispanic,https://nccopwatch.org/agencies/26/search-rate
0500000US37043,58,Clay County Sheriff's Office,Asian,29,10761,2,0.06896551724137931,0.03317255635397185,1.078993144377366,2.0789931443773657,Clay County Sheriff's Office - Asian,https://nccopwatch.org/agencies/58/search-rate
0500000US37127,185,Nash County Sheriff's Office,Hispanic,6240,94622,197,0.03157051282051282,0.015196821365665834,1.0774418584560093,2.0774418584560093,Nash County Sheriff's Office - Hispanic,https://nccopwatch.org/agencies/185/search-rate
0500000US37145,216,Person County Sheriff's Office,Black,10417,39117,214,0.02054334261303638,0.009940281256020035,1.0666761919432528,2.0666761919432526,Person County Sheriff's Office - Black,https://nccopwatch.org/agencies/216/search-rate
0500000US37105,146,Lee County Sheriff's Office,Black,11405,59816,243,0.021306444541867604,0.010359884699905819,1.056629504965562,2.056629504965562,Lee County Sheriff's Office - Black,https://nccopwatch.org/agencies/146/search-rate
1600000US3748700,206,Ocean Isle Beach Police Department,Native American,3,783,3,1.0,0.4879679144385027,1.0493150684931505,2.0493150684931507,Ocean Isle Beach Police Department - Native American,https://nccopwatch.org/agencies/206/search-rate
0500000US37003,4,Alexander County Sheriff's Office,Hispanic,1663,36924,20,0.012026458208057728,0.0058721183123097,1.0480612903944235,2.0480612903944238,Alexander County Sheriff's Office - Hispanic,https://nccopwatch.org/agencies/4/search-rate
1600000US3765900,265,Sunset Beach Police Department,Asian,24,3716,1,0.041666666666666664,0.020368303571428572,1.045662100456621,2.045662100456621,Sunset Beach Police Department - Asian,https://nccopwatch.org/agencies/265/search-rate
1600000US3751080,213,Pembroke Police Department,Asian,16,2950,2,0.125,0.061124694376528114,1.045,2.045,Pembroke Police Department - Asian,https://nccopwatch.org/agencies/213/search-rate
1600000US3751080,213,Pembroke Police Department,Hispanic,40,2950,5,0.125,0.061124694376528114,1.045,2.045,Pembroke Police Department - Hispanic,https://nccopwatch.org/agencies/213/search-rate
1600000US3742240,167,Mebane Police Department,Black,3119,13907,1324,0.4244950304584803,0.20804469273743018,1.0404030733638017,2.0404030733638017,Mebane Police Department - Black,https://nccopwatch.org/agencies/167/search-rate
1600000US3731360,118,Highlands Police Department,Black,20,1099,9,0.45,0.22076612903225806,1.0383561643835617,2.0383561643835617,Highlands Police Department - Black,https://nccopwatch.org/agencies/118/search-rate
1600000US3766700,270,Tarboro Police Department,Black,5315,11039,1726,0.32474129821260583,0.1596177307848719,1.0344938912224146,2.0344938912224144,Tarboro Police Department - Black,https://nccopwatch.org/agencies/270/search-rate
1600000US3716400,73,Davidson Police Department,Hispanic,574,12215,173,0.30139372822299654,0.14840319361277446,1.0309113361092301,2.03091133610923,Davidson Police Department - Hispanic,https://nccopwatch.org/agencies/73/search-rate
0500000US37097,129,Iredell County Sheriff's Office,Hispanic,12389,169284,270,0.02179352651545726,0.010794950001930427,1.0188631268843293,2.0188631268843293,Iredell County Sheriff's Office - Hispanic,https://nccopwatch.org/agencies/129/search-rate
0500000US37107,148,Lenoir County Sheriff's Office,Hispanic,4121,57595,48,0.011647658335355497,0.0057731531095516295,1.0175557644720268,2.017555764472027,Lenoir County Sheriff's Office - Hispanic,https://nccopwatch.org/agencies/148/search-rate
1600000US3763120,253,Southern Pines Police Department,Black,2651,13546,638,0.24066390041493776,0.11941837681757245,1.0153003819720652,2.0153003819720654,Southern Pines Police Department - Black,https://nccopwatch.org/agencies/253/search-rate
1600000US3775820,311,Wrightsville Beach Police Department,Native American,2,2579,3,1.5,0.7450980392156863,1.013157894736842,2.013157894736842,Wrightsville Beach Police Department - Native American,https://nccopwatch.org/agencies/311/search-rate
0500000US37009,12,Ashe County Sheriff's Office,Asian,99,26832,2,0.020202020202020204,0.010036130068245684,1.0129292929292932,2.012929292929293,Ashe County Sheriff's Office - Asian,https://nccopwatch.org/agencies/12/search-rate
0500000US37009,12,Ashe County Sheriff's Office,Native American,99,26832,2,0.020202020202020204,0.010036130068245684,1.0129292929292932,2.012929292929293,Ashe County Sheriff's Office - Native American,https://nccopwatch.org/agencies/12/search-rate
0500000US37135,209,Orange County Sheriff's Office,Hispanic,11507,139213,191,0.016598592161293127,0.008289366778768525,1.0023956719838891,2.002395671983889,Orange County Sheriff's Office - Hispanic,https://nccopwatch.org/agencies/209/search-rate
0500000US37015,23,Bertie County Sheriff's Office,Black,12178,19734,82,0.0067334537690918045,0.0033645406670567584,1.0012995637178945,2.0012995637178945,Bertie County Sheriff's Office - Black,https://nccopwatch.org/agencies/23/search-rate
1600000US3775060,342,Winterville Police Department,Native American,10,9277,2,0.2,0.10022564874012786,0.9954971857410884,1.9954971857410884,Winterville Police Department - Native American,https://nccopwatch.org/agencies/342/search-rate
1600000US3732640,125,Hope Mills Police Department,Native American,260,15889,95,0.36538461538461536,0.18312121586556282,0.9953155818540435,1.9953155818540433,Hope Mills Police Department - Native American,https://nccopwatch.org/agencies/125/search-rate
0500000US37061,78,Duplin County Sheriff's Office,Asian,194,56460,3,0.015463917525773196,0.007773610637572452,0.9892837764514378,1.9892837764514377,Duplin County Sheriff's Office - Asian,https://nccopwatch.org/agencies/78/search-rate
0500000US37165,246,Scotland County Sheriff's Office,Hispanic,968,35514,9,0.009297520661157025,0.004696325442660405,0.9797436899709626,1.9797436899709626,Scotland County Sheriff's Office - Hispanic,https://nccopwatch.org/agencies/246/search-rate
0500000US37079,104,Greene County Sheriff's Office,Black,7405,21001,87,0.01174881836596894,0.005977710233029382,0.9654379198663294,1.9654379198663294,Greene County Sheriff's Office - Black,https://nccopwatch.org/agencies/104/search-rate
1600000US3766700,270,Tarboro Police Department,Hispanic,610,11039,191,0.31311475409836065,0.1596177307848719,0.961653962618774,1.9616539626187741,Tarboro Police Department - Hispanic,https://nccopwatch.org/agencies/270/search-rate
1600000US3740660,329,Maiden Police Department,Black,346,3437,147,0.42485549132947975,0.2167704137678506,0.9599330182783938,1.9599330182783938,Maiden Police Department - Black,https://nccopwatch.org/agencies/329/search-rate
0500000US37167,257,Stanly County Sheriff's Office,Native American,111,61097,2,0.018018018018018018,0.009213709677419355,0.9555660693516271,1.9555660693516272,Stanly County Sheriff's Office - Native American,https://nccopwatch.org/agencies/257/search-rate
1600000US3721160,326,Emerald Isle Police Department,Hispanic,106,3719,64,0.6037735849056604,0.3087557603686636,0.9555054914108702,1.9555054914108703,Emerald Isle Police Department - Hispanic,https://nccopwatch.org/agencies/326/search-rate
0500000US37117,162,Martin County Sheriff's Office,Asian,99,23329,2,0.020202020202020204,0.010337413165729408,0.9542626262626265,1.9542626262626266,Martin County Sheriff's Office - Asian,https://nccopwatch.org/agencies/162/search-rate
0500000US37163,244,Sampson County Sheriff's Office,Hispanic,11455,62629,124,0.010824967263203842,0.00554016620498615,0.9539065910082934,1.9539065910082933,Sampson County Sheriff's Office - Hispanic,https://nccopwatch.org/agencies/244/search-rate
0500000US37083,109,Halifax County Sheriff's Office,Black,27141,52439,807,0.029733613352492538,0.015226681074708974,0.9527310782045019,1.952731078204502,Halifax County Sheriff's Office - Black,https://nccopwatch.org/agencies/109/search-rate
0500000US37051,69,Cumberland County Sheriff's Office,Native American,3606,326162,67,0.01858014420410427,0.009516143335629942,0.9524867952059193,1.9524867952059193,Cumberland County Sheriff's Office - Native American,https://nccopwatch.org/agencies/69/search-rate
0500000US37161,240,Rutherford County Sheriff's Office,Hispanic,2666,66230,44,0.016504126031507877,0.008499095840867993,0.9418684458348628,1.9418684458348627,Rutherford County Sheriff's Office - Hispanic,https://nccopwatch.org/agencies/240/search-rate
1600000US3774540,308,Wilson Police Department,Black,23116,48787,4054,0.17537636269250736,0.09041297161148135,0.9397256783697695,1.9397256783697694,Wilson Police Department - Black,https://nccopwatch.org/agencies/308/search-rate
1600000US3707080,28,Boone Police Department,Black,454,17931,65,0.14317180616740088,0.07422732117108645,0.92882895285153,1.9288289528515299,Boone Police Department - Black,https://nccopwatch.org/agencies/28/search-rate
0500000US37055,71,Dare County Sheriff's Office,Black,1022,35321,192,0.18786692759295498,0.09741704556447713,0.9284810630867681,1.9284810630867681,Dare County Sheriff's Office - Black,https://nccopwatch.org/agencies/71/search-rate
1600000US3710500,43,Carolina Beach Police Department,Hispanic,121,6081,42,0.34710743801652894,0.18002788428023703,0.9280759722544462,1.928075972254446,Carolina Beach Police Department - Hispanic,https://nccopwatch.org/agencies/43/search-rate
1600000US3744220,176,Mooresville Police Department,Native American,63,36983,24,0.38095238095238093,0.19787502251035477,0.9252171199750375,1.9252171199750374,Mooresville Police Department - Native American,https://nccopwatch.org/agencies/176/search-rate
0500000US37017,26,Bladen County Sheriff's Office,Other,425,33322,4,0.009411764705882352,0.004892798240791644,0.9235955056179773,1.9235955056179774,Bladen County Sheriff's Office - Other,https://nccopwatch.org/agencies/26/search-rate
1600000US3712000,52,Charlotte-Mecklenburg Police Department,Black,274409,799736,49068,0.17881337711226672,0.09315239304984209,0.9195789958567236,1.9195789958567238,Charlotte-Mecklenburg Police Department - Black,https://nccopwatch.org/agencies/52/search-rate
1600000US3737680,147,Leland Police Department,Native American,63,17291,9,0.14285714285714285,0.07466047428048694,0.9134239935370944,1.9134239935370942,Leland Police Department - Native American,https://nccopwatch.org/agencies/147/search-rate
1600000US3774440,306,Wilmington Police Department,Black,20692,112574,4125,0.19935240672723759,0.10440092337478592,0.909488922924446,1.909488922924446,Wilmington Police Department - Black,https://nccopwatch.org/agencies/306/search-rate
1600000US3732180,123,Holly Ridge Police Department,Hispanic,131,2102,153,1.16793893129771,0.6117445838084379,0.9091937423077197,1.9091937423077197,Holly Ridge Police Department - Hispanic,https://nccopwatch.org/agencies/123/search-rate
0500000US37149,224,Polk County Sheriff's Office,Hispanic,1113,20153,74,0.0664869721473495,0.034910739586285065,0.9044847784739967,1.9044847784739967,Polk County Sheriff's Office - Hispanic,https://nccopwatch.org/agencies/224/search-rate
0500000US37057,72,Davidson County Sheriff's Office,Hispanic,11291,164335,196,0.01735895846249225,0.00913996754594513,0.8992363348372507,1.8992363348372507,Davidson County Sheriff's Office - Hispanic,https://nccopwatch.org/agencies/72/search-rate
0500000US37003,4,Alexander County Sheriff's Office,Black,1982,36924,22,0.011099899091826439,0.0058721183123097,0.8902717046006654,1.8902717046006654,Alexander County Sheriff's Office - Black,https://nccopwatch.org/agencies/4/search-rate
1600000US3712860,59,Clayton Police Department,Black,4631,19736,1442,0.3113798315698553,0.16491399690225808,0.8881346484762311,1.8881346484762311,Clayton Police Department - Black,https://nccopwatch.org/agencies/59/search-rate
0500000US37175,274,Transylvania County Sheriff's Office,Hispanic,1032,32906,20,0.01937984496124031,0.010272352503885923,0.8866024071807426,1.8866024071807426,Transylvania County Sheriff's Office - Hispanic,https://nccopwatch.org/agencies/274/search-rate
0500000US37149,224,Polk County Sheriff's Office,Asian,76,20153,5,0.06578947368421052,0.034910739586285065,0.8845052973342447,1.8845052973342447,Polk County Sheriff's Office - Asian,https://nccopwatch.org/agencies/224/search-rate
0500000US37027,39,Caldwell County Sheriff's Office,Black,3743,81599,60,0.016029922522041145,0.008520743120547562,0.8812822186113535,1.8812822186113536,Caldwell County Sheriff's Office - Black,https://nccopwatch.org/agencies/39/search-rate
1600000US3728080,106,Greenville Police Department,Black,32935,87098,6097,0.1851222104144527,0.09866928446771378,0.8761888404595429,1.8761888404595428,Greenville Police Department - Black,https://nccopwatch.org/agencies/106/search-rate
1600000US3744220,176,Mooresville Police Department,Black,4051,36983,1496,0.369291532954826,0.19787502251035477,0.866286751454449,1.866286751454449,Mooresville Police Department - Black,https://nccopwatch.org/agencies/176/search-rate
0500000US37125,175,Moore County Sheriff's Office,Hispanic,6025,93276,60,0.00995850622406639,0.00533689126084056,0.8659751037344399,1.8659751037344399,Moore County Sheriff's Office - Hispanic,https://nccopwatch.org/agencies/175/search-rate
1600000US3725300,95,Fuquay-Varina Police Department,Hispanic,2190,24221,650,0.2968036529680365,0.15929257323447185,0.863261085820707,1.863261085820707,Fuquay-Varina Police Department - Hispanic,https://nccopwatch.org/agencies/95/search-rate
0500000US37087,112,Haywood County Sheriff's Office,Native American,257,59938,10,0.038910505836575876,0.020888617944488274,0.8627611429334847,1.8627611429334847,Haywood County Sheriff's Office - Native American,https://nccopwatch.org/agencies/112/search-rate
0500000US37063,79,Durham County Sheriff's Office,Native American,709,293457,15,0.021156558533145273,0.011420059582919563,0.8525786472067209,1.852578647206721,Durham County Sheriff's Office - Native American,https://nccopwatch.org/agencies/79/search-rate
1600000US3736080,142,Knightdale Police Department,Hispanic,1736,14154,586,0.33755760368663595,0.1822144725370532,0.8525290498974709,1.852529049897471,Knightdale Police Department - Hispanic,https://nccopwatch.org/agencies/142/search-rate
1600000US3775060,342,Winterville Police Department,Other,205,9277,38,0.18536585365853658,0.10022564874012786,0.8494851965405208,1.8494851965405208,Winterville Police Department - Other,https://nccopwatch.org/agencies/342/search-rate
0500000US37143,215,Perquimans County Sheriff's Office,Black,3222,13281,57,0.017690875232774673,0.009581973254712014,0.846266396545726,1.846266396545726,Perquimans County Sheriff's Office - Black,https://nccopwatch.org/agencies/215/search-rate
1600000US3757640,237,Rolesville Police Department,Black,1348,5981,383,0.2841246290801187,0.15392615704628185,0.8458502085171226,1.8458502085171227,Rolesville Police Department - Black,https://nccopwatch.org/agencies/237/search-rate
0500000US37199,313,Yancey County Sheriff's Office,Native American,65,17934,1,0.015384615384615385,0.008353365384615384,0.8417266187050361,1.841726618705036,Yancey County Sheriff's Office - Native American,https://nccopwatch.org/agencies/313/search-rate
0500000US37147,222,Pitt County Sheriff's Office,Hispanic,10177,170965,70,0.00687825488847401,0.003738258708563245,0.8399622457156223,1.8399622457156224,Pitt County Sheriff's Office - Hispanic,https://nccopwatch.org/agencies/222/search-rate
1600000US3771500,323,Waynesville Police Department,Black,204,9951,41,0.20098039215686275,0.10950044603033006,0.8354298949722456,1.8354298949722456,Waynesville Police Department - Black,https://nccopwatch.org/agencies/323/search-rate
1600000US3745640,182,Murfreesboro Police Department,Black,1471,2846,164,0.1114887831407206,0.060955518945634266,0.8290186855788487,1.8290186855788488,Murfreesboro Police Department - Black,https://nccopwatch.org/agencies/182/search-rate
1600000US3757500,236,Rocky Mount Police Department,Black,34783,56103,5092,0.1463933530747779,0.08010842609147009,0.8274401360428901,1.82744013604289,Rocky Mount Police Department - Black,https://nccopwatch.org/agencies/236/search-rate
0500000US37115,156,Madison County Sheriff's Office,Hispanic,503,21086,12,0.02385685884691849,0.013059043009126204,0.8268458745595921,1.8268458745595921,Madison County Sheriff's Office - Hispanic,https://nccopwatch.org/agencies/156/search-rate
1600000US3752660,223,Pittsboro Police Department,Native American,10,3973,4,0.4,0.21908548707753478,0.825771324863884,1.825771324863884,Pittsboro Police Department - Native American,https://nccopwatch.org/agencies/223/search-rate
0500000US37159,238,Rowan County Sheriff's Office,Native American,310,140322,6,0.01935483870967742,0.010611330542946412,0.8239784946236561,1.8239784946236561,Rowan County Sheriff's Office - Native American,https://nccopwatch.org/agencies/238/search-rate
1600000US3740660,329,Maiden Police Department,Hispanic,233,3437,92,0.3948497854077253,0.2167704137678506,0.8215114255886786,1.8215114255886786,Maiden Police Department - Hispanic,https://nccopwatch.org/agencies/329/search-rate
0500000US37017,26,Bladen County Sheriff's Office,Black,11449,33322,102,0.008909075028386759,0.004892798240791644,0.8208547726556757,1.8208547726556756,Bladen County Sheriff's Office - Black,https://nccopwatch.org/agencies/26/search-rate
0500000US37083,109,Halifax County Sheriff's Office,Hispanic,1337,52439,37,0.027673896783844427,0.015226681074708974,0.8174608536202861,1.817460853620286,Halifax County Sheriff's Office - Hispanic,https://nccopwatch.org/agencies/109/search-rate
1600000US3766040,266,Surf City Police Department,Asian,11,2840,8,0.7272727272727273,0.40031520882584715,0.8167501789549033,1.8167501789549032,Surf City Police Department - Asian,https://nccopwatch.org/agencies/266/search-rate
1600000US3700160,1,Aberdeen Police Department,Black,1381,7134,775,0.56118754525706,0.3089761856299613,0.8162809024031199,1.81628090240312,Aberdeen Police Department - Black,https://nccopwatch.org/agencies/1/search-rate
1600000US3739360,328,Louisburg Police Department,Black,1619,3401,914,0.5645460160592959,0.3109079033311561,0.8157982155184497,1.8157982155184498,Louisburg Police Department - Black,https://nccopwatch.org/agencies/328/search-rate
0500000US37077,103,Granville County Sheriff's Office,Hispanic,4657,59001,30,0.006441915396177797,0.0035525543159130946,0.8133193255687252,1.8133193255687252,Granville County Sheriff's Office - Hispanic,https://nccopwatch.org/agencies/103/search-rate
0500000US37041,56,Chowan County Sheriff's Office,Hispanic,460,14399,7,0.015217391304347827,0.008403361344537815,0.8108695652173915,1.8108695652173914,Chowan County Sheriff's Office - Hispanic,https://nccopwatch.org/agencies/56/search-rate
1600000US3757640,237,Rolesville Police Department,Hispanic,428,5981,119,0.2780373831775701,0.15392615704628185,0.8063036751704976,1.8063036751704975,Rolesville Police Department - Hispanic,https://nccopwatch.org/agencies/237/search-rate
1600000US3736080,142,Knightdale Police Department,Black,5716,14154,1881,0.32907627711686493,0.1822144725370532,0.8059832050384883,1.8059832050384883,Knightdale Police Department - Black,https://nccopwatch.org/agencies/142/search-rate
0500000US37053,70,Currituck County Sheriff's Office,Asian,135,25471,40,0.2962962962962963,0.1641025641025641,0.8055555555555555,1.8055555555555554,Currituck County Sheriff's Office - Asian,https://nccopwatch.org/agencies/70/search-rate
1600000US3744520,178,Morrisville Police Department,Hispanic,966,22782,302,0.31262939958592134,0.17333892265772374,0.8035729932580783,1.8035729932580784,Morrisville Police Department - Hispanic,https://nccopwatch.org/agencies/178/search-rate
1600000US3736060,141,Kitty Hawk Police Department,Native American,1,3435,1,1.0,0.5558633425669437,0.7990033222591362,1.7990033222591362,Kitty Hawk Police Department - Native American,https://nccopwatch.org/agencies/141/search-rate
1600000US3737220,145,Laurinburg Police Department,Black,7371,15507,622,0.08438475105141771,0.04691797443779324,0.7985591249959063,1.7985591249959063,Laurinburg Police Department - Black,https://nccopwatch.org/agencies/145/search-rate
0500000US37181,286,Vance County Sheriff's Office,Asian,242,44214,2,0.008264462809917356,0.00462163817584498,0.7882106940157325,1.7882106940157325,Vance County Sheriff's Office - Asian,https://nccopwatch.org/agencies/286/search-rate
0500000US37013,20,Beaufort County Sheriff's Office,Black,11763,46763,297,0.0252486610558531,0.0141720054358377,0.7815870287493057,1.7815870287493056,Beaufort County Sheriff's Office - Black,https://nccopwatch.org/agencies/20/search-rate
1600000US3701520,8,Apex Police Department,Hispanic,3351,46517,851,0.25395404356908385,0.142713180592193,0.7794715422590488,1.7794715422590488,Apex Police Department - Hispanic,https://nccopwatch.org/agencies/8/search-rate
0500000US37047,62,Columbus County Sheriff's Office,Hispanic,2715,55511,31,0.01141804788213628,0.006433768264085142,0.7747061152131632,1.7747061152131631,Columbus County Sheriff's Office - Hispanic,https://nccopwatch.org/agencies/62/search-rate
0500000US37077,103,Granville County Sheriff's Office,Black,18098,59001,114,0.006299038567797547,0.0035525543159130946,0.7731012695800367,1.7731012695800366,Granville County Sheriff's Office - Black,https://nccopwatch.org/agencies/103/search-rate
1600000US3709360,37,Butner Public Safety,Black,2445,7673,648,0.2650306748466258,0.1497005988023952,0.7704049079754605,1.7704049079754605,Butner Public Safety - Black,https://nccopwatch.org/agencies/37/search-rate
1600000US3722360,88,Fairmont Department of Public Safety,Other,32,2612,7,0.21875,0.12364760432766615,0.769140625,1.769140625,Fairmont Department of Public Safety - Other,https://nccopwatch.org/agencies/88/search-rate
0500000US37199,313,Yancey County Sheriff's Office,Hispanic,884,17934,13,0.014705882352941176,0.008353365384615384,0.7604739737621667,1.7604739737621666,Yancey County Sheriff's Office - Hispanic,https://nccopwatch.org/agencies/313/search-rate
1600000US3765900,265,Sunset Beach Police Department,Other,28,3716,1,0.03571428571428571,0.020368303571428572,0.7534246575342465,1.7534246575342465,Sunset Beach Police Department - Other,https://nccopwatch.org/agencies/265/search-rate
1600000US3765530,264,Sugar Mountain Police Department,Asian,5,495,2,0.4,0.2288135593220339,0.7481481481481482,1.7481481481481482,Sugar Mountain Police Department - Asian,https://nccopwatch.org/agencies/264/search-rate
0500000US37179,285,Union County Sheriff's Office,Native American,627,216866,8,0.012759170653907496,0.007306770179244206,0.7462121212121212,1.746212121212121,Union County Sheriff's Office - Native American,https://nccopwatch.org/agencies/285/search-rate
1600000US3740660,329,Maiden Police Department,Other,45,3437,17,0.37777777777777777,0.2167704137678506,0.7427552552552551,1.742755255255255,Maiden Police Department - Other,https://nccopwatch.org/agencies/329/search-rate
0500000US37013,20,Beaufort County Sheriff's Office,Asian,81,46763,2,0.024691358024691357,0.0141720054358377,0.7422628107559615,1.7422628107559615,Beaufort County Sheriff's Office - Asian,https://nccopwatch.org/agencies/20/search-rate
1600000US3742060,164,Mayodan Police Department,Black,274,2522,115,0.4197080291970803,0.24189760450915923,0.73506484303026,1.73506484303026,Mayodan Police Department - Black,https://nccopwatch.org/agencies/164/search-rate
1600000US3702140,13,Asheville Police Department,Black,10357,87583,1451,0.1400984841170223,0.0807527324009872,0.7349070421709918,1.7349070421709918,Asheville Police Department - Black,https://nccopwatch.org/agencies/13/search-rate
1600000US3748700,206,Ocean Isle Beach Police Department,Hispanic,26,783,22,0.8461538461538461,0.4879679144385027,0.7340358271865121,1.7340358271865122,Ocean Isle Beach Police Department - Hispanic,https://nccopwatch.org/agencies/206/search-rate
0500000US37165,246,Scotland County Sheriff's Office,Asian,246,35514,2,0.008130081300813009,0.004696325442660405,0.7311579872555483,1.7311579872555483,Scotland County Sheriff's Office - Asian,https://nccopwatch.org/agencies/246/search-rate
1600000US3747240,202,Norlina Police Department,Black,498,1070,111,0.22289156626506024,0.12903225806451613,0.7274096385542169,1.7274096385542168,Norlina Police Department - Black,https://nccopwatch.org/agencies/202/search-rate
1600000US3764580,259,Star Police Department,Asian,3,995,1,0.3333333333333333,0.19318181818181818,0.7254901960784313,1.7254901960784315,Star Police Department - Asian,https://nccopwatch.org/agencies/259/search-rate
1600000US3773660,341,Whiteville Police Department,Native American,63,5267,6,0.09523809523809523,0.05527426160337553,0.723009814612868,1.723009814612868,Whiteville Police Department - Native American,https://nccopwatch.org/agencies/341/search-rate
1600000US3766960,271,Taylorsville Police Department,Native American,3,2161,1,0.3333333333333333,0.19370758790869833,0.7208067940552016,1.7208067940552016,Taylorsville Police Department - Native American,https://nccopwatch.org/agencies/271/search-rate
0500000US37167,257,Stanly County Sheriff's Office,Hispanic,2461,61097,39,0.015847216578626575,0.009213709677419355,0.7199604864329935,1.7199604864329934,Stanly County Sheriff's Office - Hispanic,https://nccopwatch.org/agencies/257/search-rate
0500000US37157,235,Rockingham County Sheriff's Office,Black,16812,92028,164,0.009754936949797764,0.005679185784101269,0.7176647006524162,1.7176647006524162,Rockingham County Sheriff's Office - Black,https://nccopwatch.org/agencies/235/search-rate
0500000US37139,212,Pasquotank County Sheriff's Office,Native American,85,40132,2,0.023529411764705882,0.013762092928191852,0.7097262667443215,1.7097262667443216,Pasquotank County Sheriff's Office - Native American,https://nccopwatch.org/agencies/212/search-rate
0500000US37103,133,Jones County Sheriff's Office,Hispanic,433,9818,21,0.04849884526558892,0.028444590595198948,0.7050287682387965,1.7050287682387966,Jones County Sheriff's Office - Hispanic,https://nccopwatch.org/agencies/133/search-rate
0500000US37053,70,Currituck County Sheriff's Office,Black,1493,25471,417,0.2793034159410583,0.1641025641025641,0.7020051908908239,1.7020051908908238,Currituck County Sheriff's Office - Black,https://nccopwatch.org/agencies/70/search-rate
1600000US3736060,141,Kitty Hawk Police Department,Hispanic,73,3435,69,0.9452054794520548,0.5558633425669437,0.7004277977517862,1.7004277977517863,Kitty Hawk Police Department - Hispanic,https://nccopwatch.org/agencies/141/search-rate
1600000US3758140,239,Rowland Police Department,Native American,124,1107,68,0.5483870967741935,0.3225806451612903,0.7,1.7,Rowland Police Department - Native American,https://nccopwatch.org/agencies/239/search-rate
0500000US37191,299,Wayne County Sheriff's Office,Native American,235,121472,3,0.01276595744680851,0.0075247284422598456,0.6965339739190116,1.6965339739190117,Wayne County Sheriff's Office - Native American,https://nccopwatch.org/agencies/299/search-rate
0500000US37029,40,Camden County Sheriff's Office,Hispanic,266,10207,37,0.13909774436090225,0.08223039215686274,0.6915612428986027,1.6915612428986027,Camden County Sheriff's Office - Hispanic,https://nccopwatch.org/agencies/40/search-rate
1600000US3705660,324,Beulaville Police Department,Native American,7,1576,1,0.14285714285714285,0.08451957295373666,0.6902255639097742,1.6902255639097743,Beulaville Police Department - Native American,https://nccopwatch.org/agencies/324/search-rate
0500000US37105,146,Lee County Sheriff's Office,Native American,287,59816,5,0.017421602787456445,0.010359884699905819,0.6816406062525796,1.6816406062525795,Lee County Sheriff's Office - Native American,https://nccopwatch.org/agencies/146/search-rate
0500000US37065,83,Edgecombe County Sheriff's Office,Black,30406,53509,496,0.0163125698875222,0.009749162181375039,0.6732278716919906,1.6732278716919906,Edgecombe County Sheriff's Office - Black,https://nccopwatch.org/agencies/83/search-rate
0500000US37161,240,Rutherford County Sheriff's Office,Native American,211,66230,3,0.014218009478672985,0.008499095840867993,0.6728849450438639,1.6728849450438639,Rutherford County Sheriff's Office - Native American,https://nccopwatch.org/agencies/240/search-rate
0500000US37069,94,Franklin County Sheriff's Office,Hispanic,5282,63754,47,0.008898144642180993,0.00532916914534999,0.6697058020658139,1.6697058020658138,Franklin County Sheriff's Office - Hispanic,https://nccopwatch.org/agencies/94/search-rate
0500000US37061,78,Duplin County Sheriff's Office,Black,13714,56460,178,0.012979437071605659,0.007773610637572452,0.669679339079798,1.669679339079798,Duplin County Sheriff's Office - Black,https://nccopwatch.org/agencies/78/search-rate
1600000US3746740,200,Newland Police Department,Asian,3,803,1,0.3333333333333333,0.2,0.6666666666666665,1.6666666666666665,Newland Police Department - Asian,https://nccopwatch.org/agencies/200/search-rate
1600000US3709060,36,Burlington Police Department,Black,14745,52731,3146,0.2133604611732791,0.12808886873724779,0.6657221136908568,1.6657221136908569,Burlington Police Department - Black,https://nccopwatch.org/agencies/36/search-rate
1600000US3771160,339,Warsaw Police Department,Hispanic,645,3048,57,0.08837209302325581,0.053061224489795916,0.6654740608228981,1.665474060822898,Warsaw Police Department - Hispanic,https://nccopwatch.org/agencies/339/search-rate
1600000US3770540,291,Wake Forest Police Department,Hispanic,2322,37064,626,0.2695951765719208,0.16192077727952167,0.6649819813211633,1.6649819813211633,Wake Forest Police Department - Hispanic,https://nccopwatch.org/agencies/291/search-rate
1600000US3722920,89,Fayetteville Police Department,Black,83166,204903,21005,0.25256715484693265,0.15245526269942009,0.656664062459376,1.656664062459376,Fayetteville Police Department - Black,https://nccopwatch.org/agencies/89/search-rate
0500000US37111,166,McDowell County Sheriff's Office,Asian,413,44833,3,0.007263922518159807,0.004387410920341863,0.655628490251788,1.6556284902517882,McDowell County Sheriff's Office - Asian,https://nccopwatch.org/agencies/166/search-rate
1600000US3705660,324,Beulaville Police Department,Black,351,1576,49,0.1396011396011396,0.08451957295373666,0.6517019043334831,1.651701904333483,Beulaville Police Department - Black,https://nccopwatch.org/agencies/324/search-rate
0500000US37035,50,Catawba County Sheriff's Office,Black,12729,156487,148,0.011626993479456359,0.007042194552138198,0.6510468992831352,1.651046899283135,Catawba County Sheriff's Office - Black,https://nccopwatch.org/agencies/50/search-rate
1600000US3741060,159,Manteo Police Department,Hispanic,154,1709,60,0.38961038961038963,0.23614274867122248,0.6498935148452833,1.6498935148452833,Manteo Police Department - Hispanic,https://nccopwatch.org/agencies/159/search-rate
1600000US3717340,319,Dobson Police Department,Hispanic,341,1604,353,1.035190615835777,0.6277372262773723,0.6490827252267611,1.6490827252267612,Dobson Police Department - Hispanic,https://nccopwatch.org/agencies/319/search-rate
1600000US3771100,294,Warrenton Police Department,Other,31,1040,3,0.0967741935483871,0.058712121212121215,0.6482830385015608,1.6482830385015608,Warrenton Police Department - Other,https://nccopwatch.org/agencies/294/search-rate
0500000US37141,214,Pender County Sheriff's Office,Black,8999,56445,204,0.022669185465051672,0.01376759723216416,0.6465607674875488,1.6465607674875486,Pender County Sheriff's Office - Black,https://nccopwatch.org/agencies/214/search-rate
1600000US3712860,59,Clayton Police Department,Hispanic,2102,19736,570,0.27117031398667935,0.16491399690225808,0.644313515410082,1.644313515410082,Clayton Police Department - Hispanic,https://nccopwatch.org/agencies/59/search-rate
1600000US3711640,318,Chadbourn Police Department,Hispanic,70,2001,38,0.5428571428571428,0.33063209076175043,0.6418767507002798,1.6418767507002798,Chadbourn Police Department - Hispanic,https://nccopwatch.org/agencies/318/search-rate
1600000US3732640,125,Hope Mills Police Department,Black,4698,15889,1411,0.300340570455513,0.18312121586556282,0.640118918148763,1.640118918148763,Hope Mills Police Department - Black,https://nccopwatch.org/agencies/125/search-rate
1600000US3711800,51,Chapel Hill Police Department,Hispanic,3466,58429,440,0.12694748990190421,0.07751686235323507,0.6376758043097731,1.6376758043097732,Chapel Hill Police Department - Hispanic,https://nccopwatch.org/agencies/51/search-rate
0500000US37131,203,Northampton County Sheriff's Office,Black,11430,20289,133,0.011636045494313211,0.0071129175663660615,0.6359033245844269,1.6359033245844268,Northampton County Sheriff's Office - Black,https://nccopwatch.org/agencies/203/search-rate
0500000US37183,290,Wake County Sheriff's Office,Hispanic,99235,996531,1114,0.01122587796644329,0.006871146972080383,0.6337706080305865,1.6337706080305865,Wake County Sheriff's Office - Hispanic,https://nccopwatch.org/agencies/290/search-rate
1600000US3771860,340,Wendell Police Department,Asian,68,7168,20,0.29411764705882354,0.1802268244575937,0.631930473967973,1.631930473967973,Wendell Police Department - Asian,https://nccopwatch.org/agencies/340/search-rate
0500000US37019,31,Brunswick County Sheriff's Office,Hispanic,5893,120677,77,0.013066349906668929,0.008022397556630185,0.6287337811961365,1.6287337811961367,Brunswick County Sheriff's Office - Hispanic,https://nccopwatch.org/agencies/31/search-rate
1600000US3765100,263,Stoneville Police Department,Black,156,1214,31,0.1987179487179487,0.12203389830508475,0.6283831908831907,1.6283831908831907,Stoneville Police Department - Black,https://nccopwatch.org/agencies/263/search-rate
1600000US3733120,126,Huntersville Police Department,Hispanic,3197,52035,499,0.15608382858930248,0.09626042238753807,0.6214745865223752,1.6214745865223752,Huntersville Police Department - Hispanic,https://nccopwatch.org/agencies/126/search-rate
0500000US37127,185,Nash County Sheriff's Office,Black,36427,94622,897,0.02462459164905153,0.015196821365665834,0.6203777787824662,1.6203777787824662,Nash County Sheriff's Office - Black,https://nccopwatch.org/agencies/185/search-rate
1600000US3736060,141,Kitty Hawk Police Department,Asian,10,3435,9,0.9,0.5558633425669437,0.6191029900332226,1.6191029900332226,Kitty Hawk Police Department - Asian,https://nccopwatch.org/agencies/141/search-rate
1600000US3762520,252,Smithfield Police Department,Hispanic,1873,11673,645,0.3443673251468233,0.2128193073186021,0.618120693491811,1.6181206934918109,Smithfield Police Department - Hispanic,https://nccopwatch.org/agencies/252/search-rate
0500000US37173,268,Swain County Sheriff's Office,Black,184,14064,8,0.043478260869565216,0.0268992684299381,0.6163361833727486,1.6163361833727485,Swain County Sheriff's Office - Black,https://nccopwatch.org/agencies/268/search-rate
0500000US37089,113,Henderson County Sheriff's Office,Hispanic,11114,110637,410,0.03689040849379161,0.02282541640962369,0.6161987072550325,1.6161987072550326,Henderson County Sheriff's Office - Hispanic,https://nccopwatch.org/agencies/113/search-rate
1600000US3740600,158,Maggie Valley Police Department,Asian,26,1574,16,0.6153846153846154,0.3815232722143865,0.6129674392151286,1.6129674392151285,Maggie Valley Police Department - Asian,https://nccopwatch.org/agencies/158/search-rate
1600000US3746000,333,Nashville Police Department,Black,2605,5411,254,0.09750479846449137,0.06049149338374291,0.6118761996161228,1.6118761996161228,Nashville Police Department - Black,https://nccopwatch.org/agencies/333/search-rate
1600000US3771220,296,Washington Police Department,Native American,26,9739,5,0.19230769230769232,0.11956989247311828,0.6083287216380743,1.6083287216380744,Washington Police Department - Native American,https://nccopwatch.org/agencies/296/search-rate
0500000US37031,45,Carteret County Sheriff's Office,Black,3727,67557,18,0.004829621679635095,0.003007056331049565,0.606096177769105,1.606096177769105,Carteret County Sheriff's Office - Black,https://nccopwatch.org/agencies/45/search-rate
0500000US37071,98,Gaston County Sheriff's Office,Hispanic,14393,214110,21,0.0014590425901479887,0.0009089117847086715,0.6052631451089036,1.6052631451089034,Gaston County Sheriff's Office - Hispanic,https://nccopwatch.org/agencies/98/search-rate
0500000US37169,262,Stokes County Sheriff's Office,Hispanic,1351,46156,22,0.01628423390081421,0.01014806188654134,0.6046644258654791,1.604664425865479,Stokes County Sheriff's Office - Hispanic,https://nccopwatch.org/agencies/262/search-rate
1600000US3770820,292,Walnut Creek Police Department,Other,14,1109,1,0.07142857142857142,0.044530493707647625,0.6040372670807453,1.6040372670807455,Walnut Creek Police Department - Other,https://nccopwatch.org/agencies/292/search-rate
0500000US37093,121,Hoke County Sheriff's Office,Black,16425,50245,581,0.03537290715372907,0.022068691286843283,0.6028547725808,1.6028547725808,Hoke County Sheriff's Office - Black,https://nccopwatch.org/agencies/121/search-rate
1600000US3755900,228,Reidsville Police Department,Hispanic,518,14289,154,0.2972972972972973,0.18548494095794082,0.6028109654719098,1.6028109654719098,Reidsville Police Department - Hispanic,https://nccopwatch.org/agencies/228/search-rate
0500000US37045,60,Cleveland County Sheriff's Office,Native American,201,97943,3,0.014925373134328358,0.009314305603898364,0.6024139392722486,1.6024139392722487,Cleveland County Sheriff's Office - Native American,https://nccopwatch.org/agencies/60/search-rate
0500000US37071,98,Gaston County Sheriff's Office,Native American,689,214110,1,0.001451378809869376,0.0009089117847086715,0.596831325423488,1.596831325423488,Gaston County Sheriff's Office - Native American,https://nccopwatch.org/agencies/98/search-rate
0500000US37063,79,Durham County Sheriff's Office,Black,105797,293457,1928,0.018223579118500526,0.011420059582919563,0.595751667159133,1.595751667159133,Durham County Sheriff's Office - Black,https://nccopwatch.org/agencies/79/search-rate
0500000US37153,230,Richmond County Sheriff's Office,Asian,322,45323,4,0.012422360248447204,0.007788637751985339,0.5949336256241626,1.5949336256241626,Richmond County Sheriff's Office - Asian,https://nccopwatch.org/agencies/230/search-rate
0500000US37033,49,Caswell County Sheriff's Office,Black,7617,23108,162,0.02126821583300512,0.013335224854589304,0.5948899298601392,1.5948899298601393,Caswell County Sheriff's Office - Black,https://nccopwatch.org/agencies/49/search-rate
0500000US37171,267,Surry County Sheriff's Office,Hispanic,7434,72524,72,0.009685230024213076,0.0060745980286210175,0.5943820444711303,1.5943820444711303,Surry County Sheriff's Office - Hispanic,https://nccopwatch.org/agencies/267/search-rate
0500000US37137,210,Pamlico County Sheriff's Office,Black,2441,12780,84,0.03441212617779599,0.02158803706823926,0.5940368301675644,1.5940368301675645,Pamlico County Sheriff's Office - Black,https://nccopwatch.org/agencies/210/search-rate
0500000US37191,299,Wayne County Sheriff's Office,Black,37400,121472,448,0.011978609625668449,0.0075247284422598456,0.5918992582370192,1.591899258237019,Wayne County Sheriff's Office - Black,https://nccopwatch.org/agencies/299/search-rate
0500000US37065,83,Edgecombe County Sheriff's Office,Hispanic,2322,53509,36,0.015503875968992248,0.009749162181375039,0.5902777777777777,1.5902777777777777,Edgecombe County Sheriff's Office - Hispanic,https://nccopwatch.org/agencies/83/search-rate
1600000US3765530,264,Sugar Mountain Police Department,Other,11,495,4,0.36363636363636365,0.2288135593220339,0.5892255892255892,1.589225589225589,Sugar Mountain Police Department - Other,https://nccopwatch.org/agencies/264/search-rate
1600000US3775000,309,Winston-Salem Police Department,Black,80507,237904,11561,0.1436024196653707,0.09050832698378143,0.5866210817387381,1.586621081738738,Winston-Salem Police Department - Black,https://nccopwatch.org/agencies/309/search-rate
1600000US3742700,169,Middlesex Police Department,Hispanic,197,983,73,0.37055837563451777,0.234,0.5835828018569135,1.5835828018569136,Middlesex Police Department - Hispanic,https://nccopwatch.org/agencies/169/search-rate
1600000US3708960,34,Burgaw Police Department,Hispanic,265,3831,148,0.5584905660377358,0.3527013251783894,0.5834660268295342,1.5834660268295342,Burgaw Police Department - Hispanic,https://nccopwatch.org/agencies/34/search-rate
0500000US37189,297,Watauga County Sheriff's Office,Hispanic,1880,52378,14,0.007446808510638298,0.0047035318112759895,0.5832376200338919,1.5832376200338918,Watauga County Sheriff's Office - Hispanic,https://nccopwatch.org/agencies/297/search-rate
1600000US3731960,122,Holden Beach Police Department,Black,12,960,9,0.75,0.4742489270386266,0.581447963800905,1.5814479638009051,Holden Beach Police Department - Black,https://nccopwatch.org/agencies/122/search-rate
0500000US37123,173,Montgomery County Sheriff's Office,Asian,430,27183,6,0.013953488372093023,0.008824383164005805,0.5812423500611995,1.5812423500611996,Montgomery County Sheriff's Office - Asian,https://nccopwatch.org/agencies/173/search-rate
0500000US37033,49,Caswell County Sheriff's Office,Hispanic,856,23108,18,0.02102803738317757,0.013335224854589304,0.5768791012129647,1.5768791012129646,Caswell County Sheriff's Office - Hispanic,https://nccopwatch.org/agencies/49/search-rate
0500000US37119,168,Mecklenburg County Sheriff's Office,Other,28383,1006623,81,0.0028538209491597083,0.0018201816487931806,0.5678770034033981,1.5678770034033982,Mecklenburg County Sheriff's Office - Other,https://nccopwatch.org/agencies/168/search-rate
0500000US37177,277,Tyrrell County Sheriff's Office,Asian,44,4032,15,0.3409090909090909,0.21783953384132676,0.5649551066217732,1.564955106621773,Tyrrell County Sheriff's Office - Asian,https://nccopwatch.org/agencies/277/search-rate
1600000US3762520,252,Smithfield Police Department,Black,3007,11673,1000,0.3325573661456601,0.2128193073186021,0.5626278007183042,1.562627800718304,Smithfield Police Department - Black,https://nccopwatch.org/agencies/252/search-rate
1600000US3745640,182,Murfreesboro Police Department,Asian,21,2846,2,0.09523809523809523,0.060955518945634266,0.5624195624195624,1.5624195624195623,Murfreesboro Police Department - Asian,https://nccopwatch.org/agencies/182/search-rate
1600000US3764420,256,Stallings Police Department,Native American,70,14374,12,0.17142857142857143,0.10993936198259953,0.5593011305241521,1.559301130524152,Stallings Police Department - Native American,https://nccopwatch.org/agencies/256/search-rate
1600000US3712860,59,Clayton Police Department,Native American,39,19736,10,0.2564102564102564,0.16491399690225808,0.5548119700368835,1.5548119700368837,Clayton Police Department - Native American,https://nccopwatch.org/agencies/59/search-rate
1600000US3725580,99,Gastonia Police Department,Black,20730,74695,2314,0.11162566328991799,0.07179499191867138,0.5547834230048578,1.5547834230048578,Gastonia Police Department - Black,https://nccopwatch.org/agencies/99/search-rate
0500000US37181,286,Vance County Sheriff's Office,Native American,140,44214,1,0.007142857142857143,0.00462163817584498,0.5455249569707401,1.54552495697074,Vance County Sheriff's Office - Native American,https://nccopwatch.org/agencies/286/search-rate
1600000US3738680,153,Littleton Police Department,Black,221,572,76,0.3438914027149321,0.22262773722627738,0.5446925302277279,1.544692530227728,Littleton Police Department - Black,https://nccopwatch.org/agencies/153/search-rate
0500000US37113,155,Macon County Sheriff's Office,Native American,143,34594,2,0.013986013986013986,0.009068318972472327,0.5422940049274568,1.5422940049274567,Macon County Sheriff's Office - Native American,https://nccopwatch.org/agencies/155/search-rate
1600000US3744800,179,Mount Airy Police Department,Hispanic,789,10419,213,0.26996197718631176,0.17689745419938138,0.526093060005472,1.526093060005472,Mount Airy Police Department - Hispanic,https://nccopwatch.org/agencies/179/search-rate
0500000US37007,7,Anson County Sheriff's Office,Hispanic,838,25138,12,0.014319809069212411,0.009383495571340876,0.5260633908058795,1.5260633908058794,Anson County Sheriff's Office - Hispanic,https://nccopwatch.org/agencies/7/search-rate
0500000US37127,185,Nash County Sheriff's Office,Asian,777,94622,18,0.023166023166023165,0.015196821365665834,0.5243992548574758,1.5243992548574758,Nash County Sheriff's Office - Asian,https://nccopwatch.org/agencies/185/search-rate
1600000US3702080,11,Asheboro Police Department,Black,2927,25737,806,0.2753672702425692,0.1813981120866064,0.5180272113918051,1.518027211391805,Asheboro Police Department - Black,https://nccopwatch.org/agencies/11/search-rate
1600000US3725480,96,Garner Police Department,Black,8671,28020,2380,0.2744781455426133,0.1814281139929555,0.5128754827560559,1.5128754827560558,Garner Police Department - Black,https://nccopwatch.org/agencies/96/search-rate
1600000US3742700,169,Middlesex Police Department,Black,280,983,99,0.3535714285714286,0.234,0.510989010989011,1.510989010989011,Middlesex Police Department - Black,https://nccopwatch.org/agencies/169/search-rate
0500000US37059,74,Davie County Sheriff's Office,Asian,242,41764,7,0.028925619834710745,0.019153511005488597,0.5101993481206588,1.5101993481206588,Davie County Sheriff's Office - Asian,https://nccopwatch.org/agencies/74/search-rate
0500000US37043,58,Clay County Sheriff's Office,Hispanic,300,10761,15,0.05,0.03317255635397185,0.5072700296735905,1.5072700296735904,Clay County Sheriff's Office - Hispanic,https://nccopwatch.org/agencies/58/search-rate
1600000US3768500,275,Troutman Police Department,Hispanic,134,2789,72,0.5373134328358209,0.35696073431922487,0.5052452025586355,1.5052452025586356,Troutman Police Department - Hispanic,https://nccopwatch.org/agencies/275/search-rate
0500000US37045,60,Cleveland County Sheriff's Office,Hispanic,3210,97943,45,0.014018691588785047,0.009314305603898364,0.5050710364192615,1.5050710364192614,Cleveland County Sheriff's Office - Hispanic,https://nccopwatch.org/agencies/60/search-rate
1600000US3719860,320,East Spencer Police Department,Native American,3,1488,3,1.0,0.6645962732919255,0.5046728971962616,1.5046728971962615,East Spencer Police Department - Native American,https://nccopwatch.org/agencies/320/search-rate
0500000US37081,107,Guilford County Sheriff's Office,Black,167744,509903,3810,0.022713181991606258,0.015109453714769822,0.5032430966980378,1.503243096698038,Guilford County Sheriff's Office - Black,https://nccopwatch.org/agencies/107/search-rate
0500000US37049,67,Craven County Sheriff's Office,Black,21821,102223,327,0.014985564364602905,0.009996019284355787,0.4991532067225977,1.4991532067225977,Craven County Sheriff's Office - Black,https://nccopwatch.org/agencies/67/search-rate
1600000US3766040,266,Surf City Police Department,Native American,5,2840,3,0.6,0.40031520882584715,0.49881889763779513,1.4988188976377952,Surf City Police Department - Native American,https://nccopwatch.org/agencies/266/search-rate
1600000US3713000,61,Cleveland Police Department,Hispanic,74,985,31,0.4189189189189189,0.2797427652733119,0.4975147561354459,1.4975147561354458,Cleveland Police Department - Hispanic,https://nccopwatch.org/agencies/61/search-rate
1600000US3764180,254,Spring Lake Police Department,Black,4195,12348,585,0.1394517282479142,0.09314550042052144,0.4971386445758011,1.497138644575801,Spring Lake Police Department - Black,https://nccopwatch.org/agencies/254/search-rate
1600000US3759280,245,Sanford Police Department,Black,7318,29004,714,0.09756764143208527,0.06519421172886519,0.49656907944308365,1.4965690794430837,Sanford Police Department - Black,https://nccopwatch.org/agencies/245/search-rate
1600000US3727280,102,Graham Police Department,Asian,101,14983,23,0.22772277227722773,0.1524390243902439,0.49386138613861397,1.4938613861386139,Graham Police Department - Asian,https://nccopwatch.org/agencies/102/search-rate
1600000US3708860,33,Bunn Police Department,Black,109,421,65,0.5963302752293578,0.39920948616600793,0.4937778181487872,1.493777818148787,Bunn Police Department - Black,https://nccopwatch.org/agencies/33/search-rate
0500000US37155,234,Robeson County Sheriff's Office,Hispanic,11083,130026,135,0.012180817468194532,0.008155305380728659,0.49360654194241865,1.4936065419424187,Robeson County Sheriff's Office - Hispanic,https://nccopwatch.org/agencies/234/search-rate
1600000US3704510,21,Beech Mountain Police Department,Asian,4,639,2,0.5,0.3360655737704918,0.48780487804878053,1.4878048780487805,Beech Mountain Police Department - Asian,https://nccopwatch.org/agencies/21/search-rate
0500000US37119,168,Mecklenburg County Sheriff's Office,Hispanic,128873,1006623,348,0.002700332885864378,0.0018201816487931806,0.4835513189877267,1.4835513189877267,Mecklenburg County Sheriff's Office - Hispanic,https://nccopwatch.org/agencies/168/search-rate
1600000US3739700,154,Lumberton Police Department,Black,7463,20977,1015,0.13600428781991156,0.09178201770794363,0.48181845655960714,1.481818456559607,Lumberton Police Department - Black,https://nccopwatch.org/agencies/154/search-rate
0500000US37037,53,Chatham County Sheriff's Office,Hispanic,8579,68594,184,0.021447721179624665,0.014479415915086814,0.48125596401145104,1.481255964011451,Chatham County Sheriff's Office - Hispanic,https://nccopwatch.org/agencies/53/search-rate
1600000US3735880,139,Kings Mountain Police Department,Black,2393,10938,573,0.23944839114082742,0.16167361901150298,0.4810603771032725,1.4810603771032724,Kings Mountain Police Department - Black,https://nccopwatch.org/agencies/139/search-rate
0500000US37117,162,Martin County Sheriff's Office,Hispanic,850,23329,13,0.015294117647058824,0.010337413165729408,0.47949176470588245,1.4794917647058825,Martin County Sheriff's Office - Hispanic,https://nccopwatch.org/agencies/162/search-rate
0500000US37021,32,Buncombe County Sheriff's Office,Black,15266,249975,254,0.01663828114764837,0.011262573674808709,0.4773071970986211,1.4773071970986211,Buncombe County Sheriff's Office - Black,https://nccopwatch.org/agencies/32/search-rate
1600000US3745880,184,Nags Head Police Department,Asian,15,2913,13,0.8666666666666667,0.5875856816450876,0.4749621948585007,1.4749621948585008,Nags Head Police Department - Asian,https://nccopwatch.org/agencies/184/search-rate
0500000US37115,156,Madison County Sheriff's Office,Asian,104,21086,2,0.019230769230769232,0.013059043009126204,0.4726017226017226,1.4726017226017225,Madison County Sheriff's Office - Asian,https://nccopwatch.org/agencies/156/search-rate
1600000US3776200,314,Youngsville Police Department,Asian,8,1673,8,1.0,0.679474216380182,0.47172619047619047,1.4717261904761905,Youngsville Police Department - Asian,https://nccopwatch.org/agencies/314/search-rate
1600000US3757100,233,Robersonville Police Department,Asian,5,1527,1,0.2,0.1359447004608295,0.4711864406779662,1.4711864406779662,Robersonville Police Department - Asian,https://nccopwatch.org/agencies/233/search-rate
0500000US37151,226,Randolph County Sheriff's Office,Other,2886,142471,41,0.014206514206514207,0.00965758665880925,0.47102114725065547,1.4710211472506556,Randolph County Sheriff's Office - Other,https://nccopwatch.org/agencies/226/search-rate
1600000US3725480,96,Garner Police Department,Hispanic,2473,28020,659,0.2664779619894865,0.1814281139929555,0.46877987167872615,1.4687798716787261,Garner Police Department - Hispanic,https://nccopwatch.org/agencies/96/search-rate
1600000US3767420,272,Thomasville Police Department,Black,5178,26841,630,0.12166859791425261,0.0829686469636113,0.4664406660459882,1.466440666045988,Thomasville Police Department - Black,https://nccopwatch.org/agencies/272/search-rate
1600000US3735200,135,Kannapolis Police Department,Black,9914,46668,2307,0.23270123058301392,0.15872466975586141,0.46606845010884446,1.4660684501088443,Kannapolis Police Department - Black,https://nccopwatch.org/agencies/135/search-rate
0500000US37153,230,Richmond County Sheriff's Office,Hispanic,2808,45323,32,0.011396011396011397,0.007788637751985339,0.46315848276632604,1.463158482766326,Richmond County Sheriff's Office - Hispanic,https://nccopwatch.org/agencies/230/search-rate
1600000US3722920,89,Fayetteville Police Department,Native American,1496,204903,333,0.22259358288770054,0.15245526269942009,0.4600583734952119,1.460058373495212,Fayetteville Police Department - Native American,https://nccopwatch.org/agencies/89/search-rate
1600000US3728000,105,Greensboro Police Department,Black,114447,280559,16238,0.14188226864836997,0.0972072337224893,0.45958549806509846,1.4595854980650984,Greensboro Police Department - Black,https://nccopwatch.org/agencies/105/search-rate
1600000US3772540,302,West Jefferson Police Department,Hispanic,63,1449,23,0.36507936507936506,0.2507788161993769,0.45578231292517013,1.4557823129251701,West Jefferson Police Department - Hispanic,https://nccopwatch.org/agencies/302/search-rate
1600000US3742240,167,Mebane Police Department,Hispanic,896,13907,271,0.30245535714285715,0.20804469273743018,0.4537999175234003,1.4537999175234004,Mebane Police Department - Hispanic,https://nccopwatch.org/agencies/167/search-rate
0500000US37031,45,Carteret County Sheriff's Office,Native American,229,67557,1,0.004366812227074236,0.003007056331049565,0.45218836840015875,1.4521883684001589,Carteret County Sheriff's Office - Native American,https://nccopwatch.org/agencies/45/search-rate
0500000US37169,262,Stokes County Sheriff's Office,Asian,136,46156,2,0.014705882352941176,0.01014806188654134,0.449132111861138,1.449132111861138,Stokes County Sheriff's Office - Asian,https://nccopwatch.org/agencies/262/search-rate
1600000US3764160,322,Spring Hope Police Department,Hispanic,70,1379,31,0.44285714285714284,0.30560271646859083,0.4491269841269841,1.449126984126984,Spring Hope Police Department - Hispanic,https://nccopwatch.org/agencies/322/search-rate
1600000US3771160,339,Warsaw Police Department,Black,1509,3048,116,0.07687210072895957,0.053061224489795916,0.4487434368150074,1.4487434368150074,Warsaw Police Department - Black,https://nccopwatch.org/agencies/339/search-rate
0500000US37123,173,Montgomery County Sheriff's Office,Hispanic,4072,27183,52,0.012770137524557957,0.008824383164005805,0.4471422293454659,1.4471422293454659,Montgomery County Sheriff's Office - Hispanic,https://nccopwatch.org/agencies/173/search-rate
1600000US3700160,1,Aberdeen Police Department,Hispanic,355,7134,158,0.4450704225352113,0.3089761856299613,0.44046837016830903,1.440468370168309,Aberdeen Police Department - Hispanic,https://nccopwatch.org/agencies/1/search-rate
0500000US37003,4,Alexander County Sheriff's Office,Asian,355,36924,3,0.008450704225352112,0.0058721183123097,0.4391236306729263,1.4391236306729263,Alexander County Sheriff's Office - Asian,https://nccopwatch.org/agencies/4/search-rate
1600000US3709140,325,Burnsville Police Department,Black,68,1968,69,1.0147058823529411,0.7060931899641577,0.4370707673932516,1.4370707673932517,Burnsville Police Department - Black,https://nccopwatch.org/agencies/325/search-rate
0500000US37009,12,Ashe County Sheriff's Office,Hispanic,1319,26832,19,0.014404852160727824,0.010036130068245684,0.43529946929492047,1.4352994692949204,Ashe County Sheriff's Office - Hispanic,https://nccopwatch.org/agencies/12/search-rate
1600000US3758920,243,Saluda Police Department,Asian,10,723,2,0.2,0.13943028485757122,0.4344086021505376,1.4344086021505376,Saluda Police Department - Asian,https://nccopwatch.org/agencies/243/search-rate
0500000US37011,16,Avery County Sheriff's Office,Hispanic,842,17697,18,0.021377672209026127,0.014940886059503703,0.4308168955902095,1.4308168955902096,Avery County Sheriff's Office - Hispanic,https://nccopwatch.org/agencies/16/search-rate
1600000US3758140,239,Rowland Police Department,Other,13,1107,6,0.46153846153846156,0.3225806451612903,0.4307692307692309,1.430769230769231,Rowland Police Department - Other,https://nccopwatch.org/agencies/239/search-rate
1600000US3713000,61,Cleveland Police Department,Other,10,985,4,0.4,0.2797427652733119,0.42988505747126454,1.4298850574712645,Cleveland Police Department - Other,https://nccopwatch.org/agencies/61/search-rate
1600000US3713000,61,Cleveland Police Department,Asian,10,985,4,0.4,0.2797427652733119,0.42988505747126454,1.4298850574712645,Cleveland Police Department - Asian,https://nccopwatch.org/agencies/61/search-rate
1600000US3731060,117,Hickory Police Department,Black,5277,40901,1275,0.24161455372370666,0.16926913901539797,0.4273987280205142,1.4273987280205143,Hickory Police Department - Black,https://nccopwatch.org/agencies/117/search-rate
1600000US3757000,232,Robbins Police Department,Black,81,1366,30,0.37037037037037035,0.26,0.42450142450142436,1.4245014245014245,Robbins Police Department - Black,https://nccopwatch.org/agencies/232/search-rate
0500000US37045,60,Cleveland County Sheriff's Office,Black,20053,97943,266,0.01326484815239615,0.009314305603898364,0.4241370979758648,1.4241370979758647,Cleveland County Sheriff's Office - Black,https://nccopwatch.org/agencies/60/search-rate
0500000US37175,274,Transylvania County Sheriff's Office,Black,1299,32906,19,0.014626635873749037,0.010272352503885923,0.4238837567359507,1.4238837567359508,Transylvania County Sheriff's Office - Black,https://nccopwatch.org/agencies/274/search-rate
0500000US37031,45,Carteret County Sheriff's Office,Asian,701,67557,3,0.0042796005706134095,0.003007056331049565,0.423186032939956,1.423186032939956,Carteret County Sheriff's Office - Asian,https://nccopwatch.org/agencies/45/search-rate
1600000US3734200,131,Jacksonville Police Department,Black,13408,71529,3544,0.26431980906921243,0.1863033518205932,0.4187603523298264,1.4187603523298264,Jacksonville Police Department - Black,https://nccopwatch.org/agencies/131/search-rate
1600000US3708960,34,Burgaw Police Department,Asian,8,3831,4,0.5,0.3527013251783894,0.4176300578034681,1.4176300578034682,Burgaw Police Department - Asian,https://nccopwatch.org/agencies/34/search-rate
0500000US37049,67,Craven County Sheriff's Office,Hispanic,6867,102223,97,0.014125527886995778,0.009996019284355787,0.4131153097216263,1.4131153097216262,Craven County Sheriff's Office - Hispanic,https://nccopwatch.org/agencies/67/search-rate
0500000US37133,208,Onslow County Sheriff's Office,Black,27015,187333,341,0.012622617064593744,0.008934609478801188,0.412777703887669,1.412777703887669,Onslow County Sheriff's Office - Black,https://nccopwatch.org/agencies/208/search-rate
1600000US3741060,159,Manteo Police Department,Asian,9,1709,3,0.3333333333333333,0.23614274867122248,0.4115755627009645,1.4115755627009645,Manteo Police Department - Asian,https://nccopwatch.org/agencies/159/search-rate
0500000US37007,7,Anson County Sheriff's Office,Asian,302,25138,4,0.013245033112582781,0.009383495571340876,0.4115244166615088,1.4115244166615089,Anson County Sheriff's Office - Asian,https://nccopwatch.org/agencies/7/search-rate
1600000US3712860,59,Clayton Police Department,Asian,116,19736,27,0.23275862068965517,0.16491399690225808,0.41139396935244693,1.4113939693524469,Clayton Police Department - Asian,https://nccopwatch.org/agencies/59/search-rate
0500000US37057,72,Davidson County Sheriff's Office,Asian,2250,164335,29,0.012888888888888889,0.00913996754594513,0.410167905312414,1.4101679053124139,Davidson County Sheriff's Office - Asian,https://nccopwatch.org/agencies/72/search-rate
1600000US3701720,10,Archdale Police Department,Other,190,11349,38,0.2,0.1421579059374335,0.4068862275449103,1.4068862275449103,Archdale Police Department - Other,https://nccopwatch.org/agencies/10/search-rate
1600000US3710620,44,Carrboro Police Department,Hispanic,2320,20425,315,0.13577586206896552,0.09654068881438586,0.4064107449037912,1.4064107449037913,Carrboro Police Department - Hispanic,https://nccopwatch.org/agencies/44/search-rate
1600000US3731960,122,Holden Beach Police Department,Hispanic,12,960,8,0.6666666666666666,0.4742489270386266,0.4057315233785822,1.405731523378582,Holden Beach Police Department - Hispanic,https://nccopwatch.org/agencies/122/search-rate
0500000US37157,235,Rockingham County Sheriff's Office,Hispanic,5391,92028,43,0.007976256724169913,0.005679185784101269,0.40447187808140267,1.4044718780814027,Rockingham County Sheriff's Office - Hispanic,https://nccopwatch.org/agencies/235/search-rate
0500000US37023,35,Burke County Sheriff's Office,Black,5559,89515,62,0.011153085087245907,0.007942130071111353,0.40429393467302405,1.404293934673024,Burke County Sheriff's Office - Black,https://nccopwatch.org/agencies/35/search-rate
0500000US37093,121,Hoke County Sheriff's Office,Native American,3943,50245,122,0.030940907938118184,0.022068691286843283,0.40202731262837776,1.4020273126283778,Hoke County Sheriff's Office - Native American,https://nccopwatch.org/agencies/121/search-rate
1600000US3751820,217,Pilot Mountain Police Department,Asian,11,1647,3,0.2727272727272727,0.19477769936485534,0.4001976284584978,1.4001976284584978,Pilot Mountain Police Department - Asian,https://nccopwatch.org/agencies/217/search-rate
0500000US37129,199,New Hanover County Sheriff's Office,Black,29410,214924,596,0.020265215912954777,0.01448713835126316,0.3988418845456679,1.3988418845456678,New Hanover County Sheriff's Office - Black,https://nccopwatch.org/agencies/199/search-rate
1600000US3731620,120,Hillsborough Police Department,Black,1689,7057,438,0.25932504440497334,0.18567518248175183,0.3966596986135173,1.3966596986135174,Hillsborough Police Department - Black,https://nccopwatch.org/agencies/120/search-rate
1600000US3705880,24,Biltmore Forest Police Department,Other,22,1552,4,0.18181818181818182,0.13075383589059372,0.39053803339517634,1.3905380333951762,Biltmore Forest Police Department - Other,https://nccopwatch.org/agencies/24/search-rate
0500000US37107,148,Lenoir County Sheriff's Office,Black,22680,57595,182,0.008024691358024692,0.0057731531095516295,0.39000147852443284,1.3900014785244328,Lenoir County Sheriff's Office - Black,https://nccopwatch.org/agencies/148/search-rate
0500000US37107,148,Lenoir County Sheriff's Office,Native American,125,57595,1,0.008,0.0057731531095516295,0.38572455089820373,1.3857245508982037,Lenoir County Sheriff's Office - Native American,https://nccopwatch.org/agencies/148/search-rate
1600000US3731400,119,High Point Police Department,Native American,370,108444,88,0.23783783783783785,0.17207754063050715,0.3821550271254414,1.3821550271254415,High Point Police Department - Native American,https://nccopwatch.org/agencies/119/search-rate
1600000US3743480,170,Mint Hill Police Department,Native American,43,24613,3,0.06976744186046512,0.05076367675645654,0.3743575390565366,1.3743575390565366,Mint Hill Police Department - Native American,https://nccopwatch.org/agencies/170/search-rate
1600000US3760800,248,Shallotte Police Department,Black,418,3795,82,0.19617224880382775,0.14285714285714285,0.3732057416267943,1.3732057416267942,Shallotte Police Department - Black,https://nccopwatch.org/agencies/248/search-rate
0500000US37129,199,New Hanover County Sheriff's Office,Hispanic,11725,214924,233,0.019872068230277186,0.01448713835126316,0.37170417983510906,1.371704179835109,New Hanover County Sheriff's Office - Hispanic,https://nccopwatch.org/agencies/199/search-rate
0500000US37079,104,Greene County Sheriff's Office,Hispanic,3049,21001,25,0.008199409642505739,0.005977710233029382,0.37166395205985836,1.3716639520598584,Greene County Sheriff's Office - Hispanic,https://nccopwatch.org/agencies/104/search-rate
0500000US37043,58,Clay County Sheriff's Office,Black,154,10761,7,0.045454545454545456,0.03317255635397185,0.3702454815214458,1.3702454815214458,Clay County Sheriff's Office - Black,https://nccopwatch.org/agencies/58/search-rate
0500000US37159,238,Rowan County Sheriff's Office,Hispanic,11769,140322,171,0.014529696660718837,0.010611330542946412,0.3692624691987425,1.3692624691987425,Rowan County Sheriff's Office - Hispanic,https://nccopwatch.org/agencies/238/search-rate
0500000US37147,222,Pitt County Sheriff's Office,Native American,391,170965,2,0.005115089514066497,0.003738258708563245,0.3683080580670727,1.3683080580670728,Pitt County Sheriff's Office - Native American,https://nccopwatch.org/agencies/222/search-rate
0500000US37187,295,Washington County Sheriff's Office,Native American,37,12320,1,0.02702702702702703,0.019771449301650645,0.36697247706422015,1.3669724770642202,Washington County Sheriff's Office - Native American,https://nccopwatch.org/agencies/295/search-rate
0500000US37039,54,Cherokee County Sheriff's Office,Asian,161,27668,2,0.012422360248447204,0.009089112823552658,0.3667296786389412,1.3667296786389411,Cherokee County Sheriff's Office - Asian,https://nccopwatch.org/agencies/54/search-rate
0500000US37091,116,Hertford County Sheriff's Office,Black,13799,23640,286,0.020726139575331547,0.015260436372808677,0.3581616586182136,1.3581616586182137,Hertford County Sheriff's Office - Black,https://nccopwatch.org/agencies/116/search-rate
0500000US37153,230,Richmond County Sheriff's Office,Black,14102,45323,149,0.010565877180541767,0.007788637751985339,0.3565757603566175,1.3565757603566175,Richmond County Sheriff's Office - Black,https://nccopwatch.org/agencies/230/search-rate
1600000US3731620,120,Hillsborough Police Department,Hispanic,544,7057,137,0.25183823529411764,0.18567518248175183,0.35633762104350336,1.3563376210435034,Hillsborough Police Department - Hispanic,https://nccopwatch.org/agencies/120/search-rate
1600000US3747000,201,Newton Police Department,Black,1740,13057,259,0.14885057471264368,0.10988628452077048,0.35458738423818714,1.354587384238187,Newton Police Department - Black,https://nccopwatch.org/agencies/201/search-rate
1600000US3714340,65,Conover Police Department,Hispanic,1168,8204,278,0.238013698630137,0.17766497461928935,0.3396771037181996,1.3396771037181996,Conover Police Department - Hispanic,https://nccopwatch.org/agencies/65/search-rate
1600000US3743920,172,Monroe Police Department,Black,8100,33959,1691,0.20876543209876544,0.15616841823415223,0.3367967381583612,1.3367967381583612,Monroe Police Department - Black,https://nccopwatch.org/agencies/172/search-rate
0500000US37117,162,Martin County Sheriff's Office,Black,9915,23329,137,0.013817448310640443,0.010337413165729408,0.33664467977811396,1.336644679778114,Martin County Sheriff's Office - Black,https://nccopwatch.org/agencies/162/search-rate
1600000US3771220,296,Washington Police Department,Hispanic,722,9739,115,0.1592797783933518,0.11956989247311828,0.33210606030411133,1.3321060603041113,Washington Police Department - Hispanic,https://nccopwatch.org/agencies/296/search-rate
0500000US37121,171,Mitchell County Sheriff's Office,Other,157,15269,1,0.006369426751592357,0.004790419161676647,0.32961783439490455,1.3296178343949046,Mitchell County Sheriff's Office - Other,https://nccopwatch.org/agencies/171/search-rate
0500000US37047,62,Columbus County Sheriff's Office,Native American,1756,55511,15,0.008542141230068337,0.006433768264085142,0.3277042130585656,1.3277042130585657,Columbus County Sheriff's Office - Native American,https://nccopwatch.org/agencies/62/search-rate
0500000US37127,185,Nash County Sheriff's Office,Native American,496,94622,10,0.020161290322580645,0.015196821365665834,0.3266781149465264,1.3266781149465263,Nash County Sheriff's Office - Native American,https://nccopwatch.org/agencies/185/search-rate
1600000US3752220,221,Pineville Police Department,Native American,14,8477,5,0.35714285714285715,0.2692492781520693,0.3264394229541684,1.3264394229541683,Pineville Police Department - Native American,https://nccopwatch.org/agencies/221/search-rate
0500000US37071,97,Gaston County Police Department,Black,33473,214110,1216,0.036327786574253874,0.027388118044123534,0.3264068204952278,1.3264068204952277,Gaston County Police Department - Black,https://nccopwatch.org/agencies/97/search-rate
0500000US37019,31,Brunswick County Sheriff's Office,Native American,470,120677,5,0.010638297872340425,0.008022397556630185,0.32607463008964255,1.3260746300896424,Brunswick County Sheriff's Office - Native American,https://nccopwatch.org/agencies/31/search-rate
1600000US3735880,139,Kings Mountain Police Department,Native American,14,10938,3,0.21428571428571427,0.16167361901150298,0.3254216463755164,1.3254216463755164,Kings Mountain Police Department - Native American,https://nccopwatch.org/agencies/139/search-rate
0500000US37117,162,Martin County Sheriff's Office,Native American,73,23329,1,0.0136986301369863,0.010337413165729408,0.3251506849315068,1.325150684931507,Martin County Sheriff's Office - Native American,https://nccopwatch.org/agencies/162/search-rate
0500000US37193,305,Wilkes County Sheriff's Office,Hispanic,4116,68160,3,0.0007288629737609329,0.0005505138128920325,0.32396854845834444,1.3239685484583443,Wilkes County Sheriff's Office - Hispanic,https://nccopwatch.org/agencies/305/search-rate
1600000US3731400,119,High Point Police Department,Black,36186,108444,8239,0.2276847399546786,0.17207754063050715,0.32315198787954447,1.3231519878795446,High Point Police Department - Black,https://nccopwatch.org/agencies/119/search-rate
0500000US37101,132,Johnston County Sheriff's Office,Hispanic,24991,186319,541,0.021647793205554,0.016370819566125967,0.322340223598029,1.322340223598029,Johnston County Sheriff's Office - Hispanic,https://nccopwatch.org/agencies/132/search-rate
0500000US37013,20,Beaufort County Sheriff's Office,Hispanic,3364,46763,63,0.01872770511296076,0.0141720054358377,0.3214576580391901,1.3214576580391901,Beaufort County Sheriff's Office - Hispanic,https://nccopwatch.org/agencies/20/search-rate
1600000US3719000,80,Durham Police Department,Hispanic,34481,252306,2032,0.058931005481279546,0.04460020716217983,0.32131685547980987,1.3213168554798098,Durham Police Department - Hispanic,https://nccopwatch.org/agencies/80/search-rate
1600000US3771860,340,Wendell Police Department,Hispanic,1202,7168,286,0.23793677204658903,0.1802268244575937,0.32020731521335855,1.3202073152133584,Wendell Police Department - Hispanic,https://nccopwatch.org/agencies/340/search-rate
0500000US37109,151,Lincoln County Sheriff's Office,Asian,493,80939,11,0.02231237322515213,0.016929151065720655,0.31798535783237264,1.3179853578323726,Lincoln County Sheriff's Office - Asian,https://nccopwatch.org/agencies/151/search-rate
0500000US37075,327,Graham County Sheriff's Office,Asian,41,8493,2,0.04878048780487805,0.037066881547139406,0.3160127253446447,1.3160127253446448,Graham County Sheriff's Office - Asian,https://nccopwatch.org/agencies/327/search-rate
1600000US3741580,160,Marshall Police Department,Black,14,830,4,0.2857142857142857,0.21715076071922546,0.31574158325750673,1.3157415832575068,Marshall Police Department - Black,https://nccopwatch.org/agencies/160/search-rate
0500000US37011,16,Avery County Sheriff's Office,Asian,102,17697,2,0.0196078431372549,0.014940886059503703,0.3123614663256607,1.3123614663256606,Avery County Sheriff's Office - Asian,https://nccopwatch.org/agencies/16/search-rate
0500000US37127,185,Nash County Sheriff's Office,Other,1857,94622,37,0.01992460958535272,0.015196821365665834,0.3111037568927654,1.3111037568927655,Nash County Sheriff's Office - Other,https://nccopwatch.org/agencies/185/search-rate
1600000US3760800,248,Shallotte Police Department,Hispanic,300,3795,56,0.18666666666666668,0.14285714285714285,0.3066666666666668,1.3066666666666669,Shallotte Police Department - Hispanic,https://nccopwatch.org/agencies/248/search-rate
0500000US37047,62,Columbus County Sheriff's Office,Other,953,55511,8,0.008394543546694649,0.006433768264085142,0.3047631189259692,1.3047631189259692,Columbus County Sheriff's Office - Other,https://nccopwatch.org/agencies/62/search-rate
0500000US37051,69,Cumberland County Sheriff's Office,Black,116188,326162,1436,0.012359279787929906,0.009516143335629942,0.29876982218781983,1.29876982218782,Cumberland County Sheriff's Office - Black,https://nccopwatch.org/agencies/69/search-rate
0500000US37079,104,Greene County Sheriff's Office,Native American,129,21001,1,0.007751937984496124,0.005977710233029382,0.29680725266062274,1.2968072526606227,Greene County Sheriff's Office - Native American,https://nccopwatch.org/agencies/104/search-rate
0500000US37075,327,Graham County Sheriff's Office,Hispanic,209,8493,10,0.04784688995215311,0.037066881547139406,0.29082587892656536,1.2908258789265654,Graham County Sheriff's Office - Hispanic,https://nccopwatch.org/agencies/327/search-rate
1600000US3769840,287,Vass Police Department,Native American,7,746,2,0.2857142857142857,0.2214765100671141,0.2900432900432899,1.2900432900432899,Vass Police Department - Native American,https://nccopwatch.org/agencies/287/search-rate
1600000US3713980,63,Columbus Police Department,Asian,11,1264,12,1.0909090909090908,0.8461538461538461,0.28925619834710736,1.2892561983471074,Columbus Police Department - Asian,https://nccopwatch.org/agencies/63/search-rate
1600000US3735880,139,Kings Mountain Police Department,Asian,96,10938,20,0.20833333333333334,0.16167361901150298,0.2886043784206411,1.2886043784206411,Kings Mountain Police Department - Asian,https://nccopwatch.org/agencies/139/search-rate
1600000US3740560,157,Madison Police Department,Asian,7,2300,2,0.2857142857142857,0.22191967324710687,0.2874671340929009,1.287467134092901,Madison Police Department - Asian,https://nccopwatch.org/agencies/157/search-rate
1600000US3755000,225,Raleigh Police Department,Hispanic,48082,434086,5336,0.11097708082026538,0.08635636803664809,0.28510593188876004,1.28510593188876,Raleigh Police Department - Hispanic,https://nccopwatch.org/agencies/225/search-rate
0500000US37187,295,Washington County Sheriff's Office,Hispanic,512,12320,13,0.025390625,0.019771449301650645,0.28420656536697236,1.2842065653669723,Washington County Sheriff's Office - Hispanic,https://nccopwatch.org/agencies/295/search-rate
1600000US3776200,314,Youngsville Police Department,Hispanic,140,1673,122,0.8714285714285714,0.679474216380182,0.2825042517006803,1.2825042517006802,Youngsville Police Department - Hispanic,https://nccopwatch.org/agencies/314/search-rate
0500000US37141,214,Pender County Sheriff's Office,Hispanic,3800,56445,67,0.017631578947368422,0.01376759723216416,0.2806576666970721,1.2806576666970722,Pender County Sheriff's Office - Hispanic,https://nccopwatch.org/agencies/214/search-rate
0500000US37041,56,Chowan County Sheriff's Office,Other,186,14399,2,0.010752688172043012,0.008403361344537815,0.2795698924731184,1.2795698924731185,Chowan County Sheriff's Office - Other,https://nccopwatch.org/agencies/56/search-rate
0500000US37171,267,Surry County Sheriff's Office,Asian,386,72524,3,0.007772020725388601,0.0060745980286210175,0.2794296328366129,1.2794296328366128,Surry County Sheriff's Office - Asian,https://nccopwatch.org/agencies/267/search-rate
0500000US37061,78,Duplin County Sheriff's Office,Hispanic,12119,56460,120,0.009901807079792062,0.007773610637572452,0.27377193706272446,1.2737719370627245,Duplin County Sheriff's Office - Hispanic,https://nccopwatch.org/agencies/78/search-rate
1600000US3768500,275,Troutman Police Department,Asian,22,2789,10,0.45454545454545453,0.35696073431922487,0.2733766233766234,1.2733766233766235,Troutman Police Department - Asian,https://nccopwatch.org/agencies/275/search-rate
0500000US37157,235,Rockingham County Sheriff's Office,Native American,277,92028,2,0.007220216606498195,0.005679185784101269,0.27134714041421243,1.2713471404142125,Rockingham County Sheriff's Office - Native American,https://nccopwatch.org/agencies/235/search-rate
1600000US3700680,3,Albemarle Police Department,Black,3685,16006,676,0.18344640434192672,0.14448204549727392,0.2696830510015722,1.2696830510015722,Albemarle Police Department - Black,https://nccopwatch.org/agencies/3/search-rate
1600000US3740560,157,Madison Police Department,Hispanic,96,2300,27,0.28125,0.22191967324710687,0.2673504601226994,1.2673504601226995,Madison Police Department - Hispanic,https://nccopwatch.org/agencies/157/search-rate
1600000US3735600,138,Kernersville Police Department,Hispanic,2504,24214,625,0.2496006389776358,0.197226235192141,0.2655549538552556,1.2655549538552555,Kernersville Police Department - Hispanic,https://nccopwatch.org/agencies/138/search-rate
1600000US3744960,181,Mount Holly Police Department,Hispanic,961,14651,101,0.10509885535900104,0.08312271833754563,0.26438183761284706,1.264381837612847,Mount Holly Police Department - Hispanic,https://nccopwatch.org/agencies/181/search-rate
1600000US3721095,321,Elon Police Department,Native American,15,10058,2,0.13333333333333333,0.10552220888355342,0.2635570724307926,1.2635570724307925,Elon Police Department - Native American,https://nccopwatch.org/agencies/321/search-rate
1600000US3735880,139,Kings Mountain Police Department,Hispanic,250,10938,51,0.204,0.16167361901150298,0.2618014073494916,1.2618014073494916,Kings Mountain Police Department - Hispanic,https://nccopwatch.org/agencies/139/search-rate
1600000US3769840,287,Vass Police Department,Black,136,746,38,0.27941176470588236,0.2214765100671141,0.2615864527629233,1.2615864527629232,Vass Police Department - Black,https://nccopwatch.org/agencies/287/search-rate
0500000US37137,210,Pamlico County Sheriff's Office,Hispanic,441,12780,12,0.027210884353741496,0.02158803706823926,0.2604612576738012,1.2604612576738012,Pamlico County Sheriff's Office - Hispanic,https://nccopwatch.org/agencies/210/search-rate
1600000US3761200,250,Shelby Police Department,Native American,28,20586,4,0.14285714285714285,0.1133380631429585,0.26045159847976745,1.2604515984797675,Shelby Police Department - Native American,https://nccopwatch.org/agencies/250/search-rate
1600000US3761060,249,Sharpsburg Police Department,Hispanic,42,1959,2,0.047619047619047616,0.037800687285223365,0.25974025974025977,1.2597402597402598,Sharpsburg Police Department - Hispanic,https://nccopwatch.org/agencies/249/search-rate
1600000US3735920,140,Kinston Police Department,Hispanic,587,21030,127,0.21635434412265758,0.1722134178552562,0.25631525590242576,1.2563152559024258,Kinston Police Department - Hispanic,https://nccopwatch.org/agencies/140/search-rate
1600000US3764260,255,Spruce Pine Police Department,Other,26,2342,2,0.07692307692307693,0.06123456790123457,0.2562034739454095,1.2562034739454095,Spruce Pine Police Department - Other,https://nccopwatch.org/agencies/255/search-rate
0500000US37109,151,Lincoln County Sheriff's Office,Hispanic,5844,80939,124,0.021218343600273786,0.016929151065720655,0.25336134800274734,1.2533613480027475,Lincoln County Sheriff's Office - Hispanic,https://nccopwatch.org/agencies/151/search-rate
0500000US37001,2,Alamance County Sheriff's Office,Hispanic,19193,158227,402,0.020945136247590267,0.016727846314129092,0.25211194879875615,1.2521119487987562,Alamance County Sheriff's Office - Hispanic,https://nccopwatch.org/agencies/2/search-rate
1600000US3736220,143,Kure Beach Police Department,Other,41,2190,2,0.04878048780487805,0.03897978825794033,0.25143029208069856,1.2514302920806986,Kure Beach Police Department - Other,https://nccopwatch.org/agencies/143/search-rate
1600000US3741620,161,Mars Hill Police Department,Asian,19,2512,3,0.15789473684210525,0.12621809744779583,0.2509674922600618,1.2509674922600618,Mars Hill Police Department - Asian,https://nccopwatch.org/agencies/161/search-rate
1600000US3741060,159,Manteo Police Department,Black,190,1709,56,0.29473684210526313,0.23614274867122248,0.24812997123032648,1.2481299712303264,Manteo Police Department - Black,https://nccopwatch.org/agencies/159/search-rate
1600000US3706140,317,Black Mountain Police Department,Black,530,8090,82,0.15471698113207547,0.12412440459512468,0.24646705566676605,1.246467055666766,Black Mountain Police Department - Black,https://nccopwatch.org/agencies/317/search-rate
1600000US3771780,300,Weldon Police Department,Black,1227,1666,455,0.37082314588427057,0.2975609756097561,0.24620893288976178,1.2462089328897619,Weldon Police Department - Black,https://nccopwatch.org/agencies/300/search-rate
1600000US3776220,315,Zebulon Police Department,Black,1996,5339,625,0.31312625250501,0.25145154086645827,0.24527474131210902,1.245274741312109,Zebulon Police Department - Black,https://nccopwatch.org/agencies/315/search-rate
0500000US37047,62,Columbus County Sheriff's Office,Black,16637,55511,133,0.007994229728917474,0.006433768264085142,0.2425423796413692,1.2425423796413693,Columbus County Sheriff's Office - Black,https://nccopwatch.org/agencies/62/search-rate
0500000US37111,166,McDowell County Sheriff's Office,Hispanic,2573,44833,14,0.005441119315973571,0.004387410920341863,0.24016633380435776,1.2401663338043578,McDowell County Sheriff's Office - Hispanic,https://nccopwatch.org/agencies/166/search-rate
1600000US3730720,115,Hendersonville Police Department,Hispanic,1554,13682,262,0.16859716859716858,0.1362265252505595,0.23762364405221537,1.2376236440522153,Hendersonville Police Department - Hispanic,https://nccopwatch.org/agencies/115/search-rate
1600000US3735460,136,Kenansville Police Department,Black,347,984,62,0.1786743515850144,0.14444444444444443,0.236976280203946,1.2369762802039461,Kenansville Police Department - Black,https://nccopwatch.org/agencies/136/search-rate
0500000US37027,39,Caldwell County Sheriff's Office,Hispanic,4175,81599,44,0.010538922155688623,0.008520743120547562,0.23685481496024346,1.2368548149602434,Caldwell County Sheriff's Office - Hispanic,https://nccopwatch.org/agencies/39/search-rate
1600000US3746340,198,New Bern Police Department,Black,9392,29869,1330,0.14160988074957412,0.11480804387568556,0.23344912054167258,1.2334491205416727,New Bern Police Department - Black,https://nccopwatch.org/agencies/198/search-rate
0500000US37125,175,Moore County Sheriff's Office,Native American,608,93276,4,0.006578947368421052,0.00533689126084056,0.23273026315789477,1.2327302631578947,Moore County Sheriff's Office - Native American,https://nccopwatch.org/agencies/175/search-rate
0500000US37097,129,Iredell County Sheriff's Office,Other,3158,169284,42,0.013299556681443952,0.010794950001930427,0.2320165150432039,1.2320165150432039,Iredell County Sheriff's Office - Other,https://nccopwatch.org/agencies/129/search-rate
1600000US3764740,261,Statesville Police Department,Black,8781,26180,1812,0.20635462931329004,0.1681502715751358,0.22720366360564054,1.2272036636056405,Statesville Police Department - Black,https://nccopwatch.org/agencies/261/search-rate
1600000US3720080,82,Eden Police Department,Black,3822,15366,672,0.17582417582417584,0.14333502280790675,0.22666583769836957,1.2266658376983695,Eden Police Department - Black,https://nccopwatch.org/agencies/82/search-rate
0500000US37185,293,Warren County Sheriff's Office,Black,10084,20041,125,0.01239587465291551,0.010108966784823422,0.22622567832801854,1.2262256783280185,Warren County Sheriff's Office - Black,https://nccopwatch.org/agencies/293/search-rate
1600000US3735200,135,Kannapolis Police Department,Hispanic,5827,46668,1129,0.19375321777930324,0.15872466975586141,0.22068748403962757,1.2206874840396276,Kannapolis Police Department - Hispanic,https://nccopwatch.org/agencies/135/search-rate
0500000US37085,110,Harnett County Sheriff's Office,Hispanic,14893,124487,131,0.00879607869468878,0.00720711445155146,0.22047162617145152,1.2204716261714514,Harnett County Sheriff's Office - Hispanic,https://nccopwatch.org/agencies/110/search-rate
0500000US37053,70,Currituck County Sheriff's Office,Native American,80,25471,16,0.2,0.1641025641025641,0.21875000000000006,1.21875,Currituck County Sheriff's Office - Native American,https://nccopwatch.org/agencies/70/search-rate
0500000US37141,214,Pender County Sheriff's Office,Native American,179,56445,3,0.01675977653631285,0.01376759723216416,0.21733489538452605,1.217334895384526,Pender County Sheriff's Office - Native American,https://nccopwatch.org/agencies/214/search-rate
1600000US3707080,28,Boone Police Department,Hispanic,742,17931,67,0.09029649595687332,0.07422732117108645,0.21648598564872162,1.2164859856487216,Boone Police Department - Hispanic,https://nccopwatch.org/agencies/28/search-rate
1600000US3752220,221,Pineville Police Department,Black,2020,8477,661,0.32722772277227724,0.2692492781520693,0.21533370495226478,1.2153337049522648,Pineville Police Department - Black,https://nccopwatch.org/agencies/221/search-rate
1600000US3761200,250,Shelby Police Department,Black,7762,20586,1068,0.13759340376191703,0.1133380631429585,0.21400877998386264,1.2140087799838626,Shelby Police Department - Black,https://nccopwatch.org/agencies/250/search-rate
0500000US37195,307,Wilson County Sheriff's Office,Native American,203,80375,3,0.014778325123152709,0.012224875415282391,0.20887327037118383,1.2088732703711838,Wilson County Sheriff's Office - Native American,https://nccopwatch.org/agencies/307/search-rate
1600000US3701380,6,Andrews Police Department,Native American,46,1943,3,0.06521739130434782,0.054003724394785846,0.20764617691154422,1.2076461769115443,Andrews Police Department - Native American,https://nccopwatch.org/agencies/6/search-rate
1600000US3728080,106,Greenville Police Department,Hispanic,3572,87098,425,0.11898096304591266,0.09866928446771378,0.20585614548411157,1.2058561454841117,Greenville Police Department - Hispanic,https://nccopwatch.org/agencies/106/search-rate
0500000US37163,244,Sampson County Sheriff's Office,Asian,300,62629,2,0.006666666666666667,0.00554016620498615,0.20333333333333342,1.2033333333333334,Sampson County Sheriff's Office - Asian,https://nccopwatch.org/agencies/244/search-rate
0500000US37179,285,Union County Sheriff's Office,Hispanic,23789,216866,209,0.008785573164067426,0.007306770179244206,0.20238805225104037,1.2023880522510404,Union County Sheriff's Office - Hispanic,https://nccopwatch.org/agencies/285/search-rate
1600000US3746000,333,Nashville Police Department,Other,110,5411,8,0.07272727272727272,0.06049149338374291,0.2022727272727272,1.2022727272727272,Nashville Police Department - Other,https://nccopwatch.org/agencies/333/search-rate
0500000US37157,235,Rockingham County Sheriff's Office,Asian,440,92028,3,0.006818181818181818,0.005679185784101269,0.2005562200956937,1.2005562200956936,Rockingham County Sheriff's Office - Asian,https://nccopwatch.org/agencies/235/search-rate
0500000US37187,295,Washington County Sheriff's Office,Other,169,12320,4,0.023668639053254437,0.019771449301650645,0.19711199174854774,1.1971119917485478,Washington County Sheriff's Office - Other,https://nccopwatch.org/agencies/295/search-rate
1600000US3713000,61,Cleveland Police Department,Black,269,985,90,0.3345724907063197,0.2797427652733119,0.1960005127547752,1.1960005127547753,Cleveland Police Department - Black,https://nccopwatch.org/agencies/61/search-rate
1600000US3774020,304,Wilkesboro Police Department,Hispanic,260,3486,118,0.45384615384615384,0.37961595273264404,0.19554025740796163,1.1955402574079617,Wilkesboro Police Department - Hispanic,https://nccopwatch.org/agencies/304/search-rate
1600000US3710740,46,Cary Police Department,Hispanic,12563,152899,1415,0.11263233304147098,0.09436423198252851,0.19359137117043246,1.1935913711704325,Cary Police Department - Hispanic,https://nccopwatch.org/agencies/46/search-rate
1600000US3710120,42,Candor Police Department,Black,158,984,90,0.569620253164557,0.47757255936675463,0.19274075110147568,1.1927407511014756,Candor Police Department - Black,https://nccopwatch.org/agencies/42/search-rate
1600000US3765100,263,Stoneville Police Department,Hispanic,131,1214,19,0.1450381679389313,0.12203389830508475,0.1885072094995758,1.188507209499576,Stoneville Police Department - Hispanic,https://nccopwatch.org/agencies/263/search-rate
0500000US37069,94,Franklin County Sheriff's Office,Asian,316,63754,2,0.006329113924050633,0.00532916914534999,0.1876361495437151,1.187636149543715,Franklin County Sheriff's Office - Asian,https://nccopwatch.org/agencies/94/search-rate
0500000US37099,130,Jackson County Sheriff's Office,Native American,3329,41131,26,0.007810153199158907,0.00657835451022799,0.18725027467214223,1.1872502746721423,Jackson County Sheriff's Office - Native American,https://nccopwatch.org/agencies/130/search-rate
1600000US3726880,101,Goldsboro Police Department,Hispanic,1822,35494,365,0.20032930845225028,0.16892840430510062,0.18588291457744827,1.1858829145774483,Goldsboro Police Department - Hispanic,https://nccopwatch.org/agencies/101/search-rate
1600000US3702500,15,Atlantic Beach Police Department,Native American,3,1725,1,0.3333333333333333,0.281134401972873,0.18567251461988304,1.185672514619883,Atlantic Beach Police Department - Native American,https://nccopwatch.org/agencies/15/search-rate
1600000US3718320,77,Dunn Police Department,Hispanic,728,9363,419,0.5755494505494505,0.48688634835238737,0.18210225547932718,1.1821022554793272,Dunn Police Department - Hispanic,https://nccopwatch.org/agencies/77/search-rate
1600000US3744400,177,Morganton Police Department,Black,1846,16890,645,0.3494041170097508,0.2959375840731773,0.18066827538658536,1.1806682753865854,Morganton Police Department - Black,https://nccopwatch.org/agencies/177/search-rate
1600000US3756360,229,Richlands Police Department,Black,314,2239,274,0.8726114649681529,0.7395437262357415,0.17993221227056141,1.1799322122705613,Richlands Police Department - Black,https://nccopwatch.org/agencies/229/search-rate
0500000US37055,71,Dare County Sheriff's Office,Native American,61,35321,7,0.11475409836065574,0.09741704556447713,0.17796734335064382,1.177967343350644,Dare County Sheriff's Office - Native American,https://nccopwatch.org/agencies/71/search-rate
0500000US37055,71,Dare County Sheriff's Office,Asian,157,35321,18,0.11464968152866242,0.09741704556447713,0.17689548953503814,1.176895489535038,Dare County Sheriff's Office - Asian,https://nccopwatch.org/agencies/71/search-rate
1600000US3730120,111,Havelock Police Department,Black,3534,19912,491,0.13893604980192417,0.1180601454064772,0.17682431546710292,1.176824315467103,Havelock Police Department - Black,https://nccopwatch.org/agencies/111/search-rate
1600000US3706000,25,Biscoe Police Department,Asian,27,2335,6,0.2222222222222222,0.18900804289544235,0.17572892040977148,1.1757289204097714,Biscoe Police Department - Asian,https://nccopwatch.org/agencies/25/search-rate
0500000US37007,7,Anson County Sheriff's Office,Black,12146,25138,134,0.0110324386629343,0.009383495571340876,0.17572801937794214,1.1757280193779422,Anson County Sheriff's Office - Black,https://nccopwatch.org/agencies/7/search-rate
0500000US37175,274,Transylvania County Sheriff's Office,Asian,166,32906,2,0.012048192771084338,0.010272352503885923,0.1728757133798352,1.172875713379835,Transylvania County Sheriff's Office - Asian,https://nccopwatch.org/agencies/274/search-rate
0500000US37025,38,Cabarrus County Sheriff's Office,Hispanic,19786,195118,587,0.029667441625391693,0.025329072510081412,0.17128022013374292,1.1712802201337429,Cabarrus County Sheriff's Office - Hispanic,https://nccopwatch.org/agencies/38/search-rate
0500000US37105,146,Lee County Sheriff's Office,Hispanic,11316,59816,137,0.012106751502297631,0.010359884699905819,0.16861836333059702,1.168618363330597,Lee County Sheriff's Office - Hispanic,https://nccopwatch.org/agencies/146/search-rate
1600000US3763120,253,Southern Pines Police Department,Hispanic,645,13546,90,0.13953488372093023,0.11941837681757245,0.1684540306060971,1.168454030606097,Southern Pines Police Department - Hispanic,https://nccopwatch.org/agencies/253/search-rate
0500000US37195,307,Wilson County Sheriff's Office,Black,31207,80375,445,0.014259621238824623,0.012224875415282391,0.16644307237671999,1.16644307237672,Wilson County Sheriff's Office - Black,https://nccopwatch.org/agencies/307/search-rate
0500000US37151,226,Randolph County Sheriff's Office,Native American,444,142471,5,0.01126126126126126,0.00965758665880925,0.16605334843039757,1.1660533484303977,Randolph County Sheriff's Office - Native American,https://nccopwatch.org/agencies/226/search-rate
1600000US3752660,223,Pittsboro Police Department,Black,885,3973,226,0.25536723163841807,0.21908548707753478,0.16560542208824225,1.1656054220882424,Pittsboro Police Department - Black,https://nccopwatch.org/agencies/223/search-rate
0500000US37183,290,Wake County Sheriff's Office,Native American,2374,996531,19,0.008003369839932602,0.006871146972080383,0.1647793115840477,1.1647793115840477,Wake County Sheriff's Office - Native American,https://nccopwatch.org/agencies/290/search-rate
1600000US3703500,19,Banner Elk Police Department,Hispanic,75,1236,16,0.21333333333333335,0.1831831831831832,0.16459016393442627,1.1645901639344263,Banner Elk Police Department - Hispanic,https://nccopwatch.org/agencies/19/search-rate
1600000US3755660,227,Red Springs Police Department,Other,121,3364,2,0.01652892561983471,0.014238773274917854,0.16083916083916083,1.1608391608391608,Red Springs Police Department - Other,https://nccopwatch.org/agencies/227/search-rate
1600000US3764180,254,Spring Lake Police Department,Native American,74,12348,8,0.10810810810810811,0.09314550042052144,0.1606369349033007,1.1606369349033008,Spring Lake Police Department - Native American,https://nccopwatch.org/agencies/254/search-rate
0500000US37123,173,Montgomery County Sheriff's Office,Other,391,27183,4,0.010230179028132993,0.008824383164005805,0.15930811683941323,1.1593081168394133,Montgomery County Sheriff's Office - Other,https://nccopwatch.org/agencies/173/search-rate
1600000US3757500,236,Rocky Mount Police Department,Hispanic,1876,56103,174,0.09275053304904052,0.08010842609147009,0.15781244963089533,1.1578124496308952,Rocky Mount Police Department - Hispanic,https://nccopwatch.org/agencies/236/search-rate
1600000US3737760,149,Lenoir Police Department,Black,2162,18062,489,0.22617946345975948,0.19543297746144722,0.15732496325691794,1.157324963256918,Lenoir Police Department - Black,https://nccopwatch.org/agencies/149/search-rate
1600000US3770380,289,Wadesboro Police Department,Hispanic,130,5457,29,0.2230769230769231,0.1928374655647383,0.15681318681318684,1.1568131868131868,Wadesboro Police Department - Hispanic,https://nccopwatch.org/agencies/289/search-rate
1600000US3755900,228,Reidsville Police Department,Black,5579,14289,1193,0.21383760530561033,0.18548494095794082,0.15285696079283623,1.1528569607928363,Reidsville Police Department - Black,https://nccopwatch.org/agencies/228/search-rate
0500000US37035,50,Catawba County Sheriff's Office,Hispanic,14436,156487,117,0.008104738154613466,0.007042194552138198,0.15088245498026634,1.1508824549802663,Catawba County Sheriff's Office - Hispanic,https://nccopwatch.org/agencies/50/search-rate
0500000US37195,307,Wilson County Sheriff's Office,Hispanic,8046,80375,113,0.01404424558786975,0.012224875415282391,0.14882525267398247,1.1488252526739824,Wilson County Sheriff's Office - Hispanic,https://nccopwatch.org/agencies/307/search-rate
1600000US3703020,17,Bailey Police Department,Black,119,556,24,0.20168067226890757,0.17575757575757575,0.14749348015068103,1.147493480150681,Bailey Police Department - Black,https://nccopwatch.org/agencies/17/search-rate
0500000US37097,129,Iredell County Sheriff's Office,Asian,3724,169284,46,0.012352309344790547,0.010794950001930427,0.14426739749434894,1.144267397494349,Iredell County Sheriff's Office - Asian,https://nccopwatch.org/agencies/129/search-rate
1600000US3739700,154,Lumberton Police Department,Hispanic,2000,20977,210,0.105,0.09178201770794363,0.14401494565217396,1.144014945652174,Lumberton Police Department - Hispanic,https://nccopwatch.org/agencies/154/search-rate
1600000US3774540,308,Wilson Police Department,Hispanic,4817,48787,498,0.10338384886859041,0.09041297161148135,0.14346256987157713,1.143462569871577,Wilson Police Department - Hispanic,https://nccopwatch.org/agencies/308/search-rate
1600000US3773660,341,Whiteville Police Department,Black,2328,5267,147,0.06314432989690721,0.05527426160337553,0.14238215157000073,1.1423821515700008,Whiteville Police Department - Black,https://nccopwatch.org/agencies/341/search-rate
1600000US3730660,114,Henderson Police Department,Other,204,15235,35,0.1715686274509804,0.15027387473207907,0.14170628631801374,1.1417062863180139,Henderson Police Department - Other,https://nccopwatch.org/agencies/114/search-rate
1600000US3714100,64,Concord Police Department,Hispanic,11186,87081,2649,0.2368138744859646,0.20755321756509607,0.1409790571504456,1.1409790571504457,Concord Police Department - Hispanic,https://nccopwatch.org/agencies/64/search-rate
1600000US3746000,333,Nashville Police Department,Native American,29,5411,2,0.06896551724137931,0.06049149338374291,0.14008620689655168,1.1400862068965516,Nashville Police Department - Native American,https://nccopwatch.org/agencies/333/search-rate
1600000US3730720,115,Hendersonville Police Department,Black,1283,13682,199,0.15510522213561964,0.1362265252505595,0.13858311991983072,1.1385831199198306,Hendersonville Police Department - Black,https://nccopwatch.org/agencies/115/search-rate
1600000US3728000,105,Greensboro Police Department,Native American,1032,280559,114,0.11046511627906977,0.0972072337224893,0.13638781856944468,1.1363878185694447,Greensboro Police Department - Native American,https://nccopwatch.org/agencies/105/search-rate
1600000US3741620,161,Mars Hill Police Department,Native American,7,2512,1,0.14285714285714285,0.12621809744779583,0.13182773109243687,1.131827731092437,Mars Hill Police Department - Native American,https://nccopwatch.org/agencies/161/search-rate
1600000US3757500,236,Rocky Mount Police Department,Native American,188,56103,17,0.09042553191489362,0.08010842609147009,0.12878927132637913,1.1287892713263792,Rocky Mount Police Department - Native American,https://nccopwatch.org/agencies/236/search-rate
1600000US3768500,275,Troutman Police Department,Black,581,2789,234,0.4027538726333907,0.35696073431922487,0.12828620604868451,1.1282862060486845,Troutman Police Department - Black,https://nccopwatch.org/agencies/275/search-rate
1600000US3744800,179,Mount Airy Police Department,Black,929,10419,185,0.1991388589881593,0.17689745419938138,0.12573049674140366,1.1257304967414037,Mount Airy Police Department - Black,https://nccopwatch.org/agencies/179/search-rate
0500000US37031,45,Carteret County Sheriff's Office,Hispanic,2659,67557,9,0.003384731101918014,0.003007056331049565,0.12559617422817873,1.1255961742281788,Carteret County Sheriff's Office - Hispanic,https://nccopwatch.org/agencies/45/search-rate
1600000US3775000,309,Winston-Salem Police Department,Native American,413,237904,42,0.1016949152542373,0.09050832698378143,0.12359733787213231,1.1235973378721322,Winston-Salem Police Department - Native American,https://nccopwatch.org/agencies/309/search-rate
1600000US3744220,176,Mooresville Police Department,Hispanic,2676,36983,594,0.2219730941704036,0.19787502251035477,0.12178430281056707,1.1217843028105672,Mooresville Police Department - Hispanic,https://nccopwatch.org/agencies/176/search-rate
1600000US3743580,288,Village of Misenheimer Police Department,Black,127,720,104,0.8188976377952756,0.7313432835820896,0.1197171782098666,1.1197171782098665,Village of Misenheimer Police Department - Black,https://nccopwatch.org/agencies/288/search-rate
1600000US3744960,181,Mount Holly Police Department,Native American,43,14651,4,0.09302325581395349,0.08312271833754563,0.1191074795725959,1.119107479572596,Mount Holly Police Department - Native American,https://nccopwatch.org/agencies/181/search-rate
1600000US3710960,47,Caswell Beach Police Department,Other,4,490,1,0.25,0.22342733188720174,0.11893203883495146,1.1189320388349515,Caswell Beach Police Department - Other,https://nccopwatch.org/agencies/47/search-rate
1600000US3764560,258,Stantonsburg Police Department,Black,316,718,50,0.15822784810126583,0.1416184971098266,0.1172823559803668,1.1172823559803668,Stantonsburg Police Department - Black,https://nccopwatch.org/agencies/258/search-rate
0500000US37155,234,Robeson County Sheriff's Office,Black,30968,130026,281,0.009073882717644019,0.008155305380728659,0.11263555367111067,1.1126355536711108,Robeson County Sheriff's Office - Black,https://nccopwatch.org/agencies/234/search-rate
0500000US37021,32,Buncombe County Sheriff's Office,Hispanic,15900,249975,199,0.012515723270440251,0.011262573674808709,0.11126671681042984,1.1112667168104298,Buncombe County Sheriff's Office - Hispanic,https://nccopwatch.org/agencies/32/search-rate
0500000US37077,103,Granville County Sheriff's Office,Native American,254,59001,1,0.003937007874015748,0.0035525543159130946,0.1082189106526973,1.1082189106526974,Granville County Sheriff's Office - Native American,https://nccopwatch.org/agencies/103/search-rate
1600000US3776220,315,Zebulon Police Department,Hispanic,883,5339,245,0.27746319365798416,0.25145154086645827,0.10344598685653016,1.10344598685653,Zebulon Police Department - Hispanic,https://nccopwatch.org/agencies/315/search-rate
1600000US3775280,343,Woodfin Police Department,Hispanic,690,6551,69,0.1,0.09085757461276918,0.1006237006237006,1.1006237006237005,Woodfin Police Department - Hispanic,https://nccopwatch.org/agencies/343/search-rate
0500000US37107,148,Lenoir County Sheriff's Office,Asian,315,57595,2,0.006349206349206349,0.0057731531095516295,0.09978138960174897,1.099781389601749,Lenoir County Sheriff's Office - Asian,https://nccopwatch.org/agencies/148/search-rate
0500000US37091,116,Hertford County Sheriff's Office,Asian,179,23640,3,0.01675977653631285,0.015260436372808677,0.0982501500530957,1.0982501500530957,Hertford County Sheriff's Office - Asian,https://nccopwatch.org/agencies/116/search-rate
1600000US3766500,269,Sylva Police Department,Native American,82,2669,26,0.3170731707317073,0.2895125553914328,0.09519661523145849,1.0951966152314585,Sylva Police Department - Native American,https://nccopwatch.org/agencies/269/search-rate
1600000US3747000,201,Newton Police Department,Hispanic,1663,13057,200,0.12026458208057728,0.10988628452077048,0.0944457955337011,1.094445795533701,Newton Police Department - Hispanic,https://nccopwatch.org/agencies/201/search-rate
0500000US37085,110,Harnett County Sheriff's Office,Asian,1271,124487,10,0.007867820613690008,0.00720711445155146,0.0916741598291559,1.091674159829156,Harnett County Sheriff's Office - Asian,https://nccopwatch.org/agencies/110/search-rate
1600000US3741960,163,Matthews Police Department,Other,703,29305,109,0.155049786628734,0.1425982407284622,0.08731907095531591,1.087319070955316,Matthews Police Department - Other,https://nccopwatch.org/agencies/163/search-rate
0500000US37153,230,Richmond County Sheriff's Office,Other,827,45323,7,0.008464328899637243,0.007788637751985339,0.08675344382009159,1.0867534438200916,Richmond County Sheriff's Office - Other,https://nccopwatch.org/agencies/230/search-rate
1600000US3764560,258,Stantonsburg Police Department,Other,26,718,4,0.15384615384615385,0.1416184971098266,0.08634222919937203,1.086342229199372,Stantonsburg Police Department - Other,https://nccopwatch.org/agencies/258/search-rate
1600000US3720080,82,Eden Police Department,Hispanic,971,15366,151,0.15550978372811536,0.14333502280790675,0.08493919128561382,1.084939191285614,Eden Police Department - Hispanic,https://nccopwatch.org/agencies/82/search-rate
0500000US37087,112,Haywood County Sheriff's Office,Hispanic,2210,59938,50,0.02262443438914027,0.020888617944488274,0.08309867360612118,1.0830986736061212,Haywood County Sheriff's Office - Hispanic,https://nccopwatch.org/agencies/112/search-rate
0500000US37081,107,Guilford County Sheriff's Office,Hispanic,39184,509903,640,0.016333197223356473,0.015109453714769822,0.08099190954802127,1.0809919095480214,Guilford County Sheriff's Office - Hispanic,https://nccopwatch.org/agencies/107/search-rate
1600000US3768040,273,Topsail Beach Police Department,Native American,2,404,2,1.0,0.9273182957393483,0.07837837837837844,1.0783783783783785,Topsail Beach Police Department - Native American,https://nccopwatch.org/agencies/273/search-rate
0500000US37045,60,Cleveland County Sheriff's Office,Asian,898,97943,9,0.01002227171492205,0.009314305603898364,0.07600846924406016,1.0760084692440601,Cleveland County Sheriff's Office - Asian,https://nccopwatch.org/agencies/60/search-rate
1600000US3752220,221,Pineville Police Department,Other,277,8477,80,0.2888086642599278,0.2692492781520693,0.07264415430228774,1.0726441543022878,Pineville Police Department - Other,https://nccopwatch.org/agencies/221/search-rate
1600000US3757100,233,Robersonville Police Department,Black,1022,1527,149,0.14579256360078277,0.1359447004608295,0.07244021360575806,1.072440213605758,Robersonville Police Department - Black,https://nccopwatch.org/agencies/233/search-rate
0500000US37063,79,Durham County Sheriff's Office,Hispanic,39312,293457,481,0.012235449735449735,0.011420059582919563,0.0713998159650333,1.0713998159650333,Durham County Sheriff's Office - Hispanic,https://nccopwatch.org/agencies/79/search-rate
1600000US3711640,318,Chadbourn Police Department,Black,1216,2001,430,0.3536184210526316,0.33063209076175043,0.06952238132094936,1.0695223813209493,Chadbourn Police Department - Black,https://nccopwatch.org/agencies/318/search-rate
0500000US37041,56,Chowan County Sheriff's Office,Black,4902,14399,44,0.00897592819257446,0.008403361344537815,0.0681354549163607,1.0681354549163606,Chowan County Sheriff's Office - Black,https://nccopwatch.org/agencies/56/search-rate
1600000US3709060,36,Burlington Police Department,Hispanic,8577,52731,1173,0.13676110528156699,0.12808886873724779,0.0677048414106053,1.0677048414106054,Burlington Police Department - Hispanic,https://nccopwatch.org/agencies/36/search-rate
0500000US37181,286,Vance County Sheriff's Office,Hispanic,3247,44214,16,0.004927625500461965,0.00462163817584498,0.06620754653971606,1.066207546539716,Vance County Sheriff's Office - Hispanic,https://nccopwatch.org/agencies/286/search-rate
0500000US37037,53,Chatham County Sheriff's Office,Asian,1041,68594,16,0.01536983669548511,0.014479415915086814,0.06149562838860942,1.0614956283886094,Chatham County Sheriff's Office - Asian,https://nccopwatch.org/agencies/53/search-rate
0500000US37159,238,Rowan County Sheriff's Office,Asian,1333,140322,15,0.011252813203300824,0.010611330542946412,0.060452613153288315,1.0604526131532883,Rowan County Sheriff's Office - Asian,https://nccopwatch.org/agencies/238/search-rate
0500000US37087,112,Haywood County Sheriff's Office,Asian,271,59938,6,0.02214022140221402,0.020888617944488274,0.05991796398650673,1.0599179639865066,Haywood County Sheriff's Office - Asian,https://nccopwatch.org/agencies/112/search-rate
1600000US3740660,329,Maiden Police Department,Asian,61,3437,14,0.22950819672131148,0.2167704137678506,0.058761630482941946,1.058761630482942,Maiden Police Department - Asian,https://nccopwatch.org/agencies/329/search-rate
1600000US3716400,73,Davidson Police Department,Asian,255,12215,40,0.1568627450980392,0.14840319361277446,0.05700383717710345,1.0570038371771036,Davidson Police Department - Asian,https://nccopwatch.org/agencies/73/search-rate
1600000US3715320,68,Creedmoor Police Department,Black,1464,4327,214,0.14617486338797814,0.13884156729131175,0.052817727714640106,1.0528177277146402,Creedmoor Police Department - Black,https://nccopwatch.org/agencies/68/search-rate
1600000US3758860,242,Salisbury Police Department,Black,12471,33743,1083,0.08684147221554005,0.08259212198221093,0.05144982513276949,1.0514498251327695,Salisbury Police Department - Black,https://nccopwatch.org/agencies/242/search-rate
0500000US37073,100,Gates County Sheriff's Office,Other,204,11515,4,0.0196078431372549,0.018698060941828253,0.04865649963689187,1.048656499636892,Gates County Sheriff's Office - Other,https://nccopwatch.org/agencies/100/search-rate
0500000US37101,132,Johnston County Sheriff's Office,Asian,1168,186319,20,0.017123287671232876,0.016370819566125967,0.04596398500805018,1.0459639850080502,Johnston County Sheriff's Office - Asian,https://nccopwatch.org/agencies/132/search-rate
1600000US3774020,304,Wilkesboro Police Department,Black,310,3486,122,0.3935483870967742,0.37961595273264404,0.036701393247144436,1.0367013932471445,Wilkesboro Police Department - Black,https://nccopwatch.org/agencies/304/search-rate
1600000US3745640,182,Murfreesboro Police Department,Hispanic,95,2846,6,0.06315789473684211,0.060955518945634266,0.036130867709815134,1.036130867709815,Murfreesboro Police Department - Hispanic,https://nccopwatch.org/agencies/182/search-rate
1600000US3771500,323,Waynesville Police Department,Hispanic,486,9951,55,0.11316872427983539,0.10950044603033006,0.03350012152908737,1.0335001215290873,Waynesville Police Department - Hispanic,https://nccopwatch.org/agencies/323/search-rate
0500000US37169,262,Stokes County Sheriff's Office,Native American,191,46156,2,0.010471204188481676,0.01014806188654134,0.03184276027808785,1.0318427602780877,Stokes County Sheriff's Office - Native American,https://nccopwatch.org/agencies/262/search-rate
1600000US3747845,204,North Topsail Beach Police Department,Asian,8,969,6,0.75,0.7280898876404495,0.03009259259259256,1.0300925925925926,North Topsail Beach Police Department - Asian,https://nccopwatch.org/agencies/204/search-rate
1600000US3712000,52,Charlotte-Mecklenburg Police Department,Hispanic,111110,799736,10651,0.095859958599586,0.09315239304984209,0.02906597953200411,1.029065979532004,Charlotte-Mecklenburg Police Department - Hispanic,https://nccopwatch.org/agencies/52/search-rate
1600000US3733120,126,Huntersville Police Department,Native American,101,52035,10,0.09900990099009901,0.09626042238753807,0.028562918532517207,1.0285629185325171,Huntersville Police Department - Native American,https://nccopwatch.org/agencies/126/search-rate
1600000US3766500,269,Sylva Police Department,Black,131,2669,39,0.29770992366412213,0.2895125553914328,0.028314379186789248,1.0283143791867893,Sylva Police Department - Black,https://nccopwatch.org/agencies/269/search-rate
1600000US3751820,217,Pilot Mountain Police Department,Native American,5,1647,1,0.2,0.19477769936485534,0.02681159420289855,1.0268115942028986,Pilot Mountain Police Department - Native American,https://nccopwatch.org/agencies/217/search-rate
1600000US3738680,153,Littleton Police Department,Hispanic,35,572,8,0.22857142857142856,0.22262773722627738,0.026697892271662704,1.0266978922716627,Littleton Police Department - Hispanic,https://nccopwatch.org/agencies/153/search-rate
0500000US37023,35,Burke County Sheriff's Office,Hispanic,5274,89515,43,0.008153204398938187,0.007942130071111353,0.02657653877951382,1.0265765387795138,Burke County Sheriff's Office - Hispanic,https://nccopwatch.org/agencies/35/search-rate
1600000US3748700,206,Ocean Isle Beach Police Department,Asian,4,783,2,0.5,0.4879679144385027,0.024657534246575328,1.0246575342465754,Ocean Isle Beach Police Department - Asian,https://nccopwatch.org/agencies/206/search-rate
0500000US37171,267,Surry County Sheriff's Office,Other,804,72524,5,0.006218905472636816,0.0060745980286210175,0.02375588365450375,1.0237558836545038,Surry County Sheriff's Office - Other,https://nccopwatch.org/agencies/267/search-rate
1600000US3714340,65,Conover Police Department,Native American,11,8204,2,0.18181818181818182,0.17766497461928935,0.023376623376623374,1.0233766233766233,Conover Police Department - Native American,https://nccopwatch.org/agencies/65/search-rate
1600000US3766040,266,Surf City Police Department,Hispanic,149,2840,61,0.40939597315436244,0.40031520882584715,0.0226840353009565,1.0226840353009565,Surf City Police Department - Hispanic,https://nccopwatch.org/agencies/266/search-rate
1600000US3771460,298,Waxhaw Police Department,Hispanic,1120,13189,172,0.15357142857142858,0.15038051750380518,0.021218912666281096,1.0212189126662812,Waxhaw Police Department - Hispanic,https://nccopwatch.org/agencies/298/search-rate
1600000US3715320,68,Creedmoor Police Department,Hispanic,261,4327,37,0.1417624521072797,0.13884156729131175,0.02103753849046851,1.0210375384904684,Creedmoor Police Department - Hispanic,https://nccopwatch.org/agencies/68/search-rate
1600000US3714700,66,Cornelius Police Department,Hispanic,1848,27395,234,0.1266233766233766,0.12426009364784875,0.01901884109491636,1.0190188410949164,Cornelius Police Department - Hispanic,https://nccopwatch.org/agencies/66/search-rate
1600000US3700680,3,Albemarle Police Department,Native American,34,16006,5,0.14705882352941177,0.14448204549727392,0.017834589919246874,1.017834589919247,Albemarle Police Department - Native American,https://nccopwatch.org/agencies/3/search-rate
1600000US3702460,14,Atkinson Police Department,Hispanic,33,355,18,0.5454545454545454,0.5371024734982333,0.015550239234449608,1.0155502392344495,Atkinson Police Department - Hispanic,https://nccopwatch.org/agencies/14/search-rate
0500000US37177,277,Tyrrell County Sheriff's Office,Other,77,4032,17,0.22077922077922077,0.21783953384132676,0.013494735716957891,1.013494735716958,Tyrrell County Sheriff's Office - Other,https://nccopwatch.org/agencies/277/search-rate
1600000US3709140,325,Burnsville Police Department,Asian,7,1968,5,0.7142857142857143,0.7060931899641577,0.01160261058738218,1.011602610587382,Burnsville Police Department - Asian,https://nccopwatch.org/agencies/325/search-rate
1600000US3764420,256,Stallings Police Department,Asian,432,14374,48,0.1111111111111111,0.10993936198259953,0.010658140154542944,1.010658140154543,Stallings Police Department - Asian,https://nccopwatch.org/agencies/256/search-rate
1600000US3776200,314,Youngsville Police Department,Black,501,1673,344,0.6866267465069861,0.679474216380182,0.010526565915787519,1.0105265659157876,Youngsville Police Department - Black,https://nccopwatch.org/agencies/314/search-rate
0500000US37181,286,Vance County Sheriff's Office,Black,21791,44214,101,0.004634941030700748,0.00462163817584498,0.0028783851849969234,1.002878385184997,Vance County Sheriff's Office - Black,https://nccopwatch.org/agencies/286/search-rate
0500000US37071,97,Gaston County Police Department,Hispanic,14393,214110,395,0.02744389633849788,0.027388118044123534,0.00203658733632175,1.0020365873363217,Gaston County Police Department - Hispanic,https://nccopwatch.org/agencies/97/search-rate
1600000US3745880,184,Nags Head Police Department,Hispanic,158,2913,93,0.5886075949367089,0.5875856816450876,0.0017391732364209008,1.001739173236421,Nags Head Police Department - Hispanic,https://nccopwatch.org/agencies/184/search-rate
0500000US37129,199,New Hanover County Sheriff's Office,White,165181,214924,2393,0.01448713835126316,0.01448713835126316,0.0,1.0,New Hanover County Sheriff's Office - White,https://nccopwatch.org/agencies/199/search-rate
1600000US3706140,317,Black Mountain Police Department,White,7138,8090,886,0.12412440459512468,0.12412440459512468,0.0,1.0,Black Mountain Police Department - White,https://nccopwatch.org/agencies/317/search-rate
1600000US3722920,89,Fayetteville Police Department,White,80358,204903,12251,0.15245526269942009,0.15245526269942009,0.0,1.0,Fayetteville Police Department - White,https://nccopwatch.org/agencies/89/search-rate
0500000US37013,20,Beaufort County Sheriff's Office,White,30906,46763,438,0.0141720054358377,0.0141720054358377,0.0,1.0,Beaufort County Sheriff's Office - White,https://nccopwatch.org/agencies/20/search-rate
0500000US37061,78,Duplin County Sheriff's Office,White,29330,56460,228,0.007773610637572452,0.007773610637572452,0.0,1.0,Duplin County Sheriff's Office - White,https://nccopwatch.org/agencies/78/search-rate
1600000US3767420,272,Thomasville Police Department,White,16681,26841,1384,0.0829686469636113,0.0829686469636113,0.0,1.0,Thomasville Police Department - White,https://nccopwatch.org/agencies/272/search-rate
1600000US3723760,91,Fletcher Police Department,White,6383,7392,898,0.1406861977126743,0.1406861977126743,0.0,1.0,Fletcher Police Department - White,https://nccopwatch.org/agencies/91/search-rate
1600000US3766960,271,Taylorsville Police Department,White,1621,2161,314,0.19370758790869833,0.19370758790869833,0.0,1.0,Taylorsville Police Department - White,https://nccopwatch.org/agencies/271/search-rate
0500000US37131,203,Northampton County Sheriff's Office,White,7873,20289,56,0.0071129175663660615,0.0071129175663660615,0.0,1.0,Northampton County Sheriff's Office - White,https://nccopwatch.org/agencies/203/search-rate
1600000US3766700,270,Tarboro Police Department,White,4918,11039,785,0.1596177307848719,0.1596177307848719,0.0,1.0,Tarboro Police Department - White,https://nccopwatch.org/agencies/270/search-rate
1600000US3724080,316,Forest City Police Department,White,4468,7319,928,0.20769919427036707,0.20769919427036707,0.0,1.0,Forest City Police Department - White,https://nccopwatch.org/agencies/316/search-rate
1600000US3766500,269,Sylva Police Department,White,2031,2669,588,0.2895125553914328,0.2895125553914328,0.0,1.0,Sylva Police Department - White,https://nccopwatch.org/agencies/269/search-rate
0500000US37075,327,Graham County Sheriff's Office,White,7446,8493,276,0.037066881547139406,0.037066881547139406,0.0,1.0,Graham County Sheriff's Office - White,https://nccopwatch.org/agencies/327/search-rate
1600000US3766040,266,Surf City Police Department,White,2538,2840,1016,0.40031520882584715,0.40031520882584715,0.0,1.0,Surf City Police Department - White,https://nccopwatch.org/agencies/266/search-rate
1600000US3724570,93,Foxfire Village Police Department,White,1042,1250,102,0.09788867562380038,0.09788867562380038,0.0,1.0,Foxfire Village Police Department - White,https://nccopwatch.org/agencies/93/search-rate
0500000US37015,23,Bertie County Sheriff's Office,White,6836,19734,23,0.0033645406670567584,0.0033645406670567584,0.0,1.0,Bertie County Sheriff's Office - White,https://nccopwatch.org/agencies/23/search-rate
1600000US3706000,25,Biscoe Police Department,White,746,2335,141,0.18900804289544235,0.18900804289544235,0.0,1.0,Biscoe Police Department - White,https://nccopwatch.org/agencies/25/search-rate
0500000US37133,208,Onslow County Sheriff's Office,White,125691,187333,1123,0.008934609478801188,0.008934609478801188,0.0,1.0,Onslow County Sheriff's Office - White,https://nccopwatch.org/agencies/208/search-rate
1600000US3725300,95,Fuquay-Varina Police Department,White,16454,24221,2621,0.15929257323447185,0.15929257323447185,0.0,1.0,Fuquay-Varina Police Department - White,https://nccopwatch.org/agencies/95/search-rate
1600000US3765900,265,Sunset Beach Police Department,White,3584,3716,73,0.020368303571428572,0.020368303571428572,0.0,1.0,Sunset Beach Police Department - White,https://nccopwatch.org/agencies/265/search-rate
0500000US37091,116,Hertford County Sheriff's Office,White,7929,23640,121,0.015260436372808677,0.015260436372808677,0.0,1.0,Hertford County Sheriff's Office - White,https://nccopwatch.org/agencies/116/search-rate
0500000US37135,209,Orange County Sheriff's Office,White,97233,139213,806,0.008289366778768525,0.008289366778768525,0.0,1.0,Orange County Sheriff's Office - White,https://nccopwatch.org/agencies/209/search-rate
1600000US3765530,264,Sugar Mountain Police Department,White,472,495,108,0.2288135593220339,0.2288135593220339,0.0,1.0,Sugar Mountain Police Department - White,https://nccopwatch.org/agencies/264/search-rate
0500000US37017,26,Bladen County Sheriff's Office,White,18190,33322,89,0.004892798240791644,0.004892798240791644,0.0,1.0,Bladen County Sheriff's Office - White,https://nccopwatch.org/agencies/26/search-rate
1600000US3725480,96,Garner Police Department,White,15615,28020,2833,0.1814281139929555,0.1814281139929555,0.0,1.0,Garner Police Department - White,https://nccopwatch.org/agencies/96/search-rate
0500000US37137,210,Pamlico County Sheriff's Office,White,9496,12780,205,0.02158803706823926,0.02158803706823926,0.0,1.0,Pamlico County Sheriff's Office - White,https://nccopwatch.org/agencies/210/search-rate
1600000US3765100,263,Stoneville Police Department,White,885,1214,108,0.12203389830508475,0.12203389830508475,0.0,1.0,Stoneville Police Department - White,https://nccopwatch.org/agencies/263/search-rate
1600000US3725580,99,Gastonia Police Department,White,42691,74695,3065,0.07179499191867138,0.07179499191867138,0.0,1.0,Gastonia Police Department - White,https://nccopwatch.org/agencies/99/search-rate
1600000US3764740,261,Statesville Police Department,White,13256,26180,2229,0.1681502715751358,0.1681502715751358,0.0,1.0,Statesville Police Department - White,https://nccopwatch.org/agencies/261/search-rate
0500000US37071,97,Gaston County Police Department,White,157331,214110,4309,0.027388118044123534,0.027388118044123534,0.0,1.0,Gaston County Police Department - White,https://nccopwatch.org/agencies/97/search-rate
1600000US3764580,259,Star Police Department,White,616,995,119,0.19318181818181818,0.19318181818181818,0.0,1.0,Star Police Department - White,https://nccopwatch.org/agencies/259/search-rate
1600000US3726880,101,Goldsboro Police Department,White,12822,35494,2166,0.16892840430510062,0.16892840430510062,0.0,1.0,Goldsboro Police Department - White,https://nccopwatch.org/agencies/101/search-rate
1600000US3705880,24,Biltmore Forest Police Department,White,1499,1552,196,0.13075383589059372,0.13075383589059372,0.0,1.0,Biltmore Forest Police Department - White,https://nccopwatch.org/agencies/24/search-rate
1600000US3764560,258,Stantonsburg Police Department,White,346,718,49,0.1416184971098266,0.1416184971098266,0.0,1.0,Stantonsburg Police Department - White,https://nccopwatch.org/agencies/258/search-rate
1600000US3727280,102,Graham Police Department,White,8200,14983,1250,0.1524390243902439,0.1524390243902439,0.0,1.0,Graham Police Department - White,https://nccopwatch.org/agencies/102/search-rate
1600000US3705660,324,Beulaville Police Department,White,1124,1576,95,0.08451957295373666,0.08451957295373666,0.0,1.0,Beulaville Police Department - White,https://nccopwatch.org/agencies/324/search-rate
0500000US37139,212,Pasquotank County Sheriff's Office,White,22017,40132,303,0.013762092928191852,0.013762092928191852,0.0,1.0,Pasquotank County Sheriff's Office - White,https://nccopwatch.org/agencies/212/search-rate
1600000US3728000,105,Greensboro Police Department,White,122316,280559,11890,0.0972072337224893,0.0972072337224893,0.0,1.0,Greensboro Police Department - White,https://nccopwatch.org/agencies/105/search-rate
1600000US3764420,256,Stallings Police Department,White,11379,14374,1251,0.10993936198259953,0.10993936198259953,0.0,1.0,Stallings Police Department - White,https://nccopwatch.org/agencies/256/search-rate
0500000US37077,103,Granville County Sheriff's Office,White,34060,59001,121,0.0035525543159130946,0.0035525543159130946,0.0,1.0,Granville County Sheriff's Office - White,https://nccopwatch.org/agencies/103/search-rate
0500000US37141,214,Pender County Sheriff's Office,White,41910,56445,577,0.01376759723216416,0.01376759723216416,0.0,1.0,Pender County Sheriff's Office - White,https://nccopwatch.org/agencies/214/search-rate
1600000US3728080,106,Greenville Police Department,White,45840,87098,4523,0.09866928446771378,0.09866928446771378,0.0,1.0,Greenville Police Department - White,https://nccopwatch.org/agencies/106/search-rate
1600000US3764260,255,Spruce Pine Police Department,White,2025,2342,124,0.06123456790123457,0.06123456790123457,0.0,1.0,Spruce Pine Police Department - White,https://nccopwatch.org/agencies/255/search-rate
1600000US3710960,47,Caswell Beach Police Department,White,461,490,103,0.22342733188720174,0.22342733188720174,0.0,1.0,Caswell Beach Police Department - White,https://nccopwatch.org/agencies/47/search-rate
0500000US37019,31,Brunswick County Sheriff's Office,White,98225,120677,788,0.008022397556630185,0.008022397556630185,0.0,1.0,Brunswick County Sheriff's Office - White,https://nccopwatch.org/agencies/31/search-rate
1600000US3730120,111,Havelock Police Department,White,12104,19912,1429,0.1180601454064772,0.1180601454064772,0.0,1.0,Havelock Police Department - White,https://nccopwatch.org/agencies/111/search-rate
1600000US3764180,254,Spring Lake Police Department,White,4756,12348,443,0.09314550042052144,0.09314550042052144,0.0,1.0,Spring Lake Police Department - White,https://nccopwatch.org/agencies/254/search-rate
0500000US37143,215,Perquimans County Sheriff's Office,White,9497,13281,91,0.009581973254712014,0.009581973254712014,0.0,1.0,Perquimans County Sheriff's Office - White,https://nccopwatch.org/agencies/215/search-rate
1600000US3730660,114,Henderson Police Department,White,4199,15235,631,0.15027387473207907,0.15027387473207907,0.0,1.0,Henderson Police Department - White,https://nccopwatch.org/agencies/114/search-rate
1600000US3764160,322,Spring Hope Police Department,White,589,1379,180,0.30560271646859083,0.30560271646859083,0.0,1.0,Spring Hope Police Department - White,https://nccopwatch.org/agencies/322/search-rate
1600000US3704840,22,Belmont Police Department,White,9350,11505,1181,0.1263101604278075,0.1263101604278075,0.0,1.0,Belmont Police Department - White,https://nccopwatch.org/agencies/22/search-rate
1600000US3744320,330,Morehead City Police Department,White,7235,9189,10,0.00138217000691085,0.00138217000691085,0.0,1.0,Morehead City Police Department - White,https://nccopwatch.org/agencies/330/search-rate
1600000US3775280,343,Woodfin Police Department,White,5294,6551,481,0.09085757461276918,0.09085757461276918,0.0,1.0,Woodfin Police Department - White,https://nccopwatch.org/agencies/343/search-rate
1600000US3775060,342,Winterville Police Department,White,5318,9277,533,0.10022564874012786,0.10022564874012786,0.0,1.0,Winterville Police Department - White,https://nccopwatch.org/agencies/342/search-rate
0500000US37103,133,Jones County Sheriff's Office,White,6082,9818,173,0.028444590595198948,0.028444590595198948,0.0,1.0,Jones County Sheriff's Office - White,https://nccopwatch.org/agencies/133/search-rate
1600000US3711800,51,Chapel Hill Police Department,White,40030,58429,3103,0.07751686235323507,0.07751686235323507,0.0,1.0,Chapel Hill Police Department - White,https://nccopwatch.org/agencies/51/search-rate
0500000US37001,2,Alamance County Sheriff's Office,White,102703,158227,1718,0.016727846314129092,0.016727846314129092,0.0,1.0,Alamance County Sheriff's Office - White,https://nccopwatch.org/agencies/2/search-rate
1600000US3775000,309,Winston-Salem Police Department,White,110244,237904,9978,0.09050832698378143,0.09050832698378143,0.0,1.0,Winston-Salem Police Department - White,https://nccopwatch.org/agencies/309/search-rate
1600000US3712000,52,Charlotte-Mecklenburg Police Department,White,343244,799736,31974,0.09315239304984209,0.09315239304984209,0.0,1.0,Charlotte-Mecklenburg Police Department - White,https://nccopwatch.org/agencies/52/search-rate
1600000US3709360,37,Butner Public Safety,White,3841,7673,575,0.1497005988023952,0.1497005988023952,0.0,1.0,Butner Public Safety - White,https://nccopwatch.org/agencies/37/search-rate
1600000US3774540,308,Wilson Police Department,White,19057,48787,1723,0.09041297161148135,0.09041297161148135,0.0,1.0,Wilson Police Department - White,https://nccopwatch.org/agencies/308/search-rate
1600000US3712720,57,Claremont Police Department,White,1367,1608,591,0.43233357717629844,0.43233357717629844,0.0,1.0,Claremont Police Department - White,https://nccopwatch.org/agencies/57/search-rate
1600000US3774440,306,Wilmington Police Department,White,80574,112574,8412,0.10440092337478592,0.10440092337478592,0.0,1.0,Wilmington Police Department - White,https://nccopwatch.org/agencies/306/search-rate
1600000US3709140,325,Burnsville Police Department,White,1674,1968,1182,0.7060931899641577,0.7060931899641577,0.0,1.0,Burnsville Police Department - White,https://nccopwatch.org/agencies/325/search-rate
0500000US37105,146,Lee County Sheriff's Office,White,35039,59816,363,0.010359884699905819,0.010359884699905819,0.0,1.0,Lee County Sheriff's Office - White,https://nccopwatch.org/agencies/146/search-rate
1600000US3712860,59,Clayton Police Department,White,12267,19736,2023,0.16491399690225808,0.16491399690225808,0.0,1.0,Clayton Police Department - White,https://nccopwatch.org/agencies/59/search-rate
1600000US3774020,304,Wilkesboro Police Department,White,2708,3486,1028,0.37961595273264404,0.37961595273264404,0.0,1.0,Wilkesboro Police Department - White,https://nccopwatch.org/agencies/304/search-rate
0500000US37069,94,Franklin County Sheriff's Office,White,40344,63754,215,0.00532916914534999,0.00532916914534999,0.0,1.0,Franklin County Sheriff's Office - White,https://nccopwatch.org/agencies/94/search-rate
1600000US3713000,61,Cleveland Police Department,White,622,985,174,0.2797427652733119,0.2797427652733119,0.0,1.0,Cleveland Police Department - White,https://nccopwatch.org/agencies/61/search-rate
1600000US3709060,36,Burlington Police Department,White,26466,52731,3390,0.12808886873724779,0.12808886873724779,0.0,1.0,Burlington Police Department - White,https://nccopwatch.org/agencies/36/search-rate
1600000US3773660,341,Whiteville Police Department,White,2370,5267,131,0.05527426160337553,0.05527426160337553,0.0,1.0,Whiteville Police Department - White,https://nccopwatch.org/agencies/341/search-rate
1600000US3713980,63,Columbus Police Department,White,962,1264,814,0.8461538461538461,0.8461538461538461,0.0,1.0,Columbus Police Department - White,https://nccopwatch.org/agencies/63/search-rate
1600000US3773300,303,White Lake Police Department,White,853,954,157,0.18405627198124266,0.18405627198124266,0.0,1.0,White Lake Police Department - White,https://nccopwatch.org/agencies/303/search-rate
0500000US37107,148,Lenoir County Sheriff's Office,White,28927,57595,167,0.0057731531095516295,0.0057731531095516295,0.0,1.0,Lenoir County Sheriff's Office - White,https://nccopwatch.org/agencies/148/search-rate
0500000US37003,4,Alexander County Sheriff's Office,White,32186,36924,189,0.0058721183123097,0.0058721183123097,0.0,1.0,Alexander County Sheriff's Office - White,https://nccopwatch.org/agencies/4/search-rate
1600000US3714100,64,Concord Police Department,White,53037,87081,11008,0.20755321756509607,0.20755321756509607,0.0,1.0,Concord Police Department - White,https://nccopwatch.org/agencies/64/search-rate
1600000US3772540,302,West Jefferson Police Department,White,1284,1449,322,0.2507788161993769,0.2507788161993769,0.0,1.0,West Jefferson Police Department - White,https://nccopwatch.org/agencies/302/search-rate
1600000US3771860,340,Wendell Police Department,White,4056,7168,731,0.1802268244575937,0.1802268244575937,0.0,1.0,Wendell Police Department - White,https://nccopwatch.org/agencies/340/search-rate
0500000US37109,151,Lincoln County Sheriff's Office,White,68639,80939,1162,0.016929151065720655,0.016929151065720655,0.0,1.0,Lincoln County Sheriff's Office - White,https://nccopwatch.org/agencies/151/search-rate
1600000US3714340,65,Conover Police Department,White,5713,8204,1015,0.17766497461928935,0.17766497461928935,0.0,1.0,Conover Police Department - White,https://nccopwatch.org/agencies/65/search-rate
0500000US37111,166,McDowell County Sheriff's Office,White,39431,44833,173,0.004387410920341863,0.004387410920341863,0.0,1.0,McDowell County Sheriff's Office - White,https://nccopwatch.org/agencies/166/search-rate
1600000US3708960,34,Burgaw Police Department,White,1962,3831,692,0.3527013251783894,0.3527013251783894,0.0,1.0,Burgaw Police Department - White,https://nccopwatch.org/agencies/34/search-rate
0500000US37067,92,Forsyth County Sheriff's Office,White,210052,364842,5418,0.025793613010111783,0.025793613010111783,0.0,1.0,Forsyth County Sheriff's Office - White,https://nccopwatch.org/agencies/92/search-rate
1600000US3714700,66,Cornelius Police Department,White,22638,27395,2813,0.12426009364784875,0.12426009364784875,0.0,1.0,Cornelius Police Department - White,https://nccopwatch.org/agencies/66/search-rate
1600000US3771780,300,Weldon Police Department,White,410,1666,122,0.2975609756097561,0.2975609756097561,0.0,1.0,Weldon Police Department - White,https://nccopwatch.org/agencies/300/search-rate
1600000US3715320,68,Creedmoor Police Department,White,2348,4327,326,0.13884156729131175,0.13884156729131175,0.0,1.0,Creedmoor Police Department - White,https://nccopwatch.org/agencies/68/search-rate
0500000US37095,127,Hyde County Sheriff's Office,White,3111,5371,150,0.048216007714561235,0.048216007714561235,0.0,1.0,Hyde County Sheriff's Office - White,https://nccopwatch.org/agencies/127/search-rate
0500000US37113,155,Macon County Sheriff's Office,White,30987,34594,281,0.009068318972472327,0.009068318972472327,0.0,1.0,Macon County Sheriff's Office - White,https://nccopwatch.org/agencies/155/search-rate
0500000US37005,5,Alleghany County Sheriff's Office,White,9548,10996,129,0.013510682865521576,0.013510682865521576,0.0,1.0,Alleghany County Sheriff's Office - White,https://nccopwatch.org/agencies/5/search-rate
1600000US3771500,323,Waynesville Police Department,White,8968,9951,982,0.10950044603033006,0.10950044603033006,0.0,1.0,Waynesville Police Department - White,https://nccopwatch.org/agencies/323/search-rate
1600000US3716400,73,Davidson Police Department,White,10020,12215,1487,0.14840319361277446,0.14840319361277446,0.0,1.0,Davidson Police Department - White,https://nccopwatch.org/agencies/73/search-rate
1600000US3771460,298,Waxhaw Police Department,White,9855,13189,1482,0.15038051750380518,0.15038051750380518,0.0,1.0,Waxhaw Police Department - White,https://nccopwatch.org/agencies/298/search-rate
1600000US3717340,319,Dobson Police Department,White,1096,1604,688,0.6277372262773723,0.6277372262773723,0.0,1.0,Dobson Police Department - White,https://nccopwatch.org/agencies/319/search-rate
1600000US3771220,296,Washington Police Department,White,4650,9739,556,0.11956989247311828,0.11956989247311828,0.0,1.0,Washington Police Department - White,https://nccopwatch.org/agencies/296/search-rate
0500000US37115,156,Madison County Sheriff's Office,White,19833,21086,259,0.013059043009126204,0.013059043009126204,0.0,1.0,Madison County Sheriff's Office - White,https://nccopwatch.org/agencies/156/search-rate
1600000US3718060,76,Duck Police Department,White,517,535,597,1.1547388781431334,1.1547388781431334,0.0,1.0,Duck Police Department - White,https://nccopwatch.org/agencies/76/search-rate
0500000US37097,129,Iredell County Sheriff's Office,White,129505,169284,1398,0.010794950001930427,0.010794950001930427,0.0,1.0,Iredell County Sheriff's Office - White,https://nccopwatch.org/agencies/129/search-rate
0500000US37117,162,Martin County Sheriff's Office,White,12092,23329,125,0.010337413165729408,0.010337413165729408,0.0,1.0,Martin County Sheriff's Office - White,https://nccopwatch.org/agencies/162/search-rate
1600000US3718320,77,Dunn Police Department,White,4461,9363,2172,0.48688634835238737,0.48688634835238737,0.0,1.0,Dunn Police Department - White,https://nccopwatch.org/agencies/77/search-rate
1600000US3771160,339,Warsaw Police Department,White,735,3048,39,0.053061224489795916,0.053061224489795916,0.0,1.0,Warsaw Police Department - White,https://nccopwatch.org/agencies/339/search-rate
1600000US3708860,33,Bunn Police Department,White,253,421,101,0.39920948616600793,0.39920948616600793,0.0,1.0,Bunn Police Department - White,https://nccopwatch.org/agencies/33/search-rate
0500000US37065,83,Edgecombe County Sheriff's Office,White,19694,53509,192,0.009749162181375039,0.009749162181375039,0.0,1.0,Edgecombe County Sheriff's Office - White,https://nccopwatch.org/agencies/83/search-rate
1600000US3719000,80,Durham Police Department,White,99439,252306,4435,0.04460020716217983,0.04460020716217983,0.0,1.0,Durham Police Department - White,https://nccopwatch.org/agencies/80/search-rate
0500000US37093,121,Hoke County Sheriff's Office,White,20119,50245,444,0.022068691286843283,0.022068691286843283,0.0,1.0,Hoke County Sheriff's Office - White,https://nccopwatch.org/agencies/121/search-rate
0500000US37007,7,Anson County Sheriff's Office,White,11403,25138,107,0.009383495571340876,0.009383495571340876,0.0,1.0,Anson County Sheriff's Office - White,https://nccopwatch.org/agencies/7/search-rate
1600000US3719860,320,East Spencer Police Department,White,161,1488,107,0.6645962732919255,0.6645962732919255,0.0,1.0,East Spencer Police Department - White,https://nccopwatch.org/agencies/320/search-rate
1600000US3771100,294,Warrenton Police Department,White,528,1040,31,0.058712121212121215,0.058712121212121215,0.0,1.0,Warrenton Police Department - White,https://nccopwatch.org/agencies/294/search-rate
0500000US37073,100,Gates County Sheriff's Office,White,7220,11515,135,0.018698060941828253,0.018698060941828253,0.0,1.0,Gates County Sheriff's Office - White,https://nccopwatch.org/agencies/100/search-rate
0500000US37119,168,Mecklenburg County Sheriff's Office,White,487314,1006623,887,0.0018201816487931806,0.0018201816487931806,0.0,1.0,Mecklenburg County Sheriff's Office - White,https://nccopwatch.org/agencies/168/search-rate
1600000US3720080,82,Eden Police Department,White,9865,15366,1414,0.14333502280790675,0.14333502280790675,0.0,1.0,Eden Police Department - White,https://nccopwatch.org/agencies/82/search-rate
0500000US37121,171,Mitchell County Sheriff's Office,White,14195,15269,68,0.004790419161676647,0.004790419161676647,0.0,1.0,Mitchell County Sheriff's Office - White,https://nccopwatch.org/agencies/171/search-rate
1600000US3770820,292,Walnut Creek Police Department,White,1033,1109,46,0.044530493707647625,0.044530493707647625,0.0,1.0,Walnut Creek Police Department - White,https://nccopwatch.org/agencies/292/search-rate
0500000US37101,132,Johnston County Sheriff's Office,White,126811,186319,2076,0.016370819566125967,0.016370819566125967,0.0,1.0,Johnston County Sheriff's Office - White,https://nccopwatch.org/agencies/132/search-rate
0500000US37009,12,Ashe County Sheriff's Office,White,24910,26832,250,0.010036130068245684,0.010036130068245684,0.0,1.0,Ashe County Sheriff's Office - White,https://nccopwatch.org/agencies/12/search-rate
1600000US3720580,84,Elizabeth City Police Department,White,6855,18333,1518,0.2214442013129103,0.2214442013129103,0.0,1.0,Elizabeth City Police Department - White,https://nccopwatch.org/agencies/84/search-rate
0500000US37123,173,Montgomery County Sheriff's Office,White,17225,27183,152,0.008824383164005805,0.008824383164005805,0.0,1.0,Montgomery County Sheriff's Office - White,https://nccopwatch.org/agencies/173/search-rate
1600000US3720700,86,Elk Park Police Department,White,501,529,46,0.09181636726546906,0.09181636726546906,0.0,1.0,Elk Park Police Department - White,https://nccopwatch.org/agencies/86/search-rate
1600000US3770540,291,Wake Forest Police Department,White,26760,37064,4333,0.16192077727952167,0.16192077727952167,0.0,1.0,Wake Forest Police Department - White,https://nccopwatch.org/agencies/291/search-rate
1600000US3707080,28,Boone Police Department,White,15951,17931,1184,0.07422732117108645,0.07422732117108645,0.0,1.0,Boone Police Department - White,https://nccopwatch.org/agencies/28/search-rate
1600000US3770380,289,Wadesboro Police Department,White,1815,5457,350,0.1928374655647383,0.1928374655647383,0.0,1.0,Wadesboro Police Department - White,https://nccopwatch.org/agencies/289/search-rate
1600000US3721095,321,Elon Police Department,White,8330,10058,879,0.10552220888355342,0.10552220888355342,0.0,1.0,Elon Police Department - White,https://nccopwatch.org/agencies/321/search-rate
0500000US37063,79,Durham County Sheriff's Office,White,124868,293457,1426,0.011420059582919563,0.011420059582919563,0.0,1.0,Durham County Sheriff's Office - White,https://nccopwatch.org/agencies/79/search-rate
1600000US3769840,287,Vass Police Department,White,447,746,99,0.2214765100671141,0.2214765100671141,0.0,1.0,Vass Police Department - White,https://nccopwatch.org/agencies/287/search-rate
0500000US37125,175,Moore County Sheriff's Office,White,71952,93276,384,0.00533689126084056,0.00533689126084056,0.0,1.0,Moore County Sheriff's Office - White,https://nccopwatch.org/agencies/175/search-rate
1600000US3721160,326,Emerald Isle Police Department,White,3472,3719,1072,0.3087557603686636,0.3087557603686636,0.0,1.0,Emerald Isle Police Department - White,https://nccopwatch.org/agencies/326/search-rate
0500000US37127,185,Nash County Sheriff's Office,White,48826,94622,742,0.015196821365665834,0.015196821365665834,0.0,1.0,Nash County Sheriff's Office - White,https://nccopwatch.org/agencies/185/search-rate
1600000US3706500,27,Blowing Rock Police Department,White,1101,1138,1033,0.9382379654859219,0.9382379654859219,0.0,1.0,Blowing Rock Police Department - White,https://nccopwatch.org/agencies/27/search-rate
1600000US3721360,87,Enfield Police Department,White,230,2426,47,0.20434782608695654,0.20434782608695654,0.0,1.0,Enfield Police Department - White,https://nccopwatch.org/agencies/87/search-rate
1600000US3768580,276,Tryon Police Department,White,1345,1626,125,0.09293680297397769,0.09293680297397769,0.0,1.0,Tryon Police Department - White,https://nccopwatch.org/agencies/276/search-rate
0500000US37011,16,Avery County Sheriff's Office,White,15394,17697,230,0.014940886059503703,0.014940886059503703,0.0,1.0,Avery County Sheriff's Office - White,https://nccopwatch.org/agencies/16/search-rate
1600000US3768500,275,Troutman Police Department,White,1961,2789,700,0.35696073431922487,0.35696073431922487,0.0,1.0,Troutman Police Department - White,https://nccopwatch.org/agencies/275/search-rate
1600000US3722360,88,Fairmont Department of Public Safety,White,647,2612,80,0.12364760432766615,0.12364760432766615,0.0,1.0,Fairmont Department of Public Safety - White,https://nccopwatch.org/agencies/88/search-rate
1600000US3768040,273,Topsail Beach Police Department,White,399,404,370,0.9273182957393483,0.9273182957393483,0.0,1.0,Topsail Beach Police Department - White,https://nccopwatch.org/agencies/273/search-rate
1600000US3755660,227,Red Springs Police Department,White,913,3364,13,0.014238773274917854,0.014238773274917854,0.0,1.0,Red Springs Police Department - White,https://nccopwatch.org/agencies/227/search-rate
1600000US3736060,141,Kitty Hawk Police Department,White,3249,3435,1806,0.5558633425669437,0.5558633425669437,0.0,1.0,Kitty Hawk Police Department - White,https://nccopwatch.org/agencies/141/search-rate
1600000US3710620,44,Carrboro Police Department,White,13124,20425,1267,0.09654068881438586,0.09654068881438586,0.0,1.0,Carrboro Police Department - White,https://nccopwatch.org/agencies/44/search-rate
0500000US37161,240,Rutherford County Sheriff's Office,White,55300,66230,470,0.008499095840867993,0.008499095840867993,0.0,1.0,Rutherford County Sheriff's Office - White,https://nccopwatch.org/agencies/240/search-rate
0500000US37029,40,Camden County Sheriff's Office,White,8160,10207,671,0.08223039215686274,0.08223039215686274,0.0,1.0,Camden County Sheriff's Office - White,https://nccopwatch.org/agencies/40/search-rate
1600000US3755000,225,Raleigh Police Department,White,231390,434086,19982,0.08635636803664809,0.08635636803664809,0.0,1.0,Raleigh Police Department - White,https://nccopwatch.org/agencies/225/search-rate
1600000US3736080,142,Knightdale Police Department,White,5735,14154,1045,0.1822144725370532,0.1822144725370532,0.0,1.0,Knightdale Police Department - White,https://nccopwatch.org/agencies/142/search-rate
1600000US3701720,10,Archdale Police Department,White,9398,11349,1336,0.1421579059374335,0.1421579059374335,0.0,1.0,Archdale Police Department - White,https://nccopwatch.org/agencies/10/search-rate
1600000US3752660,223,Pittsboro Police Department,White,2515,3973,551,0.21908548707753478,0.21908548707753478,0.0,1.0,Pittsboro Police Department - White,https://nccopwatch.org/agencies/223/search-rate
0500000US37051,69,Cumberland County Sheriff's Office,White,146593,326162,1395,0.009516143335629942,0.009516143335629942,0.0,1.0,Cumberland County Sheriff's Office - White,https://nccopwatch.org/agencies/69/search-rate
0500000US37163,244,Sampson County Sheriff's Office,White,32490,62629,180,0.00554016620498615,0.00554016620498615,0.0,1.0,Sampson County Sheriff's Office - White,https://nccopwatch.org/agencies/244/search-rate
1600000US3736220,143,Kure Beach Police Department,White,2078,2190,81,0.03897978825794033,0.03897978825794033,0.0,1.0,Kure Beach Police Department - White,https://nccopwatch.org/agencies/143/search-rate
1600000US3752220,221,Pineville Police Department,White,4156,8477,1119,0.2692492781520693,0.2692492781520693,0.0,1.0,Pineville Police Department - White,https://nccopwatch.org/agencies/221/search-rate
1600000US3736500,144,Lake Lure Police Department,White,1344,1421,524,0.3898809523809524,0.3898809523809524,0.0,1.0,Lake Lure Police Department - White,https://nccopwatch.org/agencies/144/search-rate
1600000US3701520,8,Apex Police Department,White,33739,46517,4815,0.142713180592193,0.142713180592193,0.0,1.0,Apex Police Department - White,https://nccopwatch.org/agencies/8/search-rate
1600000US3752140,220,Pinetops Police Department,White,462,1274,167,0.36147186147186144,0.36147186147186144,0.0,1.0,Pinetops Police Department - White,https://nccopwatch.org/agencies/220/search-rate
0500000US37165,246,Scotland County Sheriff's Office,White,15757,35514,74,0.004696325442660405,0.004696325442660405,0.0,1.0,Scotland County Sheriff's Office - White,https://nccopwatch.org/agencies/246/search-rate
1600000US3737220,145,Laurinburg Police Department,White,6181,15507,290,0.04691797443779324,0.04691797443779324,0.0,1.0,Laurinburg Police Department - White,https://nccopwatch.org/agencies/145/search-rate
0500000US37083,109,Halifax County Sheriff's Office,White,20359,52439,310,0.015226681074708974,0.015226681074708974,0.0,1.0,Halifax County Sheriff's Office - White,https://nccopwatch.org/agencies/109/search-rate
1600000US3752000,219,Pine Knoll Shores Police Department,White,1368,1427,845,0.6176900584795322,0.6176900584795322,0.0,1.0,Pine Knoll Shores Police Department - White,https://nccopwatch.org/agencies/219/search-rate
1600000US3737680,147,Leland Police Department,White,14211,17291,1061,0.07466047428048694,0.07466047428048694,0.0,1.0,Leland Police Department - White,https://nccopwatch.org/agencies/147/search-rate
0500000US37031,45,Carteret County Sheriff's Office,White,58529,67557,176,0.003007056331049565,0.003007056331049565,0.0,1.0,Carteret County Sheriff's Office - White,https://nccopwatch.org/agencies/45/search-rate
1600000US3751940,218,Pinehurst Police Department,White,13914,15272,1646,0.11829811700445594,0.11829811700445594,0.0,1.0,Pinehurst Police Department - White,https://nccopwatch.org/agencies/218/search-rate
0500000US37167,257,Stanly County Sheriff's Office,White,49600,61097,457,0.009213709677419355,0.009213709677419355,0.0,1.0,Stanly County Sheriff's Office - White,https://nccopwatch.org/agencies/257/search-rate
1600000US3737760,149,Lenoir Police Department,White,13488,18062,2636,0.19543297746144722,0.19543297746144722,0.0,1.0,Lenoir Police Department - White,https://nccopwatch.org/agencies/149/search-rate
1600000US3751820,217,Pilot Mountain Police Department,White,1417,1647,276,0.19477769936485534,0.19477769936485534,0.0,1.0,Pilot Mountain Police Department - White,https://nccopwatch.org/agencies/217/search-rate
1600000US3738060,150,Lexington Police Department,White,9181,19193,2586,0.2816686635442762,0.2816686635442762,0.0,1.0,Lexington Police Department - White,https://nccopwatch.org/agencies/150/search-rate
1600000US3751780,335,Pikeville Police Department,White,574,677,148,0.2578397212543554,0.2578397212543554,0.0,1.0,Pikeville Police Department - White,https://nccopwatch.org/agencies/335/search-rate
0500000US37033,49,Caswell County Sheriff's Office,White,14098,23108,188,0.013335224854589304,0.013335224854589304,0.0,1.0,Caswell County Sheriff's Office - White,https://nccopwatch.org/agencies/49/search-rate
0500000US37169,262,Stokes County Sheriff's Office,White,42077,46156,427,0.01014806188654134,0.01014806188654134,0.0,1.0,Stokes County Sheriff's Office - White,https://nccopwatch.org/agencies/262/search-rate
1600000US3738320,152,Lincolnton Police Department,White,6773,10759,580,0.08563413553816625,0.08563413553816625,0.0,1.0,Lincolnton Police Department - White,https://nccopwatch.org/agencies/152/search-rate
0500000US37049,67,Craven County Sheriff's Office,White,67827,102223,678,0.009996019284355787,0.009996019284355787,0.0,1.0,Craven County Sheriff's Office - White,https://nccopwatch.org/agencies/67/search-rate
1600000US3701380,6,Andrews Police Department,White,1611,1943,87,0.054003724394785846,0.054003724394785846,0.0,1.0,Andrews Police Department - White,https://nccopwatch.org/agencies/6/search-rate
1600000US3751080,213,Pembroke Police Department,White,409,2950,25,0.061124694376528114,0.061124694376528114,0.0,1.0,Pembroke Police Department - White,https://nccopwatch.org/agencies/213/search-rate
0500000US37087,112,Haywood County Sheriff's Office,White,55772,59938,1165,0.020888617944488274,0.020888617944488274,0.0,1.0,Haywood County Sheriff's Office - White,https://nccopwatch.org/agencies/112/search-rate
1600000US3738680,153,Littleton Police Department,White,274,572,61,0.22262773722627738,0.22262773722627738,0.0,1.0,Littleton Police Department - White,https://nccopwatch.org/agencies/153/search-rate
1600000US3750340,211,Parkton Police Department,White,325,495,171,0.5261538461538462,0.5261538461538462,0.0,1.0,Parkton Police Department - White,https://nccopwatch.org/agencies/211/search-rate
1600000US3710120,42,Candor Police Department,White,379,984,181,0.47757255936675463,0.47757255936675463,0.0,1.0,Candor Police Department - White,https://nccopwatch.org/agencies/42/search-rate
1600000US3700680,3,Albemarle Police Department,White,10638,16006,1537,0.14448204549727392,0.14448204549727392,0.0,1.0,Albemarle Police Department - White,https://nccopwatch.org/agencies/3/search-rate
1600000US3739360,328,Louisburg Police Department,White,1531,3401,476,0.3109079033311561,0.3109079033311561,0.0,1.0,Louisburg Police Department - White,https://nccopwatch.org/agencies/328/search-rate
0500000US37171,267,Surry County Sheriff's Office,White,61074,72524,371,0.0060745980286210175,0.0060745980286210175,0.0,1.0,Surry County Sheriff's Office - White,https://nccopwatch.org/agencies/267/search-rate
1600000US3748920,207,Old Fort Police Department,White,849,954,593,0.6984687868080094,0.6984687868080094,0.0,1.0,Old Fort Police Department - White,https://nccopwatch.org/agencies/207/search-rate
0500000US37035,50,Catawba County Sheriff's Office,White,119423,156487,841,0.007042194552138198,0.007042194552138198,0.0,1.0,Catawba County Sheriff's Office - White,https://nccopwatch.org/agencies/50/search-rate
1600000US3739700,154,Lumberton Police Department,White,8019,20977,736,0.09178201770794363,0.09178201770794363,0.0,1.0,Lumberton Police Department - White,https://nccopwatch.org/agencies/154/search-rate
0500000US37047,62,Columbus County Sheriff's Office,White,33262,55511,214,0.006433768264085142,0.006433768264085142,0.0,1.0,Columbus County Sheriff's Office - White,https://nccopwatch.org/agencies/62/search-rate
1600000US3748700,206,Ocean Isle Beach Police Department,White,748,783,365,0.4879679144385027,0.4879679144385027,0.0,1.0,Ocean Isle Beach Police Department - White,https://nccopwatch.org/agencies/206/search-rate
1600000US3739880,165,McAdenville Police Department,White,712,749,80,0.11235955056179775,0.11235955056179775,0.0,1.0,McAdenville Police Department - White,https://nccopwatch.org/agencies/165/search-rate
1600000US3700160,1,Aberdeen Police Department,White,4913,7134,1518,0.3089761856299613,0.3089761856299613,0.0,1.0,Aberdeen Police Department - White,https://nccopwatch.org/agencies/1/search-rate
1600000US3747880,205,North Wilkesboro Police Department,White,3010,4248,643,0.21362126245847177,0.21362126245847177,0.0,1.0,North Wilkesboro Police Department - White,https://nccopwatch.org/agencies/205/search-rate
1600000US3740560,157,Madison Police Department,White,1469,2300,326,0.22191967324710687,0.22191967324710687,0.0,1.0,Madison Police Department - White,https://nccopwatch.org/agencies/157/search-rate
0500000US37199,313,Yancey County Sheriff's Office,White,16640,17934,139,0.008353365384615384,0.008353365384615384,0.0,1.0,Yancey County Sheriff's Office - White,https://nccopwatch.org/agencies/313/search-rate
1600000US3747845,204,North Topsail Beach Police Department,White,890,969,648,0.7280898876404495,0.7280898876404495,0.0,1.0,North Topsail Beach Police Department - White,https://nccopwatch.org/agencies/204/search-rate
0500000US37037,53,Chatham County Sheriff's Office,White,48897,68594,708,0.014479415915086814,0.014479415915086814,0.0,1.0,Chatham County Sheriff's Office - White,https://nccopwatch.org/agencies/53/search-rate
0500000US37045,60,Cleveland County Sheriff's Office,White,71825,97943,669,0.009314305603898364,0.009314305603898364,0.0,1.0,Cleveland County Sheriff's Office - White,https://nccopwatch.org/agencies/60/search-rate
0500000US37173,268,Swain County Sheriff's Office,White,8885,14064,239,0.0268992684299381,0.0268992684299381,0.0,1.0,Swain County Sheriff's Office - White,https://nccopwatch.org/agencies/268/search-rate
1600000US3740600,158,Maggie Valley Police Department,White,1418,1574,541,0.3815232722143865,0.3815232722143865,0.0,1.0,Maggie Valley Police Department - White,https://nccopwatch.org/agencies/158/search-rate
0500000US37197,312,Yadkin County Sheriff's Office,White,32039,37790,236,0.007366022659883268,0.007366022659883268,0.0,1.0,Yadkin County Sheriff's Office - White,https://nccopwatch.org/agencies/312/search-rate
1600000US3747240,202,Norlina Police Department,White,527,1070,68,0.12903225806451613,0.12903225806451613,0.0,1.0,Norlina Police Department - White,https://nccopwatch.org/agencies/202/search-rate
0500000US37071,98,Gaston County Sheriff's Office,White,157331,214110,143,0.0009089117847086715,0.0009089117847086715,0.0,1.0,Gaston County Sheriff's Office - White,https://nccopwatch.org/agencies/98/search-rate
1600000US3740660,329,Maiden Police Department,White,2731,3437,592,0.2167704137678506,0.2167704137678506,0.0,1.0,Maiden Police Department - White,https://nccopwatch.org/agencies/329/search-rate
0500000US37195,307,Wilson County Sheriff's Office,White,38528,80375,471,0.012224875415282391,0.012224875415282391,0.0,1.0,Wilson County Sheriff's Office - White,https://nccopwatch.org/agencies/307/search-rate
1600000US3747000,201,Newton Police Department,White,8618,13057,947,0.10988628452077048,0.10988628452077048,0.0,1.0,Newton Police Department - White,https://nccopwatch.org/agencies/201/search-rate
1600000US3741060,159,Manteo Police Department,White,1317,1709,311,0.23614274867122248,0.23614274867122248,0.0,1.0,Manteo Police Department - White,https://nccopwatch.org/agencies/159/search-rate
1600000US3776220,315,Zebulon Police Department,White,2239,5339,563,0.25145154086645827,0.25145154086645827,0.0,1.0,Zebulon Police Department - White,https://nccopwatch.org/agencies/315/search-rate
1600000US3710500,43,Carolina Beach Police Department,White,5738,6081,1033,0.18002788428023703,0.18002788428023703,0.0,1.0,Carolina Beach Police Department - White,https://nccopwatch.org/agencies/43/search-rate
1600000US3746740,200,Newland Police Department,White,610,803,122,0.2,0.2,0.0,1.0,Newland Police Department - White,https://nccopwatch.org/agencies/200/search-rate
1600000US3746740,200,Newland Police Department,Native American,5,803,1,0.2,0.2,0.0,1.0,Newland Police Department - Native American,https://nccopwatch.org/agencies/200/search-rate
1600000US3741580,160,Marshall Police Department,White,723,830,157,0.21715076071922546,0.21715076071922546,0.0,1.0,Marshall Police Department - White,https://nccopwatch.org/agencies/160/search-rate
0500000US37175,274,Transylvania County Sheriff's Office,White,29594,32906,304,0.010272352503885923,0.010272352503885923,0.0,1.0,Transylvania County Sheriff's Office - White,https://nccopwatch.org/agencies/274/search-rate
1600000US3746340,198,New Bern Police Department,White,16410,29869,1884,0.11480804387568556,0.11480804387568556,0.0,1.0,New Bern Police Department - White,https://nccopwatch.org/agencies/198/search-rate
1600000US3746000,333,Nashville Police Department,White,2645,5411,160,0.06049149338374291,0.06049149338374291,0.0,1.0,Nashville Police Department - White,https://nccopwatch.org/agencies/333/search-rate
1600000US3741620,161,Mars Hill Police Department,White,2155,2512,272,0.12621809744779583,0.12621809744779583,0.0,1.0,Mars Hill Police Department - White,https://nccopwatch.org/agencies/161/search-rate
0500000US37193,305,Wilkes County Sheriff's Office,White,59944,68160,33,0.0005505138128920325,0.0005505138128920325,0.0,1.0,Wilkes County Sheriff's Office - White,https://nccopwatch.org/agencies/305/search-rate
0500000US37085,110,Harnett County Sheriff's Office,White,77701,124487,560,0.00720711445155146,0.00720711445155146,0.0,1.0,Harnett County Sheriff's Office - White,https://nccopwatch.org/agencies/110/search-rate
1600000US3741960,163,Matthews Police Department,White,22623,29305,3226,0.1425982407284622,0.1425982407284622,0.0,1.0,Matthews Police Department - White,https://nccopwatch.org/agencies/163/search-rate
1600000US3745880,184,Nags Head Police Department,White,2626,2913,1543,0.5875856816450876,0.5875856816450876,0.0,1.0,Nags Head Police Department - White,https://nccopwatch.org/agencies/184/search-rate
0500000US37191,299,Wayne County Sheriff's Office,White,65916,121472,496,0.0075247284422598456,0.0075247284422598456,0.0,1.0,Wayne County Sheriff's Office - White,https://nccopwatch.org/agencies/299/search-rate
0500000US37039,54,Cherokee County Sheriff's Office,White,25305,27668,230,0.009089112823552658,0.009089112823552658,0.0,1.0,Cherokee County Sheriff's Office - White,https://nccopwatch.org/agencies/54/search-rate
1600000US3742060,164,Mayodan Police Department,White,2129,2522,515,0.24189760450915923,0.24189760450915923,0.0,1.0,Mayodan Police Department - White,https://nccopwatch.org/agencies/164/search-rate
0500000US37189,297,Watauga County Sheriff's Office,White,48049,52378,226,0.0047035318112759895,0.0047035318112759895,0.0,1.0,Watauga County Sheriff's Office - White,https://nccopwatch.org/agencies/297/search-rate
1600000US3745660,183,Murphy Police Department,White,1619,1978,381,0.23533045089561458,0.23533045089561458,0.0,1.0,Murphy Police Department - White,https://nccopwatch.org/agencies/183/search-rate
1600000US3745640,182,Murfreesboro Police Department,White,1214,2846,74,0.060955518945634266,0.060955518945634266,0.0,1.0,Murfreesboro Police Department - White,https://nccopwatch.org/agencies/182/search-rate
1600000US3742240,167,Mebane Police Department,White,8950,13907,1862,0.20804469273743018,0.20804469273743018,0.0,1.0,Mebane Police Department - White,https://nccopwatch.org/agencies/167/search-rate
0500000US37177,277,Tyrrell County Sheriff's Office,White,2231,4032,486,0.21783953384132676,0.21783953384132676,0.0,1.0,Tyrrell County Sheriff's Office - White,https://nccopwatch.org/agencies/277/search-rate
0500000US37187,295,Washington County Sheriff's Office,White,5513,12320,109,0.019771449301650645,0.019771449301650645,0.0,1.0,Washington County Sheriff's Office - White,https://nccopwatch.org/agencies/295/search-rate
0500000US37043,58,Clay County Sheriff's Office,White,10159,10761,337,0.03317255635397185,0.03317255635397185,0.0,1.0,Clay County Sheriff's Office - White,https://nccopwatch.org/agencies/58/search-rate
1600000US3742700,169,Middlesex Police Department,White,500,983,117,0.234,0.234,0.0,1.0,Middlesex Police Department - White,https://nccopwatch.org/agencies/169/search-rate
0500000US37185,293,Warren County Sheriff's Office,White,7617,20041,77,0.010108966784823422,0.010108966784823422,0.0,1.0,Warren County Sheriff's Office - White,https://nccopwatch.org/agencies/293/search-rate
1600000US3744960,181,Mount Holly Police Department,White,10683,14651,888,0.08312271833754563,0.08312271833754563,0.0,1.0,Mount Holly Police Department - White,https://nccopwatch.org/agencies/181/search-rate
1600000US3743480,170,Mint Hill Police Department,White,18005,24613,914,0.05076367675645654,0.05076367675645654,0.0,1.0,Mint Hill Police Department - White,https://nccopwatch.org/agencies/170/search-rate
1600000US3743580,288,Village of Misenheimer Police Department,White,536,720,392,0.7313432835820896,0.7313432835820896,0.0,1.0,Village of Misenheimer Police Department - White,https://nccopwatch.org/agencies/288/search-rate
0500000US37179,285,Union County Sheriff's Office,White,157662,216866,1152,0.007306770179244206,0.007306770179244206,0.0,1.0,Union County Sheriff's Office - White,https://nccopwatch.org/agencies/285/search-rate
0500000US37183,290,Wake County Sheriff's Office,White,604557,996531,4154,0.006871146972080383,0.006871146972080383,0.0,1.0,Wake County Sheriff's Office - White,https://nccopwatch.org/agencies/290/search-rate
1600000US3744900,180,Mount Gilead Police Department,White,583,1360,165,0.2830188679245283,0.2830188679245283,0.0,1.0,Mount Gilead Police Department - White,https://nccopwatch.org/agencies/180/search-rate
0500000US37041,56,Chowan County Sheriff's Office,White,8687,14399,73,0.008403361344537815,0.008403361344537815,0.0,1.0,Chowan County Sheriff's Office - White,https://nccopwatch.org/agencies/56/search-rate
1600000US3743920,172,Monroe Police Department,White,14939,33959,2333,0.15616841823415223,0.15616841823415223,0.0,1.0,Monroe Police Department - White,https://nccopwatch.org/agencies/172/search-rate
1600000US3744800,179,Mount Airy Police Department,White,8406,10419,1487,0.17689745419938138,0.17689745419938138,0.0,1.0,Mount Airy Police Department - White,https://nccopwatch.org/agencies/179/search-rate
1600000US3744100,174,Montreat Police Department,White,484,573,124,0.256198347107438,0.256198347107438,0.0,1.0,Montreat Police Department - White,https://nccopwatch.org/agencies/174/search-rate
1600000US3744520,178,Morrisville Police Department,White,9542,22782,1654,0.17333892265772374,0.17333892265772374,0.0,1.0,Morrisville Police Department - White,https://nccopwatch.org/agencies/178/search-rate
0500000US37181,286,Vance County Sheriff's Office,White,17959,44214,83,0.00462163817584498,0.00462163817584498,0.0,1.0,Vance County Sheriff's Office - White,https://nccopwatch.org/agencies/286/search-rate
1600000US3744400,177,Morganton Police Department,White,11151,16890,3300,0.2959375840731773,0.2959375840731773,0.0,1.0,Morganton Police Department - White,https://nccopwatch.org/agencies/177/search-rate
1600000US3744220,176,Mooresville Police Department,White,27765,36983,5494,0.19787502251035477,0.19787502251035477,0.0,1.0,Mooresville Police Department - White,https://nccopwatch.org/agencies/176/search-rate
1600000US3711640,318,Chadbourn Police Department,White,617,2001,204,0.33063209076175043,0.33063209076175043,0.0,1.0,Chadbourn Police Department - White,https://nccopwatch.org/agencies/318/search-rate
1600000US3730720,115,Hendersonville Police Department,White,10277,13682,1400,0.1362265252505595,0.1362265252505595,0.0,1.0,Hendersonville Police Department - White,https://nccopwatch.org/agencies/115/search-rate
1600000US3763760,337,Spencer Police Department,White,1764,3277,27,0.015306122448979591,0.015306122448979591,0.0,1.0,Spencer Police Department - White,https://nccopwatch.org/agencies/337/search-rate
1600000US3763120,253,Southern Pines Police Department,White,9697,13546,1158,0.11941837681757245,0.11941837681757245,0.0,1.0,Southern Pines Police Department - White,https://nccopwatch.org/agencies/253/search-rate
1600000US3731060,117,Hickory Police Department,White,27666,40901,4683,0.16926913901539797,0.16926913901539797,0.0,1.0,Hickory Police Department - White,https://nccopwatch.org/agencies/117/search-rate
1600000US3775820,311,Wrightsville Beach Police Department,White,2499,2579,1862,0.7450980392156863,0.7450980392156863,0.0,1.0,Wrightsville Beach Police Department - White,https://nccopwatch.org/agencies/311/search-rate
0500000US37145,216,Person County Sheriff's Office,White,25955,39117,258,0.009940281256020035,0.009940281256020035,0.0,1.0,Person County Sheriff's Office - White,https://nccopwatch.org/agencies/216/search-rate
1600000US3762520,252,Smithfield Police Department,White,6381,11673,1358,0.2128193073186021,0.2128193073186021,0.0,1.0,Smithfield Police Department - White,https://nccopwatch.org/agencies/252/search-rate
1600000US3704510,21,Beech Mountain Police Department,White,610,639,205,0.3360655737704918,0.3360655737704918,0.0,1.0,Beech Mountain Police Department - White,https://nccopwatch.org/agencies/21/search-rate
0500000US37059,74,Davie County Sheriff's Office,White,35346,41764,677,0.019153511005488597,0.019153511005488597,0.0,1.0,Davie County Sheriff's Office - White,https://nccopwatch.org/agencies/74/search-rate
1600000US3731360,118,Highlands Police Department,White,992,1099,219,0.22076612903225806,0.22076612903225806,0.0,1.0,Highlands Police Department - White,https://nccopwatch.org/agencies/118/search-rate
1600000US3761200,250,Shelby Police Department,White,11276,20586,1278,0.1133380631429585,0.1133380631429585,0.0,1.0,Shelby Police Department - White,https://nccopwatch.org/agencies/250/search-rate
0500000US37147,222,Pitt County Sheriff's Office,White,94964,170965,355,0.003738258708563245,0.003738258708563245,0.0,1.0,Pitt County Sheriff's Office - White,https://nccopwatch.org/agencies/222/search-rate
1600000US3731400,119,High Point Police Department,White,51070,108444,8788,0.17207754063050715,0.17207754063050715,0.0,1.0,High Point Police Department - White,https://nccopwatch.org/agencies/119/search-rate
1600000US3761060,249,Sharpsburg Police Department,White,582,1959,22,0.037800687285223365,0.037800687285223365,0.0,1.0,Sharpsburg Police Department - White,https://nccopwatch.org/agencies/249/search-rate
0500000US37079,104,Greene County Sheriff's Office,White,9870,21001,59,0.005977710233029382,0.005977710233029382,0.0,1.0,Greene County Sheriff's Office - White,https://nccopwatch.org/agencies/104/search-rate
1600000US3760800,248,Shallotte Police Department,White,2877,3795,411,0.14285714285714285,0.14285714285714285,0.0,1.0,Shallotte Police Department - White,https://nccopwatch.org/agencies/248/search-rate
1600000US3731620,120,Hillsborough Police Department,White,4384,7057,814,0.18567518248175183,0.18567518248175183,0.0,1.0,Hillsborough Police Department - White,https://nccopwatch.org/agencies/120/search-rate
1600000US3703500,19,Banner Elk Police Department,White,999,1236,183,0.1831831831831832,0.1831831831831832,0.0,1.0,Banner Elk Police Department - White,https://nccopwatch.org/agencies/19/search-rate
0500000US37149,224,Polk County Sheriff's Office,White,17645,20153,616,0.034910739586285065,0.034910739586285065,0.0,1.0,Polk County Sheriff's Office - White,https://nccopwatch.org/agencies/224/search-rate
1600000US3760505,247,Seven Devils Police Department,White,281,289,28,0.099644128113879,0.099644128113879,0.0,1.0,Seven Devils Police Department - White,https://nccopwatch.org/agencies/247/search-rate
0500000US37021,32,Buncombe County Sheriff's Office,White,209366,249975,2358,0.011262573674808709,0.011262573674808709,0.0,1.0,Buncombe County Sheriff's Office - White,https://nccopwatch.org/agencies/32/search-rate
1600000US3731960,122,Holden Beach Police Department,White,932,960,442,0.4742489270386266,0.4742489270386266,0.0,1.0,Holden Beach Police Department - White,https://nccopwatch.org/agencies/122/search-rate
0500000US37057,72,Davidson County Sheriff's Office,White,132495,164335,1211,0.00913996754594513,0.00913996754594513,0.0,1.0,Davidson County Sheriff's Office - White,https://nccopwatch.org/agencies/72/search-rate
0500000US37089,113,Henderson County Sheriff's Office,White,92397,110637,2109,0.02282541640962369,0.02282541640962369,0.0,1.0,Henderson County Sheriff's Office - White,https://nccopwatch.org/agencies/113/search-rate
1600000US3760080,336,Seagrove Police Department,White,283,296,132,0.4664310954063604,0.4664310954063604,0.0,1.0,Seagrove Police Department - White,https://nccopwatch.org/agencies/336/search-rate
1600000US3732180,123,Holly Ridge Police Department,White,1754,2102,1073,0.6117445838084379,0.6117445838084379,0.0,1.0,Holly Ridge Police Department - White,https://nccopwatch.org/agencies/123/search-rate
0500000US37023,35,Burke County Sheriff's Office,White,73406,89515,583,0.007942130071111353,0.007942130071111353,0.0,1.0,Burke County Sheriff's Office - White,https://nccopwatch.org/agencies/35/search-rate
1600000US3732260,124,Holly Springs Police Department,White,23326,30893,3329,0.1427162822601389,0.1427162822601389,0.0,1.0,Holly Springs Police Department - White,https://nccopwatch.org/agencies/124/search-rate
1600000US3759280,245,Sanford Police Department,White,13130,29004,856,0.06519421172886519,0.06519421172886519,0.0,1.0,Sanford Police Department - White,https://nccopwatch.org/agencies/245/search-rate
1600000US3703150,18,Bald Head Island Police Department,White,164,168,143,0.8719512195121951,0.8719512195121951,0.0,1.0,Bald Head Island Police Department - White,https://nccopwatch.org/agencies/18/search-rate
1600000US3758920,243,Saluda Police Department,White,667,723,93,0.13943028485757122,0.13943028485757122,0.0,1.0,Saluda Police Department - White,https://nccopwatch.org/agencies/243/search-rate
1600000US3732640,125,Hope Mills Police Department,White,8093,15889,1482,0.18312121586556282,0.18312121586556282,0.0,1.0,Hope Mills Police Department - White,https://nccopwatch.org/agencies/125/search-rate
1600000US3710740,46,Cary Police Department,White,98904,152899,9333,0.09436423198252851,0.09436423198252851,0.0,1.0,Cary Police Department - White,https://nccopwatch.org/agencies/46/search-rate
0500000US37025,38,Cabarrus County Sheriff's Office,White,131430,195118,3329,0.025329072510081412,0.025329072510081412,0.0,1.0,Cabarrus County Sheriff's Office - White,https://nccopwatch.org/agencies/38/search-rate
1600000US3733120,126,Huntersville Police Department,White,40058,52035,3856,0.09626042238753807,0.09626042238753807,0.0,1.0,Huntersville Police Department - White,https://nccopwatch.org/agencies/126/search-rate
0500000US37081,107,Guilford County Sheriff's Office,White,264404,509903,3995,0.015109453714769822,0.015109453714769822,0.0,1.0,Guilford County Sheriff's Office - White,https://nccopwatch.org/agencies/107/search-rate
1600000US3703020,17,Bailey Police Department,White,330,556,58,0.17575757575757575,0.17575757575757575,0.0,1.0,Bailey Police Department - White,https://nccopwatch.org/agencies/17/search-rate
0500000US37055,71,Dare County Sheriff's Office,White,31011,35321,3021,0.09741704556447713,0.09741704556447713,0.0,1.0,Dare County Sheriff's Office - White,https://nccopwatch.org/agencies/71/search-rate
0500000US37151,226,Randolph County Sheriff's Office,White,113693,142471,1098,0.00965758665880925,0.00965758665880925,0.0,1.0,Randolph County Sheriff's Office - White,https://nccopwatch.org/agencies/226/search-rate
1600000US3733460,128,Indian Beach Police Department,White,175,179,165,0.9428571428571428,0.9428571428571428,0.0,1.0,Indian Beach Police Department - White,https://nccopwatch.org/agencies/128/search-rate
1600000US3758860,242,Salisbury Police Department,White,16527,33743,1365,0.08259212198221093,0.08259212198221093,0.0,1.0,Salisbury Police Department - White,https://nccopwatch.org/agencies/242/search-rate
1600000US3758720,241,Saint Pauls Police Department,White,974,2154,138,0.14168377823408623,0.14168377823408623,0.0,1.0,Saint Pauls Police Department - White,https://nccopwatch.org/agencies/241/search-rate
1600000US3734200,131,Jacksonville Police Department,White,41470,71529,7726,0.1863033518205932,0.1863033518205932,0.0,1.0,Jacksonville Police Department - White,https://nccopwatch.org/agencies/131/search-rate
1600000US3758140,239,Rowland Police Department,White,217,1107,70,0.3225806451612903,0.3225806451612903,0.0,1.0,Rowland Police Department - White,https://nccopwatch.org/agencies/239/search-rate
0500000US37153,230,Richmond County Sheriff's Office,White,26192,45323,204,0.007788637751985339,0.007788637751985339,0.0,1.0,Richmond County Sheriff's Office - White,https://nccopwatch.org/agencies/230/search-rate
0500000US37027,39,Caldwell County Sheriff's Office,White,71590,81599,610,0.008520743120547562,0.008520743120547562,0.0,1.0,Caldwell County Sheriff's Office - White,https://nccopwatch.org/agencies/39/search-rate
1600000US3734840,134,Jonesville Police Department,White,1844,2506,659,0.3573752711496746,0.3573752711496746,0.0,1.0,Jonesville Police Department - White,https://nccopwatch.org/agencies/134/search-rate
1600000US3757640,237,Rolesville Police Department,White,3846,5981,592,0.15392615704628185,0.15392615704628185,0.0,1.0,Rolesville Police Department - White,https://nccopwatch.org/agencies/237/search-rate
1600000US3702500,15,Atlantic Beach Police Department,White,1622,1725,456,0.281134401972873,0.281134401972873,0.0,1.0,Atlantic Beach Police Department - White,https://nccopwatch.org/agencies/15/search-rate
1600000US3735200,135,Kannapolis Police Department,White,28918,46668,4590,0.15872466975586141,0.15872466975586141,0.0,1.0,Kannapolis Police Department - White,https://nccopwatch.org/agencies/135/search-rate
1600000US3709800,41,Cameron Police Department,White,246,364,16,0.06504065040650407,0.06504065040650407,0.0,1.0,Cameron Police Department - White,https://nccopwatch.org/agencies/41/search-rate
1600000US3757500,236,Rocky Mount Police Department,White,17339,56103,1389,0.08010842609147009,0.08010842609147009,0.0,1.0,Rocky Mount Police Department - White,https://nccopwatch.org/agencies/236/search-rate
1600000US3735460,136,Kenansville Police Department,White,540,984,78,0.14444444444444443,0.14444444444444443,0.0,1.0,Kenansville Police Department - White,https://nccopwatch.org/agencies/136/search-rate
0500000US37053,70,Currituck County Sheriff's Office,White,22230,25471,3648,0.1641025641025641,0.1641025641025641,0.0,1.0,Currituck County Sheriff's Office - White,https://nccopwatch.org/agencies/70/search-rate
1600000US3776200,314,Youngsville Police Department,White,989,1673,672,0.679474216380182,0.679474216380182,0.0,1.0,Youngsville Police Department - White,https://nccopwatch.org/agencies/314/search-rate
1600000US3735540,137,Kenly Police Department,White,924,1861,241,0.26082251082251084,0.26082251082251084,0.0,1.0,Kenly Police Department - White,https://nccopwatch.org/agencies/137/search-rate
1600000US3757100,233,Robersonville Police Department,White,434,1527,59,0.1359447004608295,0.1359447004608295,0.0,1.0,Robersonville Police Department - White,https://nccopwatch.org/agencies/233/search-rate
0500000US37155,234,Robeson County Sheriff's Office,White,33843,130026,276,0.008155305380728659,0.008155305380728659,0.0,1.0,Robeson County Sheriff's Office - White,https://nccopwatch.org/agencies/234/search-rate
1600000US3702460,14,Atkinson Police Department,White,283,355,152,0.5371024734982333,0.5371024734982333,0.0,1.0,Atkinson Police Department - White,https://nccopwatch.org/agencies/14/search-rate
0500000US37157,235,Rockingham County Sheriff's Office,White,66911,92028,380,0.005679185784101269,0.005679185784101269,0.0,1.0,Rockingham County Sheriff's Office - White,https://nccopwatch.org/agencies/235/search-rate
1600000US3735600,138,Kernersville Police Department,White,17305,24214,3413,0.197226235192141,0.197226235192141,0.0,1.0,Kernersville Police Department - White,https://nccopwatch.org/agencies/138/search-rate
1600000US3702140,13,Asheville Police Department,White,68072,87583,5497,0.0807527324009872,0.0807527324009872,0.0,1.0,Asheville Police Department - White,https://nccopwatch.org/agencies/13/search-rate
1600000US3757000,232,Robbins Police Department,White,600,1366,156,0.26,0.26,0.0,1.0,Robbins Police Department - White,https://nccopwatch.org/agencies/232/search-rate
1600000US3756900,231,Roanoke Rapids Police Department,White,8962,15397,1289,0.14382950234322694,0.14382950234322694,0.0,1.0,Roanoke Rapids Police Department - White,https://nccopwatch.org/agencies/231/search-rate
1600000US3735880,139,Kings Mountain Police Department,White,7911,10938,1279,0.16167361901150298,0.16167361901150298,0.0,1.0,Kings Mountain Police Department - White,https://nccopwatch.org/agencies/139/search-rate
0500000US37159,238,Rowan County Sheriff's Office,White,101778,140322,1080,0.010611330542946412,0.010611330542946412,0.0,1.0,Rowan County Sheriff's Office - White,https://nccopwatch.org/agencies/238/search-rate
1600000US3756360,229,Richlands Police Department,White,1578,2239,1167,0.7395437262357415,0.7395437262357415,0.0,1.0,Richlands Police Department - White,https://nccopwatch.org/agencies/229/search-rate
1600000US3735920,140,Kinston Police Department,White,5679,21030,978,0.1722134178552562,0.1722134178552562,0.0,1.0,Kinston Police Department - White,https://nccopwatch.org/agencies/140/search-rate
0500000US37099,130,Jackson County Sheriff's Office,White,33291,41131,219,0.00657835451022799,0.00657835451022799,0.0,1.0,Jackson County Sheriff's Office - White,https://nccopwatch.org/agencies/130/search-rate
1600000US3702080,11,Asheboro Police Department,White,15149,25737,2748,0.1813981120866064,0.1813981120866064,0.0,1.0,Asheboro Police Department - White,https://nccopwatch.org/agencies/11/search-rate
1600000US3755900,228,Reidsville Police Department,White,7537,14289,1398,0.18548494095794082,0.18548494095794082,0.0,1.0,Reidsville Police Department - White,https://nccopwatch.org/agencies/228/search-rate
1600000US3766960,271,Taylorsville Police Department,Hispanic,119,2161,23,0.19327731092436976,0.19370758790869833,-0.002221270673874562,0.9977787293261254,Taylorsville Police Department - Hispanic,https://nccopwatch.org/agencies/271/search-rate
1600000US3702500,15,Atlantic Beach Police Department,Other,25,1725,7,0.28,0.281134401972873,-0.0040350877192981026,0.9959649122807019,Atlantic Beach Police Department - Other,https://nccopwatch.org/agencies/15/search-rate
1600000US3743580,288,Village of Misenheimer Police Department,Hispanic,43,720,31,0.7209302325581395,0.7313432835820896,-0.01423825344091132,0.9857617465590887,Village of Misenheimer Police Department - Hispanic,https://nccopwatch.org/agencies/288/search-rate
0500000US37093,121,Hoke County Sheriff's Office,Hispanic,6536,50245,142,0.021725826193390453,0.022068691286843283,-0.015536267601751098,0.9844637323982489,Hoke County Sheriff's Office - Hispanic,https://nccopwatch.org/agencies/121/search-rate
1600000US3715320,68,Creedmoor Police Department,Native American,22,4327,3,0.13636363636363635,0.13884156729131175,-0.01784718349135532,0.9821528165086447,Creedmoor Police Department - Native American,https://nccopwatch.org/agencies/68/search-rate
1600000US3709800,41,Cameron Police Department,Black,94,364,6,0.06382978723404255,0.06504065040650407,-0.018617021276595924,0.9813829787234041,Cameron Police Department - Black,https://nccopwatch.org/agencies/41/search-rate
1600000US3725580,99,Gastonia Police Department,Hispanic,7612,74695,536,0.07041513399894903,0.07179499191867138,-0.019219417439108297,0.9807805825608917,Gastonia Police Department - Hispanic,https://nccopwatch.org/agencies/99/search-rate
1600000US3721360,87,Enfield Police Department,Other,25,2426,5,0.2,0.20434782608695654,-0.02127659574468086,0.9787234042553191,Enfield Police Department - Other,https://nccopwatch.org/agencies/87/search-rate
0500000US37155,234,Robeson County Sheriff's Office,Native American,49892,130026,398,0.007977230818568107,0.008155305380728659,-0.02183542538840409,0.9781645746115959,Robeson County Sheriff's Office - Native American,https://nccopwatch.org/agencies/234/search-rate
0500000US37139,212,Pasquotank County Sheriff's Office,Black,14728,40132,198,0.013443780554046714,0.013762092928191852,-0.02312964865199175,0.9768703513480083,Pasquotank County Sheriff's Office - Black,https://nccopwatch.org/agencies/212/search-rate
1600000US3767420,272,Thomasville Police Department,Asian,210,26841,17,0.08095238095238096,0.0829686469636113,-0.024301541425818845,0.9756984585741811,Thomasville Police Department - Asian,https://nccopwatch.org/agencies/272/search-rate
1600000US3727280,102,Graham Police Department,Hispanic,2919,14983,434,0.1486810551558753,0.1524390243902439,-0.02465227817745807,0.9753477218225419,Graham Police Department - Hispanic,https://nccopwatch.org/agencies/102/search-rate
1600000US3710500,43,Carolina Beach Police Department,Other,131,6081,23,0.17557251908396945,0.18002788428023703,-0.02474819505922879,0.9752518049407712,Carolina Beach Police Department - Other,https://nccopwatch.org/agencies/43/search-rate
0500000US37145,216,Person County Sheriff's Office,Native American,207,39117,2,0.00966183574879227,0.009940281256020035,-0.02801183387634361,0.9719881661236563,Person County Sheriff's Office - Native American,https://nccopwatch.org/agencies/216/search-rate
0500000US37057,72,Davidson County Sheriff's Office,Other,2705,164335,24,0.0088724584103512,0.00913996754594513,-0.029268061866653726,0.9707319381333462,Davidson County Sheriff's Office - Other,https://nccopwatch.org/agencies/72/search-rate
0500000US37117,162,Martin County Sheriff's Office,Other,299,23329,3,0.010033444816053512,0.010337413165729408,-0.02940468227424746,0.9705953177257526,Martin County Sheriff's Office - Other,https://nccopwatch.org/agencies/162/search-rate
1600000US3706500,27,Blowing Rock Police Department,Other,11,1138,10,0.9090909090909091,0.9382379654859219,-0.031065739681422167,0.9689342603185779,Blowing Rock Police Department - Other,https://nccopwatch.org/agencies/27/search-rate
0500000US37101,132,Johnston County Sheriff's Office,Native American,631,186319,10,0.01584786053882726,0.016370819566125967,-0.03194458439825458,0.9680554156017455,Johnston County Sheriff's Office - Native American,https://nccopwatch.org/agencies/132/search-rate
1600000US3770540,291,Wake Forest Police Department,Asian,839,37064,131,0.15613825983313467,0.16192077727952167,-0.035712016354792535,0.9642879836452075,Wake Forest Police Department - Asian,https://nccopwatch.org/agencies/291/search-rate
0500000US37165,246,Scotland County Sheriff's Office,Black,13696,35514,62,0.004526869158878504,0.004696325442660405,-0.0360827386966407,0.9639172613033593,Scotland County Sheriff's Office - Black,https://nccopwatch.org/agencies/246/search-rate
0500000US37053,70,Currituck County Sheriff's Office,Hispanic,936,25471,148,0.1581196581196581,0.1641025641025641,-0.03645833333333337,0.9635416666666666,Currituck County Sheriff's Office - Hispanic,https://nccopwatch.org/agencies/70/search-rate
1600000US3752140,220,Pinetops Police Department,Black,788,1274,274,0.3477157360406091,0.36147186147186144,-0.03805586795951241,0.9619441320404876,Pinetops Police Department - Black,https://nccopwatch.org/agencies/220/search-rate
0500000US37103,133,Jones County Sheriff's Office,Black,2997,9818,82,0.027360694027360695,0.028444590595198948,-0.038105542922498584,0.9618944570775014,Jones County Sheriff's Office - Black,https://nccopwatch.org/agencies/133/search-rate
1600000US3756900,231,Roanoke Rapids Police Department,Native American,87,15397,12,0.13793103448275862,0.14382950234322694,-0.041010138840587386,0.9589898611594126,Roanoke Rapids Police Department - Native American,https://nccopwatch.org/agencies/231/search-rate
1600000US3706000,25,Biscoe Police Department,Black,453,2335,82,0.18101545253863136,0.18900804289544235,-0.04228703834170922,0.9577129616582908,Biscoe Police Department - Black,https://nccopwatch.org/agencies/25/search-rate
1600000US3774540,308,Wilson Police Department,Native American,104,48787,9,0.08653846153846154,0.09041297161148135,-0.04285347560158939,0.9571465243984106,Wilson Police Department - Native American,https://nccopwatch.org/agencies/308/search-rate
0500000US37039,54,Cherokee County Sheriff's Office,Hispanic,805,27668,7,0.008695652173913044,0.009089112823552658,-0.04328922495274108,0.9567107750472589,Cherokee County Sheriff's Office - Hispanic,https://nccopwatch.org/agencies/54/search-rate
0500000US37175,274,Transylvania County Sheriff's Office,Native American,102,32906,1,0.00980392156862745,0.010272352503885923,-0.04560113519091848,0.9543988648090815,Transylvania County Sheriff's Office - Native American,https://nccopwatch.org/agencies/274/search-rate
1600000US3711640,318,Chadbourn Police Department,Native American,67,2001,21,0.31343283582089554,0.33063209076175043,-0.05201931518876209,0.9479806848112379,Chadbourn Police Department - Native American,https://nccopwatch.org/agencies/318/search-rate
1600000US3743580,288,Village of Misenheimer Police Department,Other,13,720,9,0.6923076923076923,0.7313432835820896,-0.05337519623233911,0.9466248037676609,Village of Misenheimer Police Department - Other,https://nccopwatch.org/agencies/288/search-rate
0500000US37167,257,Stanly County Sheriff's Office,Asian,1152,61097,10,0.008680555555555556,0.009213709677419355,-0.057865305130075394,0.9421346948699246,Stanly County Sheriff's Office - Asian,https://nccopwatch.org/agencies/257/search-rate
1600000US3710620,44,Carrboro Police Department,Native American,77,20425,7,0.09090909090909091,0.09654068881438586,-0.05833393126210809,0.9416660687378919,Carrboro Police Department - Native American,https://nccopwatch.org/agencies/44/search-rate
1600000US3730660,114,Henderson Police Department,Black,9304,15235,1316,0.1414445399828031,0.15027387473207907,-0.05875495501142598,0.941245044988574,Henderson Police Department - Black,https://nccopwatch.org/agencies/114/search-rate
1600000US3722360,88,Fairmont Department of Public Safety,Black,1524,2612,176,0.11548556430446194,0.12364760432766615,-0.06601049868766407,0.9339895013123359,Fairmont Department of Public Safety - Black,https://nccopwatch.org/agencies/88/search-rate
1600000US3751820,217,Pilot Mountain Police Department,Black,132,1647,24,0.18181818181818182,0.19477769936485534,-0.06653491436100134,0.9334650856389987,Pilot Mountain Police Department - Black,https://nccopwatch.org/agencies/217/search-rate
1600000US3758720,241,Saint Pauls Police Department,Other,53,2154,7,0.1320754716981132,0.14168377823408623,-0.0678151490292589,0.9321848509707411,Saint Pauls Police Department - Other,https://nccopwatch.org/agencies/241/search-rate
1600000US3732260,124,Holly Springs Police Department,Asian,1248,30893,166,0.1330128205128205,0.1427162822601389,-0.0679912732706365,0.9320087267293635,Holly Springs Police Department - Asian,https://nccopwatch.org/agencies/124/search-rate
1600000US3764260,255,Spruce Pine Police Department,Hispanic,263,2342,15,0.057034220532319393,0.06123456790123457,-0.06859438243591316,0.9314056175640868,Spruce Pine Police Department - Hispanic,https://nccopwatch.org/agencies/255/search-rate
1600000US3764160,322,Spring Hope Police Department,Black,652,1379,185,0.2837423312883436,0.30560271646859083,-0.07153203817314237,0.9284679618268576,Spring Hope Police Department - Black,https://nccopwatch.org/agencies/322/search-rate
1600000US3751080,213,Pembroke Police Department,Black,547,2950,31,0.056672760511883,0.061124694376528114,-0.07283363802559413,0.9271663619744058,Pembroke Police Department - Black,https://nccopwatch.org/agencies/213/search-rate
0500000US37019,31,Brunswick County Sheriff's Office,Asian,673,120677,5,0.007429420505200594,0.008022397556630185,-0.07391519146785737,0.9260848085321426,Brunswick County Sheriff's Office - Asian,https://nccopwatch.org/agencies/31/search-rate
1600000US3721360,87,Enfield Police Department,Black,2157,2426,407,0.18868799258229021,0.20434782608695654,-0.07663322778879263,0.9233667722112073,Enfield Police Department - Black,https://nccopwatch.org/agencies/87/search-rate
1600000US3757640,237,Rolesville Police Department,Asian,106,5981,15,0.14150943396226415,0.15392615704628185,-0.0806667516573177,0.9193332483426823,Rolesville Police Department - Asian,https://nccopwatch.org/agencies/237/search-rate
1600000US3726880,101,Goldsboro Police Department,Black,18884,35494,2932,0.155263715314552,0.16892840430510062,-0.08089041654515902,0.919109583454841,Goldsboro Police Department - Black,https://nccopwatch.org/agencies/101/search-rate
0500000US37025,38,Cabarrus County Sheriff's Office,Asian,6195,195118,144,0.02324455205811138,0.025329072510081412,-0.08229754370754627,0.9177024562924537,Cabarrus County Sheriff's Office - Asian,https://nccopwatch.org/agencies/38/search-rate
1600000US3770380,289,Wadesboro Police Department,Native American,17,5457,3,0.17647058823529413,0.1928374655647383,-0.0848739495798319,0.9151260504201681,Wadesboro Police Department - Native American,https://nccopwatch.org/agencies/289/search-rate
0500000US37091,116,Hertford County Sheriff's Office,Hispanic,861,23640,12,0.013937282229965157,0.015260436372808677,-0.08670486940996917,0.9132951305900309,Hertford County Sheriff's Office - Hispanic,https://nccopwatch.org/agencies/116/search-rate
1600000US3751940,218,Pinehurst Police Department,Asian,213,15272,23,0.107981220657277,0.11829811700445594,-0.08721099378775689,0.9127890062122431,Pinehurst Police Department - Asian,https://nccopwatch.org/agencies/218/search-rate
1600000US3759280,245,Sanford Police Department,Hispanic,7460,29004,442,0.05924932975871314,0.06519421172886519,-0.09118726666833701,0.908812733331663,Sanford Police Department - Hispanic,https://nccopwatch.org/agencies/245/search-rate
1600000US3735540,137,Kenly Police Department,Black,667,1861,158,0.2368815592203898,0.26082251082251084,-0.0917902044828209,0.9082097955171791,Kenly Police Department - Black,https://nccopwatch.org/agencies/137/search-rate
1600000US3720700,86,Elk Park Police Department,Hispanic,12,529,1,0.08333333333333333,0.09181636726546906,-0.09239130434782611,0.9076086956521738,Elk Park Police Department - Hispanic,https://nccopwatch.org/agencies/86/search-rate
1600000US3773300,303,White Lake Police Department,Other,18,954,3,0.16666666666666666,0.18405627198124266,-0.09447983014861996,0.9055201698513801,White Lake Police Department - Other,https://nccopwatch.org/agencies/303/search-rate
0500000US37083,109,Halifax County Sheriff's Office,Other,1527,52439,21,0.0137524557956778,0.015226681074708974,-0.0968185563090183,0.9031814436909817,Halifax County Sheriff's Office - Other,https://nccopwatch.org/agencies/109/search-rate
1600000US3709140,325,Burnsville Police Department,Hispanic,171,1968,109,0.6374269005847953,0.7060931899641577,-0.09724819663371624,0.9027518033662838,Burnsville Police Department - Hispanic,https://nccopwatch.org/agencies/325/search-rate
1600000US3702140,13,Asheville Police Department,Hispanic,5465,87583,398,0.0728270814272644,0.0807527324009872,-0.09814715537261373,0.9018528446273862,Asheville Police Department - Hispanic,https://nccopwatch.org/agencies/13/search-rate
0500000US37165,246,Scotland County Sheriff's Office,Native American,3793,35514,16,0.004218296862641709,0.004696325442660405,-0.10178778831560269,0.8982122116843974,Scotland County Sheriff's Office - Native American,https://nccopwatch.org/agencies/246/search-rate
1600000US3771780,300,Weldon Police Department,Other,15,1666,4,0.26666666666666666,0.2975609756097561,-0.10382513661202183,0.8961748633879781,Weldon Police Department - Other,https://nccopwatch.org/agencies/300/search-rate
1600000US3708860,33,Bunn Police Department,Other,14,421,5,0.35714285714285715,0.39920948616600793,-0.10537482319660542,0.8946251768033946,Bunn Police Department - Other,https://nccopwatch.org/agencies/33/search-rate
0500000US37009,12,Ashe County Sheriff's Office,Other,227,26832,2,0.00881057268722467,0.010036130068245684,-0.12211453744493381,0.8778854625550662,Ashe County Sheriff's Office - Other,https://nccopwatch.org/agencies/12/search-rate
1600000US3760800,248,Shallotte Police Department,Native American,24,3795,3,0.125,0.14285714285714285,-0.12499999999999994,0.875,Shallotte Police Department - Native American,https://nccopwatch.org/agencies/248/search-rate
1600000US3742240,167,Mebane Police Department,Native American,22,13907,4,0.18181818181818182,0.20804469273743018,-0.12606190801679523,0.8739380919832047,Mebane Police Department - Native American,https://nccopwatch.org/agencies/167/search-rate
1600000US3764580,259,Star Police Department,Hispanic,202,995,34,0.16831683168316833,0.19318181818181818,-0.12871287128712863,0.8712871287128714,Star Police Department - Hispanic,https://nccopwatch.org/agencies/259/search-rate
0500000US37035,50,Catawba County Sheriff's Office,Native American,326,156487,2,0.006134969325153374,0.007042194552138198,-0.12882706097765587,0.8711729390223442,Catawba County Sheriff's Office - Native American,https://nccopwatch.org/agencies/50/search-rate
0500000US37067,92,Forsyth County Sheriff's Office,Native American,803,364842,18,0.0224159402241594,0.025793613010111783,-0.13094996752212432,0.8690500324778757,Forsyth County Sheriff's Office - Native American,https://nccopwatch.org/agencies/92/search-rate
1600000US3709360,37,Butner Public Safety,Hispanic,1069,7673,139,0.13002806361085126,0.1497005988023952,-0.13141253507951353,0.8685874649204864,Butner Public Safety - Hispanic,https://nccopwatch.org/agencies/37/search-rate
1600000US3718060,76,Duck Police Department,Asian,7,535,7,1.0,1.1547388781431334,-0.13400335008375203,0.8659966499162479,Duck Police Department - Asian,https://nccopwatch.org/agencies/76/search-rate
1600000US3752660,223,Pittsboro Police Department,Hispanic,364,3973,69,0.18956043956043955,0.21908548707753478,-0.1347649628048902,0.8652350371951099,Pittsboro Police Department - Hispanic,https://nccopwatch.org/agencies/223/search-rate
1600000US3731060,117,Hickory Police Department,Native American,82,40901,12,0.14634146341463414,0.16926913901539797,-0.13545100857799108,0.8645489914220089,Hickory Police Department - Native American,https://nccopwatch.org/agencies/117/search-rate
1600000US3718320,77,Dunn Police Department,Black,3839,9363,1612,0.4199010158895546,0.48688634835238737,-0.13757899084562478,0.8624210091543753,Dunn Police Department - Black,https://nccopwatch.org/agencies/77/search-rate
1600000US3738320,152,Lincolnton Police Department,Black,1653,10759,122,0.07380520266182698,0.08563413553816625,-0.13813338339904457,0.8618666166009554,Lincolnton Police Department - Black,https://nccopwatch.org/agencies/152/search-rate
0500000US37177,277,Tyrrell County Sheriff's Office,Native American,16,4032,3,0.1875,0.21783953384132676,-0.1392746913580247,0.8607253086419753,Tyrrell County Sheriff's Office - Native American,https://nccopwatch.org/agencies/277/search-rate
0500000US37081,107,Guilford County Sheriff's Office,Native American,1924,509903,25,0.012993762993762994,0.015109453714769822,-0.14002430272768188,0.8599756972723182,Guilford County Sheriff's Office - Native American,https://nccopwatch.org/agencies/107/search-rate
0500000US37149,224,Polk County Sheriff's Office,Other,267,20153,8,0.0299625468164794,0.034910739586285065,-0.1417384114013327,0.8582615885986673,Polk County Sheriff's Office - Other,https://nccopwatch.org/agencies/224/search-rate
0500000US37099,130,Jackson County Sheriff's Office,Other,1063,41131,6,0.005644402634054563,0.00657835451022799,-0.14197347903967833,0.8580265209603217,Jackson County Sheriff's Office - Other,https://nccopwatch.org/agencies/130/search-rate
1600000US3769840,287,Vass Police Department,Hispanic,95,746,18,0.18947368421052632,0.2214765100671141,-0.14449760765550243,0.8555023923444975,Vass Police Department - Hispanic,https://nccopwatch.org/agencies/287/search-rate
1600000US3736500,144,Lake Lure Police Department,Native American,3,1421,1,0.3333333333333333,0.3898809523809524,-0.14503816793893134,0.8549618320610687,Lake Lure Police Department - Native American,https://nccopwatch.org/agencies/144/search-rate
1600000US3771220,296,Washington Police Department,Black,4139,9739,423,0.10219859869533704,0.11956989247311828,-0.1452815037170553,0.8547184962829447,Washington Police Department - Black,https://nccopwatch.org/agencies/296/search-rate
1600000US3744900,180,Mount Gilead Police Department,Black,707,1360,171,0.24186704384724186,0.2830188679245283,-0.1454031117397454,0.8545968882602546,Mount Gilead Police Department - Black,https://nccopwatch.org/agencies/180/search-rate
1600000US3762520,252,Smithfield Police Department,Native American,33,11673,6,0.18181818181818182,0.2128193073186021,-0.14566876422546524,0.8543312357745347,Smithfield Police Department - Native American,https://nccopwatch.org/agencies/252/search-rate
0500000US37037,53,Chatham County Sheriff's Office,Native American,162,68594,2,0.012345679012345678,0.014479415915086814,-0.14736346516007534,0.8526365348399246,Chatham County Sheriff's Office - Native American,https://nccopwatch.org/agencies/53/search-rate
1600000US3747880,205,North Wilkesboro Police Department,Native American,11,4248,2,0.18181818181818182,0.21362126245847177,-0.1488760073519016,0.8511239926480985,North Wilkesboro Police Department - Native American,https://nccopwatch.org/agencies/205/search-rate
1600000US3709140,325,Burnsville Police Department,Other,40,1968,24,0.6,0.7060931899641577,-0.15025380710659902,0.8497461928934009,Burnsville Police Department - Other,https://nccopwatch.org/agencies/325/search-rate
1600000US3725300,95,Fuquay-Varina Police Department,Native American,37,24221,5,0.13513513513513514,0.15929257323447185,-0.1516545160192622,0.8483454839807378,Fuquay-Varina Police Department - Native American,https://nccopwatch.org/agencies/95/search-rate
0500000US37023,35,Burke County Sheriff's Office,Native American,297,89515,2,0.006734006734006734,0.007942130071111353,-0.15211578333362213,0.8478842166663778,Burke County Sheriff's Office - Native American,https://nccopwatch.org/agencies/35/search-rate
1600000US3743480,170,Mint Hill Police Department,Asian,697,24613,30,0.043041606886657105,0.05076367675645654,-0.15211801751174922,0.8478819824882508,Mint Hill Police Department - Asian,https://nccopwatch.org/agencies/170/search-rate
1600000US3741060,159,Manteo Police Department,Native American,5,1709,1,0.2,0.23614274867122248,-0.1530546623794212,0.8469453376205788,Manteo Police Department - Native American,https://nccopwatch.org/agencies/159/search-rate
0500000US37083,109,Halifax County Sheriff's Office,Asian,388,52439,5,0.01288659793814433,0.015226681074708974,-0.15368307283006324,0.8463169271699368,Halifax County Sheriff's Office - Asian,https://nccopwatch.org/agencies/109/search-rate
1600000US3771160,339,Warsaw Police Department,Other,156,3048,7,0.04487179487179487,0.053061224489795916,-0.1543392504930966,0.8456607495069034,Warsaw Police Department - Other,https://nccopwatch.org/agencies/339/search-rate
0500000US37149,224,Polk County Sheriff's Office,Native American,34,20153,1,0.029411764705882353,0.034910739586285065,-0.15751527883880823,0.8424847211611918,Polk County Sheriff's Office - Native American,https://nccopwatch.org/agencies/224/search-rate
1600000US3735540,137,Kenly Police Department,Hispanic,219,1861,48,0.2191780821917808,0.26082251082251084,-0.15966577616097324,0.8403342238390268,Kenly Police Department - Hispanic,https://nccopwatch.org/agencies/137/search-rate
1600000US3731400,119,High Point Police Department,Hispanic,10259,108444,1483,0.14455599961009846,0.17207754063050715,-0.15993685706785066,0.8400631429321493,High Point Police Department - Hispanic,https://nccopwatch.org/agencies/119/search-rate
0500000US37153,230,Richmond County Sheriff's Office,Native American,1072,45323,7,0.0065298507462686565,0.007788637751985339,-0.16161837869476148,0.8383816213052385,Richmond County Sheriff's Office - Native American,https://nccopwatch.org/agencies/230/search-rate
1600000US3735920,140,Kinston Police Department,Black,13994,21030,2020,0.14434757753322852,0.1722134178552562,-0.16180992555091536,0.8381900744490847,Kinston Police Department - Black,https://nccopwatch.org/agencies/140/search-rate
1600000US3763760,337,Spencer Police Department,Black,1171,3277,15,0.012809564474807857,0.015306122448979591,-0.16310845431255333,0.8368915456874466,Spencer Police Department - Black,https://nccopwatch.org/agencies/337/search-rate
1600000US3734840,134,Jonesville Police Department,Black,288,2506,86,0.2986111111111111,0.3573752711496746,-0.16443264205024444,0.8355673579497556,Jonesville Police Department - Black,https://nccopwatch.org/agencies/134/search-rate
1600000US3767420,272,Thomasville Police Department,Hispanic,4030,26841,279,0.06923076923076923,0.0829686469636113,-0.16557914628723874,0.8344208537127613,Thomasville Police Department - Hispanic,https://nccopwatch.org/agencies/272/search-rate
1600000US3738320,152,Lincolnton Police Department,Native American,14,10759,1,0.07142857142857142,0.08563413553816625,-0.1658866995073892,0.8341133004926108,Lincolnton Police Department - Native American,https://nccopwatch.org/agencies/152/search-rate
0500000US37187,295,Washington County Sheriff's Office,Black,6073,12320,100,0.016466326362588508,0.019771449301650645,-0.1671664473674272,0.8328335526325727,Washington County Sheriff's Office - Black,https://nccopwatch.org/agencies/295/search-rate
0500000US37141,214,Pender County Sheriff's Office,Asian,262,56445,3,0.011450381679389313,0.01376759723216416,-0.16830936536706043,0.8316906346329396,Pender County Sheriff's Office - Asian,https://nccopwatch.org/agencies/214/search-rate
1600000US3708960,34,Burgaw Police Department,Black,1474,3831,431,0.29240162822252375,0.3527013251783894,-0.17096532576215095,0.829034674237849,Burgaw Police Department - Black,https://nccopwatch.org/agencies/34/search-rate
0500000US37001,2,Alamance County Sheriff's Office,Native American,361,158227,5,0.013850415512465374,0.016727846314129092,-0.17201442120097138,0.8279855787990287,Alamance County Sheriff's Office - Native American,https://nccopwatch.org/agencies/2/search-rate
0500000US37095,127,Hyde County Sheriff's Office,Hispanic,427,5371,17,0.03981264637002342,0.048216007714561235,-0.17428571428571424,0.8257142857142857,Hyde County Sheriff's Office - Hispanic,https://nccopwatch.org/agencies/127/search-rate
1600000US3723760,91,Fletcher Police Department,Other,69,7392,8,0.11594202898550725,0.1406861977126743,-0.17588199218876086,0.8241180078112391,Fletcher Police Department - Other,https://nccopwatch.org/agencies/91/search-rate
1600000US3744400,177,Morganton Police Department,Asian,268,16890,65,0.24253731343283583,0.2959375840731773,-0.18044436906377198,0.819555630936228,Morganton Police Department - Asian,https://nccopwatch.org/agencies/177/search-rate
1600000US3757100,233,Robersonville Police Department,Other,18,1527,2,0.1111111111111111,0.1359447004608295,-0.18267419962335218,0.8173258003766478,Robersonville Police Department - Other,https://nccopwatch.org/agencies/233/search-rate
0500000US37125,175,Moore County Sheriff's Office,Other,2293,93276,10,0.00436109899694723,0.00533689126084056,-0.18283907544701264,0.8171609245529874,Moore County Sheriff's Office - Other,https://nccopwatch.org/agencies/175/search-rate
1600000US3761200,250,Shelby Police Department,Hispanic,746,20586,69,0.09249329758713137,0.1133380631429585,-0.18391672645344806,0.816083273546552,Shelby Police Department - Hispanic,https://nccopwatch.org/agencies/250/search-rate
1600000US3770380,289,Wadesboro Police Department,Black,3326,5457,523,0.15724594107035478,0.1928374655647383,-0.18456747702087453,0.8154325229791255,Wadesboro Police Department - Black,https://nccopwatch.org/agencies/289/search-rate
1600000US3750340,211,Parkton Police Department,Other,14,495,6,0.42857142857142855,0.5261538461538462,-0.18546365914786977,0.8145363408521302,Parkton Police Department - Other,https://nccopwatch.org/agencies/211/search-rate
0500000US37095,127,Hyde County Sheriff's Office,Other,51,5371,2,0.0392156862745098,0.048216007714561235,-0.18666666666666668,0.8133333333333334,Hyde County Sheriff's Office - Other,https://nccopwatch.org/agencies/127/search-rate
1600000US3775000,309,Winston-Salem Police Department,Hispanic,35890,237904,2636,0.07344664251880746,0.09050832698378143,-0.18850955523718083,0.8114904447628192,Winston-Salem Police Department - Hispanic,https://nccopwatch.org/agencies/309/search-rate
1600000US3752000,219,Pine Knoll Shores Police Department,Other,10,1427,5,0.5,0.6176900584795322,-0.19053254437869824,0.8094674556213017,Pine Knoll Shores Police Department - Other,https://nccopwatch.org/agencies/219/search-rate
0500000US37059,74,Davie County Sheriff's Office,Native American,129,41764,2,0.015503875968992248,0.019153511005488597,-0.190546528803545,0.8094534711964549,Davie County Sheriff's Office - Native American,https://nccopwatch.org/agencies/74/search-rate
0500000US37165,246,Scotland County Sheriff's Office,Other,1054,35514,4,0.003795066413662239,0.004696325442660405,-0.19190727729627163,0.8080927227037283,Scotland County Sheriff's Office - Other,https://nccopwatch.org/agencies/246/search-rate
1600000US3752660,223,Pittsboro Police Department,Asian,68,3973,12,0.17647058823529413,0.21908548707753478,-0.19451265079534527,0.8054873492046547,Pittsboro Police Department - Asian,https://nccopwatch.org/agencies/223/search-rate
0500000US37189,297,Watauga County Sheriff's Office,Asian,528,52378,2,0.003787878787878788,0.0047035318112759895,-0.19467350496111563,0.8053264950388843,Watauga County Sheriff's Office - Asian,https://nccopwatch.org/agencies/297/search-rate
1600000US3751940,218,Pinehurst Police Department,Other,295,15272,28,0.09491525423728814,0.11829811700445594,-0.1976604814959738,0.8023395185040262,Pinehurst Police Department - Other,https://nccopwatch.org/agencies/218/search-rate
1600000US3774440,306,Wilmington Police Department,Hispanic,6884,112574,576,0.08367228355607205,0.10440092337478592,-0.1985484337557122,0.8014515662442878,Wilmington Police Department - Hispanic,https://nccopwatch.org/agencies/306/search-rate
0500000US37129,199,New Hanover County Sheriff's Office,Native American,603,214924,7,0.011608623548922056,0.01448713835126316,-0.19869450629565644,0.8013054937043436,New Hanover County Sheriff's Office - Native American,https://nccopwatch.org/agencies/199/search-rate
1600000US3747880,205,North Wilkesboro Police Department,Black,544,4248,93,0.17095588235294118,0.21362126245847177,-0.19972440764797367,0.8002755923520264,North Wilkesboro Police Department - Black,https://nccopwatch.org/agencies/205/search-rate
1600000US3734840,134,Jonesville Police Department,Asian,7,2506,2,0.2857142857142857,0.3573752711496746,-0.20052026880554955,0.7994797311944505,Jonesville Police Department - Asian,https://nccopwatch.org/agencies/134/search-rate
1600000US3712000,52,Charlotte-Mecklenburg Police Department,Other,22504,799736,1675,0.07443121222893707,0.09315239304984209,-0.2009736970566936,0.7990263029433065,Charlotte-Mecklenburg Police Department - Other,https://nccopwatch.org/agencies/52/search-rate
1600000US3722360,88,Fairmont Department of Public Safety,Hispanic,112,2612,11,0.09821428571428571,0.12364760432766615,-0.20569196428571432,0.7943080357142857,Fairmont Department of Public Safety - Hispanic,https://nccopwatch.org/agencies/88/search-rate
1600000US3720580,84,Elizabeth City Police Department,Black,9625,18333,1686,0.17516883116883117,0.2214442013129103,-0.208970792053796,0.791029207946204,Elizabeth City Police Department - Black,https://nccopwatch.org/agencies/84/search-rate
1600000US3721095,321,Elon Police Department,Other,156,10058,13,0.08333333333333333,0.10552220888355342,-0.21027682973075465,0.7897231702692453,Elon Police Department - Other,https://nccopwatch.org/agencies/321/search-rate
1600000US3746740,200,Newland Police Department,Other,19,803,3,0.15789473684210525,0.2,-0.21052631578947378,0.7894736842105262,Newland Police Department - Other,https://nccopwatch.org/agencies/200/search-rate
1600000US3745660,183,Murphy Police Department,Asian,27,1978,5,0.18518518518518517,0.23533045089561458,-0.2130844755516672,0.7869155244483328,Murphy Police Department - Asian,https://nccopwatch.org/agencies/183/search-rate
1600000US3740600,158,Maggie Valley Police Department,Hispanic,90,1574,27,0.3,0.3815232722143865,-0.21367837338262483,0.7863216266173751,Maggie Valley Police Department - Hispanic,https://nccopwatch.org/agencies/158/search-rate
1600000US3707080,28,Boone Police Department,Asian,257,17931,15,0.058365758754863814,0.07422732117108645,-0.2136890051530129,0.7863109948469871,Boone Police Department - Asian,https://nccopwatch.org/agencies/28/search-rate
1600000US3766960,271,Taylorsville Police Department,Black,289,2161,44,0.1522491349480969,0.19370758790869833,-0.21402596257686285,0.7859740374231372,Taylorsville Police Department - Black,https://nccopwatch.org/agencies/271/search-rate
1600000US3710120,42,Candor Police Department,Other,8,984,3,0.375,0.47757255936675463,-0.2147790055248619,0.785220994475138,Candor Police Department - Other,https://nccopwatch.org/agencies/42/search-rate
1600000US3764740,261,Statesville Police Department,Hispanic,3084,26180,407,0.13197146562905318,0.1681502715751358,-0.21515758260263396,0.784842417397366,Statesville Police Department - Hispanic,https://nccopwatch.org/agencies/261/search-rate
0500000US37029,40,Camden County Sheriff's Office,Native American,31,10207,2,0.06451612903225806,0.08223039215686274,-0.21542233546464115,0.7845776645353588,Camden County Sheriff's Office - Native American,https://nccopwatch.org/agencies/40/search-rate
1600000US3741620,161,Mars Hill Police Department,Black,202,2512,20,0.09900990099009901,0.12621809744779583,-0.21556493884682587,0.7844350611531741,Mars Hill Police Department - Black,https://nccopwatch.org/agencies/161/search-rate
1600000US3732640,125,Hope Mills Police Department,Hispanic,1661,15889,238,0.1432871763997592,0.18312121586556282,-0.21752826005178733,0.7824717399482126,Hope Mills Police Department - Hispanic,https://nccopwatch.org/agencies/125/search-rate
1600000US3724080,316,Forest City Police Department,Black,1971,7319,319,0.16184677828513444,0.20769919427036707,-0.22076357179096914,0.7792364282090308,Forest City Police Department - Black,https://nccopwatch.org/agencies/316/search-rate
0500000US37181,286,Vance County Sheriff's Office,Other,834,44214,3,0.0035971223021582736,0.00462163817584498,-0.2216780792233682,0.7783219207766318,Vance County Sheriff's Office - Other,https://nccopwatch.org/agencies/286/search-rate
1600000US3730660,114,Henderson Police Department,Hispanic,1345,15235,157,0.11672862453531599,0.15027387473207907,-0.2232274256358291,0.7767725743641709,Henderson Police Department - Hispanic,https://nccopwatch.org/agencies/114/search-rate
0500000US37027,39,Caldwell County Sheriff's Office,Asian,454,81599,3,0.006607929515418502,0.008520743120547562,-0.22448905900194985,0.7755109409980502,Caldwell County Sheriff's Office - Asian,https://nccopwatch.org/agencies/39/search-rate
1600000US3741960,163,Matthews Police Department,Asian,1132,29305,125,0.11042402826855123,0.1425982407284622,-0.22562839692515985,0.7743716030748402,Matthews Police Department - Asian,https://nccopwatch.org/agencies/163/search-rate
1600000US3771500,323,Waynesville Police Department,Asian,59,9951,5,0.0847457627118644,0.10950044603033006,-0.22606924643584522,0.7739307535641547,Waynesville Police Department - Asian,https://nccopwatch.org/agencies/323/search-rate
1600000US3730660,114,Henderson Police Department,Asian,129,15235,15,0.11627906976744186,0.15027387473207907,-0.22621899531935283,0.7737810046806471,Henderson Police Department - Asian,https://nccopwatch.org/agencies/114/search-rate
1600000US3702080,11,Asheboro Police Department,Hispanic,6626,25737,930,0.14035617265318442,0.1813981120866064,-0.22625339900906452,0.7737466009909355,Asheboro Police Department - Hispanic,https://nccopwatch.org/agencies/11/search-rate
0500000US37105,146,Lee County Sheriff's Office,Other,1126,59816,9,0.007992895204262877,0.010359884699905819,-0.22847643233562817,0.7715235676643718,Lee County Sheriff's Office - Other,https://nccopwatch.org/agencies/146/search-rate
1600000US3735200,135,Kannapolis Police Department,Native American,98,46668,12,0.12244897959183673,0.15872466975586141,-0.22854475123382695,0.771455248766173,Kannapolis Police Department - Native American,https://nccopwatch.org/agencies/135/search-rate
0500000US37103,133,Jones County Sheriff's Office,Other,228,9818,5,0.021929824561403508,0.028444590595198948,-0.22903356657539808,0.7709664334246019,Jones County Sheriff's Office - Other,https://nccopwatch.org/agencies/133/search-rate
1600000US3709800,41,Cameron Police Department,Hispanic,20,364,1,0.05,0.06504065040650407,-0.23125000000000004,0.7687499999999999,Cameron Police Department - Hispanic,https://nccopwatch.org/agencies/41/search-rate
1600000US3765100,263,Stoneville Police Department,Other,32,1214,3,0.09375,0.12203389830508475,-0.23177083333333337,0.7682291666666666,Stoneville Police Department - Other,https://nccopwatch.org/agencies/263/search-rate
0500000US37199,313,Yancey County Sheriff's Office,Other,156,17934,1,0.00641025641025641,0.008353365384615384,-0.23261390887290168,0.7673860911270983,Yancey County Sheriff's Office - Other,https://nccopwatch.org/agencies/313/search-rate
1600000US3703500,19,Banner Elk Police Department,Other,36,1236,5,0.1388888888888889,0.1831831831831832,-0.24180327868852458,0.7581967213114754,Banner Elk Police Department - Other,https://nccopwatch.org/agencies/19/search-rate
1600000US3752140,220,Pinetops Police Department,Other,11,1274,3,0.2727272727272727,0.36147186147186144,-0.24550898203592814,0.7544910179640718,Pinetops Police Department - Other,https://nccopwatch.org/agencies/220/search-rate
1600000US3752220,221,Pineville Police Department,Hispanic,1591,8477,323,0.20301697045883094,0.2692492781520693,-0.24598880319311758,0.7540111968068824,Pineville Police Department - Hispanic,https://nccopwatch.org/agencies/221/search-rate
1600000US3747000,201,Newton Police Department,Asian,520,13057,43,0.08269230769230769,0.10988628452077048,-0.24747380391519783,0.7525261960848022,Newton Police Department - Asian,https://nccopwatch.org/agencies/201/search-rate
0500000US37123,173,Montgomery County Sheriff's Office,Native American,151,27183,1,0.006622516556291391,0.008824383164005805,-0.24952073893342627,0.7504792610665737,Montgomery County Sheriff's Office - Native American,https://nccopwatch.org/agencies/173/search-rate
0500000US37085,110,Harnett County Sheriff's Office,Native American,927,124487,5,0.005393743257820928,0.00720711445155146,-0.25160849129295726,0.7483915087070427,Harnett County Sheriff's Office - Native American,https://nccopwatch.org/agencies/110/search-rate
1600000US3728080,106,Greenville Police Department,Native American,217,87098,16,0.07373271889400922,0.09866928446771378,-0.25272875655507787,0.7472712434449221,Greenville Police Department - Native American,https://nccopwatch.org/agencies/106/search-rate
1600000US3773660,341,Whiteville Police Department,Asian,73,5267,3,0.0410958904109589,0.05527426160337553,-0.2565094635574611,0.7434905364425388,Whiteville Police Department - Asian,https://nccopwatch.org/agencies/341/search-rate
1600000US3734840,134,Jonesville Police Department,Hispanic,279,2506,74,0.26523297491039427,0.3573752711496746,-0.25783064380156745,0.7421693561984326,Jonesville Police Department - Hispanic,https://nccopwatch.org/agencies/134/search-rate
1600000US3744400,177,Morganton Police Department,Native American,32,16890,7,0.21875,0.2959375840731773,-0.26082386363636356,0.7391761363636364,Morganton Police Department - Native American,https://nccopwatch.org/agencies/177/search-rate
1600000US3702140,13,Asheville Police Department,Native American,302,87583,18,0.059602649006622516,0.0807527324009872,-0.26191167488106104,0.738088325118939,Asheville Police Department - Native American,https://nccopwatch.org/agencies/13/search-rate
1600000US3728000,105,Greensboro Police Department,Hispanic,21871,280559,1565,0.07155594165790316,0.0972072337224893,-0.263882543328168,0.736117456671832,Greensboro Police Department - Hispanic,https://nccopwatch.org/agencies/105/search-rate
1600000US3776200,314,Youngsville Police Department,Native American,4,1673,2,0.5,0.679474216380182,-0.26413690476190477,0.7358630952380952,Youngsville Police Department - Native American,https://nccopwatch.org/agencies/314/search-rate
1600000US3725480,96,Garner Police Department,Native American,90,28020,12,0.13333333333333333,0.1814281139929555,-0.2650900105894812,0.7349099894105189,Garner Police Department - Native American,https://nccopwatch.org/agencies/96/search-rate
0500000US37155,234,Robeson County Sheriff's Office,Other,3344,130026,20,0.005980861244019139,0.008155305380728659,-0.2666293946328271,0.7333706053671729,Robeson County Sheriff's Office - Other,https://nccopwatch.org/agencies/234/search-rate
0500000US37111,166,McDowell County Sheriff's Office,Other,622,44833,2,0.003215434083601286,0.004387410920341863,-0.26712265115328143,0.7328773488467186,McDowell County Sheriff's Office - Other,https://nccopwatch.org/agencies/166/search-rate
0500000US37125,175,Moore County Sheriff's Office,Asian,1024,93276,4,0.00390625,0.00533689126084056,-0.26806640624999994,0.73193359375,Moore County Sheriff's Office - Asian,https://nccopwatch.org/agencies/175/search-rate
1600000US3745640,182,Murfreesboro Police Department,Other,45,2846,2,0.044444444444444446,0.060955518945634266,-0.2708708708708708,0.7291291291291292,Murfreesboro Police Department - Other,https://nccopwatch.org/agencies/182/search-rate
1600000US3765530,264,Sugar Mountain Police Department,Native American,6,495,1,0.16666666666666666,0.2288135593220339,-0.271604938271605,0.728395061728395,Sugar Mountain Police Department - Native American,https://nccopwatch.org/agencies/264/search-rate
1600000US3716400,73,Davidson Police Department,Other,278,12215,30,0.1079136690647482,0.14840319361277446,-0.2728345904312193,0.7271654095687807,Davidson Police Department - Other,https://nccopwatch.org/agencies/73/search-rate
1600000US3759280,245,Sanford Police Department,Native American,85,29004,4,0.047058823529411764,0.06519421172886519,-0.27817482133040133,0.7218251786695986,Sanford Police Department - Native American,https://nccopwatch.org/agencies/245/search-rate
0500000US37067,92,Forsyth County Sheriff's Office,Black,93129,364842,1733,0.018608596677726595,0.025793613010111783,-0.27855796431343177,0.7214420356865683,Forsyth County Sheriff's Office - Black,https://nccopwatch.org/agencies/92/search-rate
1600000US3722920,89,Fayetteville Police Department,Asian,5783,204903,635,0.10980459968874287,0.15245526269942009,-0.2797585485439556,0.7202414514560445,Fayetteville Police Department - Asian,https://nccopwatch.org/agencies/89/search-rate
1600000US3767420,272,Thomasville Police Department,Native American,67,26841,4,0.05970149253731343,0.0829686469636113,-0.28043309464239496,0.719566905357605,Thomasville Police Department - Native American,https://nccopwatch.org/agencies/272/search-rate
1600000US3741960,163,Matthews Police Department,Native American,78,29305,8,0.10256410256410256,0.1425982407284622,-0.28074777051838434,0.7192522294816157,Matthews Police Department - Native American,https://nccopwatch.org/agencies/163/search-rate
1600000US3709060,36,Burlington Police Department,Native American,87,52731,8,0.09195402298850575,0.12808886873724779,-0.2821076187569932,0.7178923812430068,Burlington Police Department - Native American,https://nccopwatch.org/agencies/36/search-rate
0500000US37055,71,Dare County Sheriff's Office,Hispanic,2360,35321,165,0.06991525423728813,0.09741704556447713,-0.2823098480130612,0.7176901519869388,Dare County Sheriff's Office - Hispanic,https://nccopwatch.org/agencies/71/search-rate
0500000US37135,209,Orange County Sheriff's Office,Native American,505,139213,3,0.005940594059405941,0.008289366778768525,-0.283347664791293,0.7166523352087071,Orange County Sheriff's Office - Native American,https://nccopwatch.org/agencies/209/search-rate
0500000US37059,74,Davie County Sheriff's Office,Other,875,41764,12,0.013714285714285714,0.019153511005488597,-0.28398058662165016,0.7160194133783498,Davie County Sheriff's Office - Other,https://nccopwatch.org/agencies/74/search-rate
1600000US3748920,207,Old Fort Police Department,Native American,2,954,1,0.5,0.6984687868080094,-0.2841483979763912,0.7158516020236088,Old Fort Police Department - Native American,https://nccopwatch.org/agencies/207/search-rate
1600000US3760080,336,Seagrove Police Department,Other,3,296,1,0.3333333333333333,0.4664310954063604,-0.28535353535353536,0.7146464646464646,Seagrove Police Department - Other,https://nccopwatch.org/agencies/336/search-rate
0500000US37071,98,Gaston County Sheriff's Office,Asian,3082,214110,2,0.0006489292667099286,0.0009089117847086715,-0.2860371296451764,0.7139628703548235,Gaston County Sheriff's Office - Asian,https://nccopwatch.org/agencies/98/search-rate
0500000US37191,299,Wayne County Sheriff's Office,Asian,1303,121472,7,0.005372217958557176,0.0075247284422598456,-0.28605822791077656,0.7139417720892234,Wayne County Sheriff's Office - Asian,https://nccopwatch.org/agencies/299/search-rate
1600000US3744400,177,Morganton Police Department,Hispanic,3049,16890,643,0.21088881600524761,0.2959375840731773,-0.2873875190077223,0.7126124809922777,Morganton Police Department - Hispanic,https://nccopwatch.org/agencies/177/search-rate
1600000US3735460,136,Kenansville Police Department,Other,39,984,4,0.10256410256410256,0.14444444444444443,-0.28994082840236685,0.7100591715976332,Kenansville Police Department - Other,https://nccopwatch.org/agencies/136/search-rate
1600000US3766500,269,Sylva Police Department,Hispanic,219,2669,45,0.2054794520547945,0.2895125553914328,-0.29025719876991896,0.709742801230081,Sylva Police Department - Hispanic,https://nccopwatch.org/agencies/269/search-rate
0500000US37171,267,Surry County Sheriff's Office,Native American,232,72524,1,0.004310344827586207,0.0060745980286210175,-0.2904312668463612,0.7095687331536388,Surry County Sheriff's Office - Native American,https://nccopwatch.org/agencies/267/search-rate
1600000US3725300,95,Fuquay-Varina Police Department,Asian,540,24221,61,0.11296296296296296,0.15929257323447185,-0.29084601579832403,0.709153984201676,Fuquay-Varina Police Department - Asian,https://nccopwatch.org/agencies/95/search-rate
1600000US3737760,149,Lenoir Police Department,Asian,123,18062,17,0.13821138211382114,0.19543297746144722,-0.29279395980606243,0.7072060401939375,Lenoir Police Department - Asian,https://nccopwatch.org/agencies/149/search-rate
0500000US37163,244,Sampson County Sheriff's Office,Other,1277,62629,5,0.003915426781519186,0.00554016620498615,-0.29326546593578695,0.706734534064213,Sampson County Sheriff's Office - Other,https://nccopwatch.org/agencies/244/search-rate
1600000US3744900,180,Mount Gilead Police Department,Native American,10,1360,2,0.2,0.2830188679245283,-0.2933333333333333,0.7066666666666668,Mount Gilead Police Department - Native American,https://nccopwatch.org/agencies/180/search-rate
1600000US3709360,37,Butner Public Safety,Asian,57,7673,6,0.10526315789473684,0.1497005988023952,-0.29684210526315785,0.7031578947368422,Butner Public Safety - Asian,https://nccopwatch.org/agencies/37/search-rate
1600000US3738320,152,Lincolnton Police Department,Hispanic,1780,10759,107,0.060112359550561795,0.08563413553816625,-0.2980327392483534,0.7019672607516466,Lincolnton Police Department - Hispanic,https://nccopwatch.org/agencies/152/search-rate
1600000US3706140,317,Black Mountain Police Department,Native American,23,8090,2,0.08695652173913043,0.12412440459512468,-0.299440573167141,0.700559426832859,Black Mountain Police Department - Native American,https://nccopwatch.org/agencies/317/search-rate
0500000US37021,32,Buncombe County Sheriff's Office,Native American,762,249975,6,0.007874015748031496,0.011262573674808709,-0.3008688799396259,0.699131120060374,Buncombe County Sheriff's Office - Native American,https://nccopwatch.org/agencies/32/search-rate
1600000US3755000,225,Raleigh Police Department,Other,10940,434086,659,0.060237659963436926,0.08635636803664809,-0.3024526003933706,0.6975473996066295,Raleigh Police Department - Other,https://nccopwatch.org/agencies/225/search-rate
1600000US3737220,145,Laurinburg Police Department,Hispanic,429,15507,14,0.03263403263403263,0.04691797443779324,-0.30444498030704936,0.6955550196929506,Laurinburg Police Department - Hispanic,https://nccopwatch.org/agencies/145/search-rate
0500000US37075,327,Graham County Sheriff's Office,Native American,661,8493,17,0.025718608169440244,0.037066881547139406,-0.30615667960271,0.69384332039729,Graham County Sheriff's Office - Native American,https://nccopwatch.org/agencies/327/search-rate
0500000US37035,50,Catawba County Sheriff's Office,Asian,5971,156487,29,0.004856807904873556,0.007042194552138198,-0.3103275024688292,0.6896724975311708,Catawba County Sheriff's Office - Asian,https://nccopwatch.org/agencies/50/search-rate
1600000US3743480,170,Mint Hill Police Department,Other,686,24613,24,0.03498542274052478,0.05076367675645654,-0.31081779382587665,0.6891822061741233,Mint Hill Police Department - Other,https://nccopwatch.org/agencies/170/search-rate
1600000US3741620,161,Mars Hill Police Department,Other,23,2512,2,0.08695652173913043,0.12621809744779583,-0.31106138107416886,0.6889386189258311,Mars Hill Police Department - Other,https://nccopwatch.org/agencies/161/search-rate
1600000US3700680,3,Albemarle Police Department,Hispanic,844,16006,84,0.0995260663507109,0.14448204549727392,-0.31115270407360923,0.6888472959263907,Albemarle Police Department - Hispanic,https://nccopwatch.org/agencies/3/search-rate
0500000US37093,121,Hoke County Sheriff's Office,Asian,660,50245,10,0.015151515151515152,0.022068691286843283,-0.31343843843843844,0.6865615615615616,Hoke County Sheriff's Office - Asian,https://nccopwatch.org/agencies/121/search-rate
1600000US3761060,249,Sharpsburg Police Department,Black,1234,1959,32,0.02593192868719611,0.037800687285223365,-0.31398261382053927,0.6860173861794607,Sharpsburg Police Department - Black,https://nccopwatch.org/agencies/249/search-rate
1600000US3744960,181,Mount Holly Police Department,Asian,456,14651,26,0.05701754385964912,0.08312271833754563,-0.3140558321479374,0.6859441678520626,Mount Holly Police Department - Asian,https://nccopwatch.org/agencies/181/search-rate
0500000US37069,94,Franklin County Sheriff's Office,Other,1647,63754,6,0.0036429872495446266,0.00532916914534999,-0.3164061507180073,0.6835938492819926,Franklin County Sheriff's Office - Other,https://nccopwatch.org/agencies/94/search-rate
1600000US3725480,96,Garner Police Department,Asian,468,28020,58,0.12393162393162394,0.1814281139929555,-0.31691058676586387,0.6830894132341361,Garner Police Department - Asian,https://nccopwatch.org/agencies/96/search-rate
0500000US37023,35,Burke County Sheriff's Office,Asian,3139,89515,17,0.00541573749601784,0.007942130071111353,-0.31810012584445013,0.6818998741555499,Burke County Sheriff's Office - Asian,https://nccopwatch.org/agencies/35/search-rate
0500000US37133,208,Onslow County Sheriff's Office,Hispanic,21719,187333,132,0.006077627883420047,0.008934609478801188,-0.3197656934150053,0.6802343065849947,Onslow County Sheriff's Office - Hispanic,https://nccopwatch.org/agencies/208/search-rate
1600000US3722920,89,Fayetteville Police Department,Hispanic,22901,204903,2355,0.10283393738264704,0.15245526269942009,-0.32548122274142915,0.6745187772585708,Fayetteville Police Department - Hispanic,https://nccopwatch.org/agencies/89/search-rate
1600000US3776220,315,Zebulon Police Department,Asian,59,5339,10,0.1694915254237288,0.25145154086645827,-0.3259475569738388,0.6740524430261612,Zebulon Police Department - Asian,https://nccopwatch.org/agencies/315/search-rate
1600000US3737220,145,Laurinburg Police Department,Other,348,15507,11,0.031609195402298854,0.04691797443779324,-0.32628814902893377,0.6737118509710662,Laurinburg Police Department - Other,https://nccopwatch.org/agencies/145/search-rate
1600000US3709360,37,Butner Public Safety,Native American,20,7673,2,0.1,0.1497005988023952,-0.3319999999999999,0.6680000000000001,Butner Public Safety - Native American,https://nccopwatch.org/agencies/37/search-rate
1600000US3775060,342,Winterville Police Department,Asian,165,9277,11,0.06666666666666667,0.10022564874012786,-0.33483427141963723,0.6651657285803627,Winterville Police Department - Asian,https://nccopwatch.org/agencies/342/search-rate
1600000US3768580,276,Tryon Police Department,Black,243,1626,15,0.06172839506172839,0.09293680297397769,-0.3358024691358025,0.6641975308641975,Tryon Police Department - Black,https://nccopwatch.org/agencies/276/search-rate
1600000US3756360,229,Richlands Police Department,Hispanic,208,2239,102,0.49038461538461536,0.7395437262357415,-0.3369092347241448,0.6630907652758552,Richlands Police Department - Hispanic,https://nccopwatch.org/agencies/229/search-rate
1600000US3704510,21,Beech Mountain Police Department,Other,9,639,2,0.2222222222222222,0.3360655737704918,-0.33875338753387535,0.6612466124661247,Beech Mountain Police Department - Other,https://nccopwatch.org/agencies/21/search-rate
0500000US37051,69,Cumberland County Sheriff's Office,Hispanic,34701,326162,218,0.006282239704907639,0.009516143335629942,-0.33983343006342254,0.6601665699365775,Cumberland County Sheriff's Office - Hispanic,https://nccopwatch.org/agencies/69/search-rate
0500000US37061,78,Duplin County Sheriff's Office,Other,984,56460,5,0.00508130081300813,0.007773610637572452,-0.3463396805020682,0.6536603194979318,Duplin County Sheriff's Office - Other,https://nccopwatch.org/agencies/78/search-rate
1600000US3711800,51,Chapel Hill Police Department,Asian,7205,58429,365,0.05065926439972242,0.07751686235323507,-0.34647426557496347,0.6535257344250365,Chapel Hill Police Department - Asian,https://nccopwatch.org/agencies/51/search-rate
0500000US37189,297,Watauga County Sheriff's Office,Other,979,52378,3,0.0030643513789581204,0.0047035318112759895,-0.3484999141258464,0.6515000858741535,Watauga County Sheriff's Office - Other,https://nccopwatch.org/agencies/297/search-rate
1600000US3775820,311,Wrightsville Beach Police Department,Other,29,2579,14,0.4827586206896552,0.7450980392156863,-0.35208711433756806,0.6479128856624319,Wrightsville Beach Police Department - Other,https://nccopwatch.org/agencies/311/search-rate
0500000US37071,98,Gaston County Sheriff's Office,Other,5141,214110,3,0.000583544057576347,0.0009089117847086715,-0.3579750341080822,0.6420249658919178,Gaston County Sheriff's Office - Other,https://nccopwatch.org/agencies/98/search-rate
1600000US3758860,242,Salisbury Police Department,Hispanic,3362,33743,178,0.0529446757882213,0.08259212198221093,-0.35896215622568983,0.6410378437743102,Salisbury Police Department - Hispanic,https://nccopwatch.org/agencies/242/search-rate
1600000US3752220,221,Pineville Police Department,Asian,418,8477,72,0.1722488038277512,0.2692492781520693,-0.36026270892928147,0.6397372910707185,Pineville Police Department - Asian,https://nccopwatch.org/agencies/221/search-rate
1600000US3738060,150,Lexington Police Department,Black,5470,19193,985,0.180073126142596,0.2816686635442762,-0.3606916585014796,0.6393083414985203,Lexington Police Department - Black,https://nccopwatch.org/agencies/150/search-rate
1600000US3774440,306,Wilmington Police Department,Asian,1484,112574,99,0.06671159029649595,0.10440092337478592,-0.36100574458513257,0.6389942554148674,Wilmington Police Department - Asian,https://nccopwatch.org/agencies/306/search-rate
1600000US3701520,8,Apex Police Department,Asian,4262,46517,388,0.09103707179727827,0.142713180592193,-0.3620976603596321,0.6379023396403679,Apex Police Department - Asian,https://nccopwatch.org/agencies/8/search-rate
1600000US3755900,228,Reidsville Police Department,Asian,93,14289,11,0.11827956989247312,0.18548494095794082,-0.36232251911332625,0.6376774808866738,Reidsville Police Department - Asian,https://nccopwatch.org/agencies/228/search-rate
1600000US3746340,198,New Bern Police Department,Hispanic,1711,29869,125,0.07305669199298656,0.11480804387568556,-0.3636622528636362,0.6363377471363638,New Bern Police Department - Hispanic,https://nccopwatch.org/agencies/198/search-rate
0500000US37029,40,Camden County Sheriff's Office,Asian,172,10207,9,0.05232558139534884,0.08223039215686274,-0.3636710220774269,0.6363289779225731,Camden County Sheriff's Office - Asian,https://nccopwatch.org/agencies/40/search-rate
1600000US3731060,117,Hickory Police Department,Hispanic,5247,40901,565,0.10768057937869259,0.16926913901539797,-0.3638499019664939,0.6361500980335061,Hickory Police Department - Hispanic,https://nccopwatch.org/agencies/117/search-rate
0500000US37133,208,Onslow County Sheriff's Office,Asian,3531,187333,20,0.005664117813650524,0.008934609478801188,-0.3660475226041425,0.6339524773958576,Onslow County Sheriff's Office - Asian,https://nccopwatch.org/agencies/208/search-rate
1600000US3747880,205,North Wilkesboro Police Department,Hispanic,554,4248,75,0.13537906137184116,0.21362126245847177,-0.3662659802033563,0.6337340197966437,North Wilkesboro Police Department - Hispanic,https://nccopwatch.org/agencies/205/search-rate
0500000US37179,285,Union County Sheriff's Office,Asian,5411,216866,25,0.004620218074293107,0.007306770179244206,-0.3676798419885418,0.6323201580114581,Union County Sheriff's Office - Asian,https://nccopwatch.org/agencies/285/search-rate
1600000US3733120,126,Huntersville Police Department,Asian,1630,52035,99,0.06073619631901841,0.09626042238753807,-0.3690429066008197,0.6309570933991804,Huntersville Police Department - Asian,https://nccopwatch.org/agencies/126/search-rate
0500000US37109,151,Lincoln County Sheriff's Office,Native American,188,80939,2,0.010638297872340425,0.016929151065720655,-0.3715988574358223,0.6284011425641777,Lincoln County Sheriff's Office - Native American,https://nccopwatch.org/agencies/151/search-rate
0500000US37005,5,Alleghany County Sheriff's Office,Other,118,10996,1,0.00847457627118644,0.013510682865521576,-0.3727499671528052,0.6272500328471948,Alleghany County Sheriff's Office - Other,https://nccopwatch.org/agencies/5/search-rate
1600000US3743920,172,Monroe Police Department,Hispanic,9785,33959,958,0.09790495656617271,0.15616841823415223,-0.37308094893182425,0.6269190510681757,Monroe Police Department - Hispanic,https://nccopwatch.org/agencies/172/search-rate
1600000US3773660,341,Whiteville Police Department,Hispanic,232,5267,8,0.034482758620689655,0.05527426160337553,-0.37615161884706505,0.623848381152935,Whiteville Police Department - Hispanic,https://nccopwatch.org/agencies/341/search-rate
1600000US3764180,254,Spring Lake Police Department,Asian,310,12348,18,0.05806451612903226,0.09314550042052144,-0.3766256462535498,0.6233743537464502,Spring Lake Police Department - Asian,https://nccopwatch.org/agencies/254/search-rate
1600000US3760800,248,Shallotte Police Department,Asian,45,3795,4,0.08888888888888889,0.14285714285714285,-0.3777777777777777,0.6222222222222222,Shallotte Police Department - Asian,https://nccopwatch.org/agencies/248/search-rate
1600000US3737760,149,Lenoir Police Department,Hispanic,1789,18062,217,0.12129681386249301,0.19543297746144722,-0.3793431618447247,0.6206568381552753,Lenoir Police Department - Hispanic,https://nccopwatch.org/agencies/149/search-rate
0500000US37029,40,Camden County Sheriff's Office,Other,256,10207,13,0.05078125,0.08223039215686274,-0.382451564828614,0.617548435171386,Camden County Sheriff's Office - Other,https://nccopwatch.org/agencies/40/search-rate
1600000US3710740,46,Cary Police Department,Other,4569,152899,266,0.05821842854016196,0.09436423198252851,-0.38304559559239487,0.6169544044076052,Cary Police Department - Other,https://nccopwatch.org/agencies/46/search-rate
0500000US37043,58,Clay County Sheriff's Office,Native American,49,10761,1,0.02040816326530612,0.03317255635397185,-0.38478774299037133,0.6152122570096287,Clay County Sheriff's Office - Native American,https://nccopwatch.org/agencies/58/search-rate
0500000US37067,92,Forsyth County Sheriff's Office,Hispanic,45344,364842,719,0.015856563161609032,0.025793613010111783,-0.38525234307451084,0.6147476569254892,Forsyth County Sheriff's Office - Hispanic,https://nccopwatch.org/agencies/92/search-rate
1600000US3755900,228,Reidsville Police Department,Native American,44,14289,5,0.11363636363636363,0.18548494095794082,-0.38735531278449736,0.6126446872155027,Reidsville Police Department - Native American,https://nccopwatch.org/agencies/228/search-rate
0500000US37057,72,Davidson County Sheriff's Office,Native American,536,164335,3,0.005597014925373134,0.00913996754594513,-0.38763295413929527,0.6123670458607047,Davidson County Sheriff's Office - Native American,https://nccopwatch.org/agencies/72/search-rate
1600000US3774440,306,Wilmington Police Department,Native American,314,112574,20,0.06369426751592357,0.10440092337478592,-0.3899070481659504,0.6100929518340497,Wilmington Police Department - Native American,https://nccopwatch.org/agencies/306/search-rate
0500000US37133,208,Onslow County Sheriff's Office,Native American,919,187333,5,0.00544069640914037,0.008934609478801188,-0.3910538091173088,0.6089461908826912,Onslow County Sheriff's Office - Native American,https://nccopwatch.org/agencies/208/search-rate
1600000US3714700,66,Cornelius Police Department,Asian,727,27395,55,0.07565337001375516,0.12426009364784875,-0.3911692177847887,0.6088307822152113,Cornelius Police Department - Asian,https://nccopwatch.org/agencies/66/search-rate
1600000US3764180,254,Spring Lake Police Department,Hispanic,2070,12348,117,0.05652173913043478,0.09314550042052144,-0.39318873294729606,0.6068112670527039,Spring Lake Police Department - Hispanic,https://nccopwatch.org/agencies/254/search-rate
0500000US37161,240,Rutherford County Sheriff's Office,Other,1362,66230,7,0.005139500734214391,0.008499095840867993,-0.39528853063392383,0.6047114693660762,Rutherford County Sheriff's Office - Other,https://nccopwatch.org/agencies/240/search-rate
0500000US37007,7,Anson County Sheriff's Office,Other,353,25138,2,0.0056657223796034,0.009383495571340876,-0.3962034364989013,0.6037965635010987,Anson County Sheriff's Office - Other,https://nccopwatch.org/agencies/7/search-rate
1600000US3735600,138,Kernersville Police Department,Asian,505,24214,60,0.1188118811881188,0.197226235192141,-0.39758581776724405,0.602414182232756,Kernersville Police Department - Asian,https://nccopwatch.org/agencies/138/search-rate
1600000US3735460,136,Kenansville Police Department,Asian,23,984,2,0.08695652173913043,0.14444444444444443,-0.39799331103678925,0.6020066889632107,Kenansville Police Department - Asian,https://nccopwatch.org/agencies/136/search-rate
1600000US3724080,316,Forest City Police Department,Hispanic,649,7319,81,0.12480739599383667,0.20769919427036707,-0.3990954253227778,0.6009045746772221,Forest City Police Department - Hispanic,https://nccopwatch.org/agencies/316/search-rate
1600000US3744100,174,Montreat Police Department,Hispanic,13,573,2,0.15384615384615385,0.256198347107438,-0.3995037220843672,0.6004962779156329,Montreat Police Department - Hispanic,https://nccopwatch.org/agencies/174/search-rate
1600000US3744100,174,Montreat Police Department,Black,39,573,6,0.15384615384615385,0.256198347107438,-0.3995037220843672,0.6004962779156329,Montreat Police Department - Black,https://nccopwatch.org/agencies/174/search-rate
0500000US37105,146,Lee County Sheriff's Office,Asian,644,59816,4,0.006211180124223602,0.010359884699905819,-0.4004585664664716,0.5995414335335284,Lee County Sheriff's Office - Asian,https://nccopwatch.org/agencies/146/search-rate
1600000US3768580,276,Tryon Police Department,Other,18,1626,1,0.05555555555555555,0.09293680297397769,-0.4022222222222222,0.5977777777777777,Tryon Police Department - Other,https://nccopwatch.org/agencies/276/search-rate
1600000US3704510,21,Beech Mountain Police Department,Native American,5,639,1,0.2,0.3360655737704918,-0.4048780487804877,0.5951219512195123,Beech Mountain Police Department - Native American,https://nccopwatch.org/agencies/21/search-rate
0500000US37137,210,Pamlico County Sheriff's Office,Other,312,12780,4,0.01282051282051282,0.02158803706823926,-0.40612883051907445,0.5938711694809256,Pamlico County Sheriff's Office - Other,https://nccopwatch.org/agencies/210/search-rate
0500000US37033,49,Caswell County Sheriff's Office,Other,379,23108,3,0.0079155672823219,0.013335224854589304,-0.40641666198843535,0.5935833380115647,Caswell County Sheriff's Office - Other,https://nccopwatch.org/agencies/49/search-rate
0500000US37169,262,Stokes County Sheriff's Office,Other,503,46156,3,0.005964214711729622,0.01014806188654134,-0.41228041586546293,0.5877195841345371,Stokes County Sheriff's Office - Other,https://nccopwatch.org/agencies/262/search-rate
1600000US3715320,68,Creedmoor Police Department,Other,209,4327,17,0.08133971291866028,0.13884156729131175,-0.4141544603281769,0.5858455396718232,Creedmoor Police Department - Other,https://nccopwatch.org/agencies/68/search-rate
1600000US3739700,154,Lumberton Police Department,Other,558,20977,30,0.053763440860215055,0.09178201770794363,-0.414226858345021,0.585773141654979,Lumberton Police Department - Other,https://nccopwatch.org/agencies/154/search-rate
1600000US3748920,207,Old Fort Police Department,Black,66,954,27,0.4090909090909091,0.6984687868080094,-0.4143032347079564,0.5856967652920436,Old Fort Police Department - Black,https://nccopwatch.org/agencies/207/search-rate
0500000US37063,79,Durham County Sheriff's Office,Other,8988,293457,60,0.006675567423230975,0.011420059582919563,-0.41545248737447027,0.5845475126255297,Durham County Sheriff's Office - Other,https://nccopwatch.org/agencies/79/search-rate
0500000US37119,168,Mecklenburg County Sheriff's Office,Asian,53613,1006623,57,0.0010631749762184544,0.0018201816487931806,-0.4158962228174522,0.5841037771825478,Mecklenburg County Sheriff's Office - Asian,https://nccopwatch.org/agencies/168/search-rate
0500000US37197,312,Yadkin County Sheriff's Office,Other,465,37790,2,0.004301075268817204,0.007366022659883268,-0.41609258246765085,0.5839074175323491,Yadkin County Sheriff's Office - Other,https://nccopwatch.org/agencies/312/search-rate
0500000US37031,45,Carteret County Sheriff's Office,Other,1711,67557,3,0.0017533606078316774,0.003007056331049565,-0.4169179374103395,0.5830820625896604,Carteret County Sheriff's Office - Other,https://nccopwatch.org/agencies/45/search-rate
0500000US37049,67,Craven County Sheriff's Office,Asian,2404,102223,14,0.005823627287853577,0.009996019284355787,-0.4174053568536215,0.5825946431463784,Craven County Sheriff's Office - Asian,https://nccopwatch.org/agencies/67/search-rate
1600000US3736080,142,Knightdale Police Department,Asian,388,14154,41,0.1056701030927835,0.1822144725370532,-0.42007842943816903,0.579921570561831,Knightdale Police Department - Asian,https://nccopwatch.org/agencies/142/search-rate
0500000US37167,257,Stanly County Sheriff's Office,Other,1123,61097,6,0.005342831700801425,0.009213709677419355,-0.4201215484469351,0.5798784515530648,Stanly County Sheriff's Office - Other,https://nccopwatch.org/agencies/257/search-rate
1600000US3740560,157,Madison Police Department,Black,654,2300,84,0.12844036697247707,0.22191967324710687,-0.4212303709123656,0.5787696290876344,Madison Police Department - Black,https://nccopwatch.org/agencies/157/search-rate
0500000US37027,39,Caldwell County Sheriff's Office,Native American,204,81599,1,0.004901960784313725,0.008520743120547562,-0.42470266795242684,0.5752973320475732,Caldwell County Sheriff's Office - Native American,https://nccopwatch.org/agencies/39/search-rate
0500000US37177,277,Tyrrell County Sheriff's Office,Hispanic,288,4032,36,0.125,0.21783953384132676,-0.4261831275720165,0.5738168724279835,Tyrrell County Sheriff's Office - Hispanic,https://nccopwatch.org/agencies/277/search-rate
1600000US3766960,271,Taylorsville Police Department,Asian,36,2161,4,0.1111111111111111,0.19370758790869833,-0.42639773531493275,0.5736022646850673,Taylorsville Police Department - Asian,https://nccopwatch.org/agencies/271/search-rate
1600000US3730720,115,Hendersonville Police Department,Asian,128,13682,10,0.078125,0.1362265252505595,-0.4265066964285714,0.5734933035714286,Hendersonville Police Department - Asian,https://nccopwatch.org/agencies/115/search-rate
0500000US37139,212,Pasquotank County Sheriff's Office,Hispanic,1902,40132,15,0.007886435331230283,0.013762092928191852,-0.42694506043664304,0.573054939563357,Pasquotank County Sheriff's Office - Hispanic,https://nccopwatch.org/agencies/212/search-rate
1600000US3735200,135,Kannapolis Police Department,Asian,731,46668,66,0.09028727770177838,0.15872466975586141,-0.43117048004792435,0.5688295199520756,Kannapolis Police Department - Asian,https://nccopwatch.org/agencies/135/search-rate
0500000US37065,83,Edgecombe County Sheriff's Office,Other,904,53509,5,0.0055309734513274336,0.009749162181375039,-0.4326719210914455,0.5673280789085545,Edgecombe County Sheriff's Office - Other,https://nccopwatch.org/agencies/83/search-rate
1600000US3717340,319,Dobson Police Department,Black,118,1604,42,0.3559322033898305,0.6277372262773723,-0.43299172250689794,0.567008277493102,Dobson Police Department - Black,https://nccopwatch.org/agencies/319/search-rate
1600000US3701520,8,Apex Police Department,Other,1545,46517,125,0.08090614886731391,0.142713180592193,-0.43308565801987453,0.5669143419801255,Apex Police Department - Other,https://nccopwatch.org/agencies/8/search-rate
1600000US3745660,183,Murphy Police Department,Black,120,1978,16,0.13333333333333333,0.23533045089561458,-0.43342082239720037,0.5665791776027996,Murphy Police Department - Black,https://nccopwatch.org/agencies/183/search-rate
1600000US3771860,340,Wendell Police Department,Other,98,7168,10,0.10204081632653061,0.1802268244575937,-0.4338200396437645,0.5661799603562355,Wendell Police Department - Other,https://nccopwatch.org/agencies/340/search-rate
0500000US37141,214,Pender County Sheriff's Office,Other,1296,56445,10,0.007716049382716049,0.01376759723216416,-0.43955003530393477,0.5604499646960652,Pender County Sheriff's Office - Other,https://nccopwatch.org/agencies/214/search-rate
0500000US37129,199,New Hanover County Sheriff's Office,Asian,2835,214924,23,0.008112874779541446,0.01448713835126316,-0.43999466403700976,0.5600053359629902,New Hanover County Sheriff's Office - Asian,https://nccopwatch.org/agencies/199/search-rate
1600000US3710960,47,Caswell Beach Police Department,Asian,16,490,2,0.125,0.22342733188720174,-0.4405339805825243,0.5594660194174756,Caswell Beach Police Department - Asian,https://nccopwatch.org/agencies/47/search-rate
1600000US3756900,231,Roanoke Rapids Police Department,Hispanic,635,15397,51,0.08031496062992126,0.14382950234322694,-0.44159606115953887,0.5584039388404611,Roanoke Rapids Police Department - Hispanic,https://nccopwatch.org/agencies/231/search-rate
1600000US3755000,225,Raleigh Police Department,Asian,19453,434086,936,0.04811597182953786,0.08635636803664809,-0.44282080264053825,0.5571791973594618,Raleigh Police Department - Asian,https://nccopwatch.org/agencies/225/search-rate
0500000US37139,212,Pasquotank County Sheriff's Office,Asian,522,40132,4,0.007662835249042145,0.013762092928191852,-0.44319259512158116,0.5568074048784188,Pasquotank County Sheriff's Office - Asian,https://nccopwatch.org/agencies/212/search-rate
1600000US3731620,120,Hillsborough Police Department,Asian,175,7057,18,0.10285714285714286,0.18567518248175183,-0.44603720603720604,0.553962793962794,Hillsborough Police Department - Asian,https://nccopwatch.org/agencies/120/search-rate
1600000US3700680,3,Albemarle Police Department,Asian,414,16006,33,0.07971014492753623,0.14448204549727392,-0.44830414981188654,0.5516958501881135,Albemarle Police Department - Asian,https://nccopwatch.org/agencies/3/search-rate
1600000US3744960,181,Mount Holly Police Department,Other,262,14651,12,0.04580152671755725,0.08312271833754563,-0.4489890654012791,0.5510109345987209,Mount Holly Police Department - Other,https://nccopwatch.org/agencies/181/search-rate
1600000US3718320,77,Dunn Police Department,Native American,71,9363,19,0.2676056338028169,0.48688634835238737,-0.4503735117889659,0.5496264882110341,Dunn Police Department - Native American,https://nccopwatch.org/agencies/77/search-rate
1600000US3725300,95,Fuquay-Varina Police Department,Other,755,24221,66,0.08741721854304636,0.15929257323447185,-0.45121598095868565,0.5487840190413144,Fuquay-Varina Police Department - Other,https://nccopwatch.org/agencies/95/search-rate
0500000US37145,216,Person County Sheriff's Office,Other,734,39117,4,0.005449591280653951,0.009940281256020035,-0.4517668926768478,0.5482331073231522,Person County Sheriff's Office - Other,https://nccopwatch.org/agencies/216/search-rate
0500000US37175,274,Transylvania County Sheriff's Office,Other,712,32906,4,0.0056179775280898875,0.010272352503885923,-0.45309727971614433,0.5469027202838557,Transylvania County Sheriff's Office - Other,https://nccopwatch.org/agencies/274/search-rate
1600000US3727280,102,Graham Police Department,Native American,48,14983,4,0.08333333333333333,0.1524390243902439,-0.45333333333333337,0.5466666666666666,Graham Police Department - Native American,https://nccopwatch.org/agencies/102/search-rate
0500000US37163,244,Sampson County Sheriff's Office,Native American,991,62629,3,0.0030272452068617556,0.00554016620498615,-0.4535822401614531,0.5464177598385469,Sampson County Sheriff's Office - Native American,https://nccopwatch.org/agencies/244/search-rate
0500000US37135,209,Orange County Sheriff's Office,Other,3989,139213,18,0.004512409125094008,0.008289366778768525,-0.4556388629525239,0.5443611370474761,Orange County Sheriff's Office - Other,https://nccopwatch.org/agencies/209/search-rate
1600000US3714340,65,Conover Police Department,Asian,539,8204,52,0.09647495361781076,0.17766497461928935,-0.45698383249403657,0.5430161675059635,Conover Police Department - Asian,https://nccopwatch.org/agencies/65/search-rate
1600000US3710620,44,Carrboro Police Department,Asian,1870,20425,98,0.052406417112299465,0.09654068881438586,-0.45715720743345056,0.5428427925665494,Carrboro Police Department - Asian,https://nccopwatch.org/agencies/44/search-rate
1600000US3771460,298,Waxhaw Police Department,Asian,543,13189,44,0.08103130755064457,0.15038051750380518,-0.4611582078869081,0.5388417921130919,Waxhaw Police Department - Asian,https://nccopwatch.org/agencies/298/search-rate
0500000US37039,54,Cherokee County Sheriff's Office,Other,615,27668,3,0.004878048780487805,0.009089112823552658,-0.46330858960763527,0.5366914103923648,Cherokee County Sheriff's Office - Other,https://nccopwatch.org/agencies/54/search-rate
1600000US3764580,259,Star Police Department,Black,164,995,17,0.10365853658536585,0.19318181818181818,-0.4634146341463415,0.5365853658536586,Star Police Department - Black,https://nccopwatch.org/agencies/259/search-rate
1600000US3737220,145,Laurinburg Police Department,Asian,200,15507,5,0.025,0.04691797443779324,-0.4671551724137931,0.5328448275862069,Laurinburg Police Department - Asian,https://nccopwatch.org/agencies/145/search-rate
0500000US37091,116,Hertford County Sheriff's Office,Native American,246,23640,2,0.008130081300813009,0.015260436372808677,-0.4672445071558153,0.5327554928441847,Hertford County Sheriff's Office - Native American,https://nccopwatch.org/agencies/116/search-rate
0500000US37185,293,Warren County Sheriff's Office,Native American,929,20041,5,0.005382131324004306,0.010108966784823422,-0.4675883857799897,0.5324116142200104,Warren County Sheriff's Office - Native American,https://nccopwatch.org/agencies/293/search-rate
1600000US3758860,242,Salisbury Police Department,Native American,91,33743,4,0.04395604395604396,0.08259212198221093,-0.4677937447168216,0.5322062552831783,Salisbury Police Department - Native American,https://nccopwatch.org/agencies/242/search-rate
1600000US3743920,172,Monroe Police Department,Asian,349,33959,29,0.0830945558739255,0.15616841823415223,-0.4679170294896815,0.5320829705103185,Monroe Police Department - Asian,https://nccopwatch.org/agencies/172/search-rate
1600000US3710740,46,Cary Police Department,Asian,24928,152899,1249,0.050104300385109116,0.09436423198252851,-0.46903292346632036,0.5309670765336796,Cary Police Department - Asian,https://nccopwatch.org/agencies/46/search-rate
0500000US37131,203,Northampton County Sheriff's Office,Other,530,20289,2,0.0037735849056603774,0.0071129175663660615,-0.46947439353099735,0.5305256064690027,Northampton County Sheriff's Office - Other,https://nccopwatch.org/agencies/203/search-rate
1600000US3706140,317,Black Mountain Police Department,Asian,76,8090,5,0.06578947368421052,0.12412440459512468,-0.4699714862777712,0.5300285137222288,Black Mountain Police Department - Asian,https://nccopwatch.org/agencies/317/search-rate
1600000US3758860,242,Salisbury Police Department,Asian,367,33743,16,0.043596730245231606,0.08259212198221093,-0.4721442045692727,0.5278557954307272,Salisbury Police Department - Asian,https://nccopwatch.org/agencies/242/search-rate
0500000US37091,116,Hertford County Sheriff's Office,Other,625,23640,5,0.008,0.015260436372808677,-0.4757685950413223,0.5242314049586777,Hertford County Sheriff's Office - Other,https://nccopwatch.org/agencies/116/search-rate
1600000US3741620,161,Mars Hill Police Department,Hispanic,106,2512,7,0.0660377358490566,0.12621809744779583,-0.4767966148723641,0.5232033851276359,Mars Hill Police Department - Hispanic,https://nccopwatch.org/agencies/161/search-rate
1600000US3719000,80,Durham Police Department,Asian,12904,252306,301,0.02332610043397396,0.04460020716217983,-0.47699569311072454,0.5230043068892755,Durham Police Department - Asian,https://nccopwatch.org/agencies/80/search-rate
1600000US3776200,314,Youngsville Police Department,Other,31,1673,11,0.3548387096774194,0.679474216380182,-0.47777457757296465,0.5222254224270353,Youngsville Police Department - Other,https://nccopwatch.org/agencies/314/search-rate
1600000US3732640,125,Hope Mills Police Department,Asian,262,15889,25,0.09541984732824428,0.18312121586556282,-0.4789252196845607,0.5210747803154393,Hope Mills Police Department - Asian,https://nccopwatch.org/agencies/125/search-rate
1600000US3747000,201,Newton Police Department,Native American,35,13057,2,0.05714285714285714,0.10988628452077048,-0.47998189772213007,0.5200181022778699,Newton Police Department - Native American,https://nccopwatch.org/agencies/201/search-rate
1600000US3735880,139,Kings Mountain Police Department,Other,275,10938,23,0.08363636363636363,0.16167361901150298,-0.4826839149904045,0.5173160850095955,Kings Mountain Police Department - Other,https://nccopwatch.org/agencies/139/search-rate
1600000US3720080,82,Eden Police Department,Native American,54,15366,4,0.07407407407407407,0.14333502280790675,-0.48321022578448325,0.5167897742155168,Eden Police Department - Native American,https://nccopwatch.org/agencies/82/search-rate
1600000US3744520,178,Morrisville Police Department,Asian,8340,22782,746,0.0894484412470024,0.17333892265772374,-0.4839679405206186,0.5160320594793815,Morrisville Police Department - Asian,https://nccopwatch.org/agencies/178/search-rate
1600000US3714700,66,Cornelius Police Department,Other,563,27395,36,0.06394316163410302,0.12426009364784875,-0.48540871202530245,0.5145912879746976,Cornelius Police Department - Other,https://nccopwatch.org/agencies/66/search-rate
0500000US37195,307,Wilson County Sheriff's Office,Asian,636,80375,4,0.006289308176100629,0.012224875415282391,-0.4855319205757854,0.5144680794242146,Wilson County Sheriff's Office - Asian,https://nccopwatch.org/agencies/307/search-rate
0500000US37003,4,Alexander County Sheriff's Office,Other,663,36924,2,0.0030165912518853697,0.0058721183123097,-0.4862856823641137,0.5137143176358863,Alexander County Sheriff's Office - Other,https://nccopwatch.org/agencies/4/search-rate
1600000US3717340,319,Dobson Police Department,Asian,28,1604,9,0.32142857142857145,0.6277372262773723,-0.4879568106312292,0.5120431893687708,Dobson Police Department - Asian,https://nccopwatch.org/agencies/319/search-rate
1600000US3734200,131,Jacksonville Police Department,Asian,1904,71529,181,0.09506302521008403,0.1863033518205932,-0.48974066069606725,0.5102593393039327,Jacksonville Police Department - Asian,https://nccopwatch.org/agencies/131/search-rate
1600000US3768500,275,Troutman Police Department,Native American,11,2789,2,0.18181818181818182,0.35696073431922487,-0.4906493506493506,0.5093506493506494,Troutman Police Department - Native American,https://nccopwatch.org/agencies/275/search-rate
1600000US3735600,138,Kernersville Police Department,Native American,90,24214,9,0.1,0.197226235192141,-0.49296806328743037,0.5070319367125696,Kernersville Police Department - Native American,https://nccopwatch.org/agencies/138/search-rate
1600000US3704840,22,Belmont Police Department,Asian,407,11505,26,0.06388206388206388,0.1263101604278075,-0.49424445614115387,0.5057555438588461,Belmont Police Department - Asian,https://nccopwatch.org/agencies/22/search-rate
0500000US37049,67,Craven County Sheriff's Office,Native American,396,102223,2,0.005050505050505051,0.009996019284355787,-0.4947483686421739,0.5052516313578261,Craven County Sheriff's Office - Native American,https://nccopwatch.org/agencies/67/search-rate
1600000US3728080,106,Greenville Police Department,Other,2301,87098,114,0.04954367666232073,0.09866928446771378,-0.49788146402812683,0.5021185359718732,Greenville Police Department - Other,https://nccopwatch.org/agencies/106/search-rate
1600000US3751080,213,Pembroke Police Department,Other,163,2950,5,0.03067484662576687,0.061124694376528114,-0.49815950920245394,0.501840490797546,Pembroke Police Department - Other,https://nccopwatch.org/agencies/213/search-rate
1600000US3767420,272,Thomasville Police Department,Other,675,26841,28,0.04148148148148148,0.0829686469636113,-0.5000342539070863,0.49996574609291367,Thomasville Police Department - Other,https://nccopwatch.org/agencies/272/search-rate
1600000US3738680,153,Littleton Police Department,Other,36,572,4,0.1111111111111111,0.22262773722627738,-0.5009107468123862,0.49908925318761377,Littleton Police Department - Other,https://nccopwatch.org/agencies/153/search-rate
0500000US37051,69,Cumberland County Sheriff's Office,Asian,7592,326162,36,0.004741833508956797,0.009516143335629942,-0.5017063802304633,0.4982936197695367,Cumberland County Sheriff's Office - Asian,https://nccopwatch.org/agencies/69/search-rate
1600000US3703020,17,Bailey Police Department,Hispanic,80,556,7,0.0875,0.17575757575757575,-0.5021551724137931,0.49784482758620685,Bailey Police Department - Hispanic,https://nccopwatch.org/agencies/17/search-rate
0500000US37039,54,Cherokee County Sheriff's Office,Native American,442,27668,2,0.004524886877828055,0.009089112823552658,-0.5021640763328743,0.4978359236671257,Cherokee County Sheriff's Office - Native American,https://nccopwatch.org/agencies/54/search-rate
0500000US37081,107,Guilford County Sheriff's Office,Asian,23156,509903,174,0.007514251166004491,0.015109453714769822,-0.5026788322162073,0.49732116778379265,Guilford County Sheriff's Office - Asian,https://nccopwatch.org/agencies/107/search-rate
1600000US3710960,47,Caswell Beach Police Department,Hispanic,9,490,1,0.1111111111111111,0.22342733188720174,-0.5026968716289105,0.4973031283710895,Caswell Beach Police Department - Hispanic,https://nccopwatch.org/agencies/47/search-rate
0500000US37139,212,Pasquotank County Sheriff's Office,Other,878,40132,6,0.00683371298405467,0.013762092928191852,-0.5034394100002255,0.4965605899997745,Pasquotank County Sheriff's Office - Other,https://nccopwatch.org/agencies/212/search-rate
0500000US37089,113,Henderson County Sheriff's Office,Asian,1241,110637,14,0.011281224818694601,0.02282541640962369,-0.5057603937539473,0.4942396062460527,Henderson County Sheriff's Office - Asian,https://nccopwatch.org/agencies/113/search-rate
1600000US3730660,114,Henderson Police Department,Native American,54,15235,4,0.07407407407407407,0.15027387473207907,-0.5070728414626988,0.4929271585373012,Henderson Police Department - Native American,https://nccopwatch.org/agencies/114/search-rate
1600000US3747880,205,North Wilkesboro Police Department,Asian,19,4248,2,0.10526315789473684,0.21362126245847177,-0.5072440042563642,0.4927559957436358,North Wilkesboro Police Department - Asian,https://nccopwatch.org/agencies/205/search-rate
1600000US3735540,137,Kenly Police Department,Other,47,1861,6,0.1276595744680851,0.26082251082251084,-0.5105500132426946,0.48944998675730544,Kenly Police Department - Other,https://nccopwatch.org/agencies/137/search-rate
1600000US3731060,117,Hickory Police Department,Asian,1610,40901,133,0.08260869565217391,0.16926913901539797,-0.5119683591900399,0.4880316408099601,Hickory Police Department - Asian,https://nccopwatch.org/agencies/117/search-rate
1600000US3752660,223,Pittsboro Police Department,Other,131,3973,14,0.10687022900763359,0.21908548707753478,-0.5121985009905654,0.4878014990094346,Pittsboro Police Department - Other,https://nccopwatch.org/agencies/223/search-rate
1600000US3731360,118,Highlands Police Department,Asian,28,1099,3,0.10714285714285714,0.22076612903225806,-0.5146771037181996,0.48532289628180036,Highlands Police Department - Asian,https://nccopwatch.org/agencies/118/search-rate
0500000US37011,16,Avery County Sheriff's Office,Black,691,17697,5,0.00723589001447178,0.014940886059503703,-0.5156987352922671,0.48430126470773294,Avery County Sheriff's Office - Black,https://nccopwatch.org/agencies/16/search-rate
1600000US3734200,131,Jacksonville Police Department,Hispanic,10844,71529,977,0.09009590556990041,0.1863033518205932,-0.5164021221869312,0.48359787781306884,Jacksonville Police Department - Hispanic,https://nccopwatch.org/agencies/131/search-rate
1600000US3702140,13,Asheville Police Department,Asian,1341,87583,52,0.03877703206562267,0.0807527324009872,-0.5198053253099753,0.48019467469002475,Asheville Police Department - Asian,https://nccopwatch.org/agencies/13/search-rate
1600000US3741580,160,Marshall Police Department,Hispanic,48,830,5,0.10416666666666667,0.21715076071922546,-0.5203025477707006,0.4796974522292994,Marshall Police Department - Hispanic,https://nccopwatch.org/agencies/160/search-rate
0500000US37147,222,Pitt County Sheriff's Office,Asian,2801,170965,5,0.001785076758300607,0.003738258708563245,-0.5224844245767356,0.4775155754232644,Pitt County Sheriff's Office - Asian,https://nccopwatch.org/agencies/222/search-rate
1600000US3743920,172,Monroe Police Department,Native American,121,33959,9,0.0743801652892562,0.15616841823415223,-0.5237182643565373,0.47628173564346266,Monroe Police Department - Native American,https://nccopwatch.org/agencies/172/search-rate
1600000US3756900,231,Roanoke Rapids Police Department,Other,453,15397,31,0.0684326710816777,0.14382950234322694,-0.5242097763894525,0.47579022361054746,Roanoke Rapids Police Department - Other,https://nccopwatch.org/agencies/231/search-rate
0500000US37011,16,Avery County Sheriff's Office,Native American,141,17697,1,0.0070921985815602835,0.014940886059503703,-0.5253160653715695,0.4746839346284305,Avery County Sheriff's Office - Native American,https://nccopwatch.org/agencies/16/search-rate
0500000US37173,268,Swain County Sheriff's Office,Hispanic,627,14064,8,0.012759170653907496,0.0268992684299381,-0.5256684884520163,0.4743315115479837,Swain County Sheriff's Office - Hispanic,https://nccopwatch.org/agencies/268/search-rate
1600000US3723760,91,Fletcher Police Department,Native American,30,7392,2,0.06666666666666667,0.1406861977126743,-0.5261321455085375,0.4738678544914625,Fletcher Police Department - Native American,https://nccopwatch.org/agencies/91/search-rate
1600000US3711640,318,Chadbourn Police Department,Other,32,2001,5,0.15625,0.33063209076175043,-0.5274203431372549,0.47257965686274506,Chadbourn Police Department - Other,https://nccopwatch.org/agencies/318/search-rate
1600000US3738060,150,Lexington Police Department,Hispanic,3023,19193,402,0.1329804829639431,0.2816686635442762,-0.5278832892142453,0.4721167107857547,Lexington Police Department - Hispanic,https://nccopwatch.org/agencies/150/search-rate
0500000US37037,53,Chatham County Sheriff's Office,Other,1759,68594,12,0.006822057987492893,0.014479415915086814,-0.5288443934824294,0.4711556065175706,Chatham County Sheriff's Office - Other,https://nccopwatch.org/agencies/53/search-rate
1600000US3739700,154,Lumberton Police Department,Asian,278,20977,12,0.04316546762589928,0.09178201770794363,-0.5296958085705348,0.4703041914294652,Lumberton Police Department - Asian,https://nccopwatch.org/agencies/154/search-rate
1600000US3725580,99,Gastonia Police Department,Asian,1277,74695,43,0.033672670321064996,0.07179499191867138,-0.5309885909701189,0.46901140902988114,Gastonia Police Department - Asian,https://nccopwatch.org/agencies/99/search-rate
1600000US3721095,321,Elon Police Department,Asian,264,10058,13,0.04924242424242424,0.10552220888355342,-0.5333453993863551,0.46665460061364494,Elon Police Department - Asian,https://nccopwatch.org/agencies/321/search-rate
1600000US3737680,147,Leland Police Department,Asian,230,17291,8,0.034782608695652174,0.07466047428048694,-0.53412285374749,0.46587714625251,Leland Police Department - Asian,https://nccopwatch.org/agencies/147/search-rate
1600000US3757000,232,Robbins Police Department,Hispanic,655,1366,79,0.12061068702290076,0.26,-0.5361127422196125,0.46388725778038753,Robbins Police Department - Hispanic,https://nccopwatch.org/agencies/232/search-rate
1600000US3752000,219,Pine Knoll Shores Police Department,Native American,7,1427,2,0.2857142857142857,0.6176900584795322,-0.537447168216399,0.46255283178360096,Pine Knoll Shores Police Department - Native American,https://nccopwatch.org/agencies/219/search-rate
1600000US3716400,73,Davidson Police Department,Native American,44,12215,3,0.06818181818181818,0.14840319361277446,-0.5405636730451795,0.4594363269548205,Davidson Police Department - Native American,https://nccopwatch.org/agencies/73/search-rate
1600000US3702080,11,Asheboro Police Department,Native American,36,25737,3,0.08333333333333333,0.1813981120866064,-0.5406052886948084,0.4593947113051916,Asheboro Police Department - Native American,https://nccopwatch.org/agencies/11/search-rate
0500000US37067,92,Forsyth County Sheriff's Office,Asian,7620,364842,90,0.011811023622047244,0.025793613010111783,-0.542095028819072,0.457904971180928,Forsyth County Sheriff's Office - Asian,https://nccopwatch.org/agencies/92/search-rate
1600000US3732180,123,Holly Ridge Police Department,Other,43,2102,12,0.27906976744186046,0.6117445838084379,-0.5438132599319448,0.45618674006805515,Holly Ridge Police Department - Other,https://nccopwatch.org/agencies/123/search-rate
1600000US3730120,111,Havelock Police Department,Hispanic,2643,19912,142,0.05372682557699584,0.1180601454064772,-0.5449198762883433,0.45508012371165674,Havelock Police Department - Hispanic,https://nccopwatch.org/agencies/111/search-rate
1600000US3705660,324,Beulaville Police Department,Other,26,1576,1,0.038461538461538464,0.08451957295373666,-0.5449392712550607,0.4550607287449393,Beulaville Police Department - Other,https://nccopwatch.org/agencies/324/search-rate
1600000US3728000,105,Greensboro Police Department,Asian,12641,280559,559,0.04422118503282968,0.0972072337224893,-0.5450833920541972,0.4549166079458028,Greensboro Police Department - Asian,https://nccopwatch.org/agencies/105/search-rate
1600000US3766700,270,Tarboro Police Department,Native American,28,11039,2,0.07142857142857142,0.1596177307848719,-0.5525022747952685,0.4474977252047315,Tarboro Police Department - Native American,https://nccopwatch.org/agencies/270/search-rate
1600000US3745660,183,Murphy Police Department,Hispanic,95,1978,10,0.10526315789473684,0.23533045089561458,-0.5527006492609476,0.44729935073905236,Murphy Police Department - Hispanic,https://nccopwatch.org/agencies/183/search-rate
0500000US37049,67,Craven County Sheriff's Office,Other,2908,102223,13,0.004470426409903714,0.009996019284355787,-0.5527793331791457,0.44722066682085426,Craven County Sheriff's Office - Other,https://nccopwatch.org/agencies/67/search-rate
1600000US3713980,63,Columbus Police Department,Hispanic,209,1264,79,0.37799043062200954,0.8461538461538461,-0.553284036537625,0.44671596346237497,Columbus Police Department - Hispanic,https://nccopwatch.org/agencies/63/search-rate
1600000US3724570,93,Foxfire Village Police Department,Asian,23,1250,1,0.043478260869565216,0.09788867562380038,-0.5558397271952259,0.4441602728047741,Foxfire Village Police Department - Asian,https://nccopwatch.org/agencies/93/search-rate
0500000US37177,277,Tyrrell County Sheriff's Office,Black,1378,4032,133,0.0965166908563135,0.21783953384132676,-0.5569367545258531,0.4430632454741469,Tyrrell County Sheriff's Office - Black,https://nccopwatch.org/agencies/277/search-rate
1600000US3733120,126,Huntersville Police Department,Other,1410,52035,60,0.0425531914893617,0.09626042238753807,-0.5579367882051735,0.44206321179482655,Huntersville Police Department - Other,https://nccopwatch.org/agencies/126/search-rate
1600000US3758140,239,Rowland Police Department,Black,745,1107,106,0.14228187919463087,0.3225806451612903,-0.5589261744966443,0.4410738255033557,Rowland Police Department - Black,https://nccopwatch.org/agencies/239/search-rate
1600000US3701380,6,Andrews Police Department,Black,42,1943,1,0.023809523809523808,0.054003724394785846,-0.5591133004926109,0.4408866995073891,Andrews Police Department - Black,https://nccopwatch.org/agencies/6/search-rate
1600000US3706140,317,Black Mountain Police Department,Other,184,8090,10,0.05434782608695652,0.12412440459512468,-0.5621503582294631,0.43784964177053687,Black Mountain Police Department - Other,https://nccopwatch.org/agencies/317/search-rate
1600000US3704840,22,Belmont Police Department,Other,382,11505,21,0.0549738219895288,0.1263101604278075,-0.5647711806925535,0.4352288193074465,Belmont Police Department - Other,https://nccopwatch.org/agencies/22/search-rate
1600000US3742060,164,Mayodan Police Department,Asian,19,2522,2,0.10526315789473684,0.24189760450915923,-0.5648441492079714,0.43515585079202856,Mayodan Police Department - Asian,https://nccopwatch.org/agencies/164/search-rate
1600000US3772540,302,West Jefferson Police Department,Black,55,1449,6,0.10909090909090909,0.2507788161993769,-0.5649915302089216,0.43500846979107843,West Jefferson Police Department - Black,https://nccopwatch.org/agencies/302/search-rate
1600000US3746740,200,Newland Police Department,Hispanic,161,803,14,0.08695652173913043,0.2,-0.5652173913043479,0.4347826086956521,Newland Police Department - Hispanic,https://nccopwatch.org/agencies/200/search-rate
0500000US37035,50,Catawba County Sheriff's Office,Other,3601,156487,11,0.0030547070258261596,0.007042194552138198,-0.5662279701007878,0.43377202989921215,Catawba County Sheriff's Office - Other,https://nccopwatch.org/agencies/50/search-rate
1600000US3720080,82,Eden Police Department,Asian,161,15366,10,0.062111801242236024,0.14333502280790675,-0.5666669595087281,0.43333304049127186,Eden Police Department - Asian,https://nccopwatch.org/agencies/82/search-rate
1600000US3770380,289,Wadesboro Police Department,Other,72,5457,6,0.08333333333333333,0.1928374655647383,-0.5678571428571428,0.43214285714285716,Wadesboro Police Department - Other,https://nccopwatch.org/agencies/289/search-rate
1600000US3702080,11,Asheboro Police Department,Asian,230,25737,18,0.0782608695652174,0.1813981120866064,-0.5685684450351244,0.4314315549648756,Asheboro Police Department - Asian,https://nccopwatch.org/agencies/11/search-rate
1600000US3718320,77,Dunn Police Department,Asian,67,9363,14,0.208955223880597,0.48688634835238737,-0.5708336769192711,0.4291663230807289,Dunn Police Department - Asian,https://nccopwatch.org/agencies/77/search-rate
1600000US3730720,115,Hendersonville Police Department,Other,361,13682,21,0.05817174515235457,0.1362265252505595,-0.5729778393351801,0.4270221606648199,Hendersonville Police Department - Other,https://nccopwatch.org/agencies/115/search-rate
0500000US37071,97,Gaston County Police Department,Asian,3082,214110,36,0.011680726800778715,0.027388118044123534,-0.573511156116659,0.42648884388334096,Gaston County Police Department - Asian,https://nccopwatch.org/agencies/97/search-rate
1600000US3706500,27,Blowing Rock Police Department,Native American,5,1138,2,0.4,0.9382379654859219,-0.5736689254598257,0.42633107454017427,Blowing Rock Police Department - Native American,https://nccopwatch.org/agencies/27/search-rate
1600000US3756360,229,Richlands Police Department,Asian,32,2239,10,0.3125,0.7395437262357415,-0.5774421593830334,0.42255784061696655,Richlands Police Department - Asian,https://nccopwatch.org/agencies/229/search-rate
1600000US3731620,120,Hillsborough Police Department,Native American,51,7057,4,0.0784313725490196,0.18567518248175183,-0.5775882834706364,0.4224117165293636,Hillsborough Police Department - Native American,https://nccopwatch.org/agencies/120/search-rate
1600000US3775000,309,Winston-Salem Police Department,Asian,5209,237904,199,0.038203110001919754,0.09050832698378143,-0.5779050251501663,0.4220949748498337,Winston-Salem Police Department - Asian,https://nccopwatch.org/agencies/309/search-rate
1600000US3714100,64,Concord Police Department,Asian,3740,87081,326,0.08716577540106951,0.20755321756509607,-0.5800316833260789,0.4199683166739211,Concord Police Department - Asian,https://nccopwatch.org/agencies/64/search-rate
0500000US37001,2,Alamance County Sheriff's Office,Asian,2286,158227,16,0.00699912510936133,0.016727846314129092,-0.5815883899262301,0.4184116100737699,Alamance County Sheriff's Office - Asian,https://nccopwatch.org/agencies/2/search-rate
1600000US3701720,10,Archdale Police Department,Asian,647,11349,38,0.05873261205564142,0.1421579059374335,-0.5868494849558996,0.4131505150441004,Archdale Police Department - Asian,https://nccopwatch.org/agencies/10/search-rate
1600000US3730120,111,Havelock Police Department,Asian,535,19912,26,0.048598130841121495,0.1180601454064772,-0.5883612486347554,0.41163875136524464,Havelock Police Department - Asian,https://nccopwatch.org/agencies/111/search-rate
1600000US3737680,147,Leland Police Department,Other,654,17291,20,0.03058103975535168,0.07466047428048694,-0.5903985334935884,0.4096014665064116,Leland Police Department - Other,https://nccopwatch.org/agencies/147/search-rate
0500000US37089,113,Henderson County Sheriff's Office,Native American,321,110637,3,0.009345794392523364,0.02282541640962369,-0.5905531699924224,0.40944683000757764,Henderson County Sheriff's Office - Native American,https://nccopwatch.org/agencies/113/search-rate
0500000US37173,268,Swain County Sheriff's Office,Native American,3738,14064,41,0.010968432316746924,0.0268992684299381,-0.5922404973460401,0.4077595026539599,Swain County Sheriff's Office - Native American,https://nccopwatch.org/agencies/268/search-rate
1600000US3744900,180,Mount Gilead Police Department,Asian,52,1360,6,0.11538461538461539,0.2830188679245283,-0.5923076923076923,0.4076923076923077,Mount Gilead Police Department - Asian,https://nccopwatch.org/agencies/180/search-rate
1600000US3774540,308,Wilson Police Department,Asian,544,48787,20,0.03676470588235294,0.09041297161148135,-0.5933691236215902,0.4066308763784098,Wilson Police Department - Asian,https://nccopwatch.org/agencies/308/search-rate
1600000US3775280,343,Woodfin Police Department,Other,163,6551,6,0.03680981595092025,0.09085757461276918,-0.5948624414882083,0.4051375585117917,Woodfin Police Department - Other,https://nccopwatch.org/agencies/343/search-rate
1600000US3771220,296,Washington Police Department,Other,186,9739,9,0.04838709677419355,0.11956989247311828,-0.5953237410071942,0.4046762589928058,Washington Police Department - Other,https://nccopwatch.org/agencies/296/search-rate
1600000US3757500,236,Rocky Mount Police Department,Asian,650,56103,21,0.03230769230769231,0.08010842609147009,-0.5967004485794982,0.4032995514205018,Rocky Mount Police Department - Asian,https://nccopwatch.org/agencies/236/search-rate
1600000US3703500,19,Banner Elk Police Department,Black,95,1236,7,0.07368421052631578,0.1831831831831832,-0.5977566867989647,0.40224331320103535,Banner Elk Police Department - Black,https://nccopwatch.org/agencies/19/search-rate
1600000US3717340,319,Dobson Police Department,Native American,4,1604,1,0.25,0.6277372262773723,-0.6017441860465116,0.3982558139534884,Dobson Police Department - Native American,https://nccopwatch.org/agencies/319/search-rate
1600000US3704840,22,Belmont Police Department,Native American,20,11505,1,0.05,0.1263101604278075,-0.6041490262489415,0.3958509737510585,Belmont Police Department - Native American,https://nccopwatch.org/agencies/22/search-rate
1600000US3706000,25,Biscoe Police Department,Hispanic,1046,2335,78,0.0745697896749522,0.18900804289544235,-0.6054676376062812,0.3945323623937188,Biscoe Police Department - Hispanic,https://nccopwatch.org/agencies/25/search-rate
1600000US3709060,36,Burlington Police Department,Asian,1405,52731,71,0.050533807829181494,0.12808886873724779,-0.6054785374610273,0.3945214625389727,Burlington Police Department - Asian,https://nccopwatch.org/agencies/36/search-rate
1600000US3766500,269,Sylva Police Department,Asian,44,2669,5,0.11363636363636363,0.2895125553914328,-0.6074907235621521,0.39250927643784794,Sylva Police Department - Asian,https://nccopwatch.org/agencies/269/search-rate
1600000US3740560,157,Madison Police Department,Other,69,2300,6,0.08695652173913043,0.22191967324710687,-0.6081621765804215,0.3918378234195785,Madison Police Department - Other,https://nccopwatch.org/agencies/157/search-rate
1600000US3744100,174,Montreat Police Department,Other,20,573,2,0.1,0.256198347107438,-0.6096774193548387,0.39032258064516134,Montreat Police Department - Other,https://nccopwatch.org/agencies/174/search-rate
1600000US3764420,256,Stallings Police Department,Other,398,14374,17,0.04271356783919598,0.10993936198259953,-0.6114806647144596,0.3885193352855404,Stallings Police Department - Other,https://nccopwatch.org/agencies/256/search-rate
1600000US3770540,291,Wake Forest Police Department,Other,1257,37064,79,0.06284805091487669,0.16192077727952167,-0.6118592562930764,0.38814074370692364,Wake Forest Police Department - Other,https://nccopwatch.org/agencies/291/search-rate
1600000US3724080,316,Forest City Police Department,Native American,25,7319,2,0.08,0.20769919427036707,-0.6148275862068966,0.3851724137931034,Forest City Police Department - Native American,https://nccopwatch.org/agencies/316/search-rate
0500000US37109,151,Lincoln County Sheriff's Office,Other,1534,80939,10,0.00651890482398957,0.016929151065720655,-0.6149301994717555,0.38506980052824447,Lincoln County Sheriff's Office - Other,https://nccopwatch.org/agencies/151/search-rate
1600000US3757000,232,Robbins Police Department,Asian,10,1366,1,0.1,0.26,-0.6153846153846154,0.3846153846153846,Robbins Police Department - Asian,https://nccopwatch.org/agencies/232/search-rate
1600000US3755000,225,Raleigh Police Department,Native American,1056,434086,35,0.03314393939393939,0.08635636803664809,-0.616195769374255,0.383804230625745,Raleigh Police Department - Native American,https://nccopwatch.org/agencies/225/search-rate
1600000US3701720,10,Archdale Police Department,Native American,55,11349,3,0.05454545454545454,0.1421579059374335,-0.6163037561241155,0.3836962438758845,Archdale Police Department - Native American,https://nccopwatch.org/agencies/10/search-rate
1600000US3761200,250,Shelby Police Department,Asian,253,20586,11,0.043478260869565216,0.1133380631429585,-0.6163842961148533,0.38361570388514665,Shelby Police Department - Asian,https://nccopwatch.org/agencies/250/search-rate
1600000US3712000,52,Charlotte-Mecklenburg Police Department,Asian,46551,799736,1660,0.03565981396747653,0.09315239304984209,-0.6171884285528081,0.3828115714471919,Charlotte-Mecklenburg Police Department - Asian,https://nccopwatch.org/agencies/52/search-rate
0500000US37021,32,Buncombe County Sheriff's Office,Asian,2791,249975,12,0.004299534217126478,0.011262573674808709,-0.6182458520343926,0.38175414796560736,Buncombe County Sheriff's Office - Asian,https://nccopwatch.org/agencies/32/search-rate
0500000US37183,290,Wake County Sheriff's Office,Other,27733,996531,72,0.0025961850503010853,0.006871146972080383,-0.622161327526511,0.377838672473489,Wake County Sheriff's Office - Other,https://nccopwatch.org/agencies/290/search-rate
1600000US3774020,304,Wilkesboro Police Department,Native American,7,3486,1,0.14285714285714285,0.37961595273264404,-0.6236798221234019,0.3763201778765981,Wilkesboro Police Department - Native American,https://nccopwatch.org/agencies/304/search-rate
1600000US3764740,261,Statesville Police Department,Asian,491,26180,31,0.06313645621181263,0.1681502715751358,-0.6245236143814319,0.3754763856185681,Statesville Police Department - Asian,https://nccopwatch.org/agencies/261/search-rate
1600000US3707080,28,Boone Police Department,Native American,72,17931,2,0.027777777777777776,0.07422732117108645,-0.6257742117117118,0.37422578828828823,Boone Police Department - Native American,https://nccopwatch.org/agencies/28/search-rate
1600000US3742240,167,Mebane Police Department,Asian,336,13907,26,0.07738095238095238,0.20804469273743018,-0.6280561096619098,0.37194389033809017,Mebane Police Department - Asian,https://nccopwatch.org/agencies/167/search-rate
1600000US3720580,84,Elizabeth City Police Department,Asian,170,18333,14,0.08235294117647059,0.2214442013129103,-0.6281097419204835,0.3718902580795165,Elizabeth City Police Department - Asian,https://nccopwatch.org/agencies/84/search-rate
1600000US3739360,328,Louisburg Police Department,Asian,26,3401,3,0.11538461538461539,0.3109079033311561,-0.6288784744667097,0.37112152553329025,Louisburg Police Department - Asian,https://nccopwatch.org/agencies/328/search-rate
1600000US3720580,84,Elizabeth City Police Department,Native American,61,18333,5,0.08196721311475409,0.2214442013129103,-0.6298516166655868,0.37014838333441324,Elizabeth City Police Department - Native American,https://nccopwatch.org/agencies/84/search-rate
0500000US37085,110,Harnett County Sheriff's Office,Other,4125,124487,11,0.0026666666666666666,0.00720711445155146,-0.6299952380952382,0.37000476190476184,Harnett County Sheriff's Office - Other,https://nccopwatch.org/agencies/110/search-rate
1600000US3710120,42,Candor Police Department,Hispanic,438,984,77,0.17579908675799086,0.47757255936675463,-0.6318903100481849,0.36810968995181514,Candor Police Department - Hispanic,https://nccopwatch.org/agencies/42/search-rate
0500000US37045,60,Cleveland County Sheriff's Office,Other,1757,97943,6,0.003414911781445646,0.009314305603898364,-0.6333691499217735,0.3666308500782265,Cleveland County Sheriff's Office - Other,https://nccopwatch.org/agencies/60/search-rate
1600000US3736500,144,Lake Lure Police Department,Asian,21,1421,3,0.14285714285714285,0.3898809523809524,-0.633587786259542,0.36641221374045796,Lake Lure Police Department - Asian,https://nccopwatch.org/agencies/144/search-rate
1600000US3757000,232,Robbins Police Department,Other,21,1366,2,0.09523809523809523,0.26,-0.6336996336996338,0.3663003663003662,Robbins Police Department - Other,https://nccopwatch.org/agencies/232/search-rate
1600000US3756900,231,Roanoke Rapids Police Department,Asian,210,15397,11,0.05238095238095238,0.14382950234322694,-0.6358121836787468,0.3641878163212532,Roanoke Rapids Police Department - Asian,https://nccopwatch.org/agencies/231/search-rate
0500000US37107,148,Lenoir County Sheriff's Office,Other,1429,57595,3,0.002099370188943317,0.0057731531095516295,-0.6363563984696806,0.3636436015303194,Lenoir County Sheriff's Office - Other,https://nccopwatch.org/agencies/148/search-rate
1600000US3732260,124,Holly Springs Police Department,Other,1196,30893,62,0.051839464882943144,0.1427162822601389,-0.6367655879064189,0.3632344120935811,Holly Springs Police Department - Other,https://nccopwatch.org/agencies/124/search-rate
0500000US37081,107,Guilford County Sheriff's Office,Other,13491,509903,74,0.005485138240308354,0.015109453714769822,-0.6369730935443079,0.36302690645569213,Guilford County Sheriff's Office - Other,https://nccopwatch.org/agencies/107/search-rate
1600000US3773660,341,Whiteville Police Department,Other,200,5267,4,0.02,0.05527426160337553,-0.6381679389312978,0.36183206106870225,Whiteville Police Department - Other,https://nccopwatch.org/agencies/341/search-rate
1600000US3724080,316,Forest City Police Department,Asian,40,7319,3,0.075,0.20769919427036707,-0.6389008620689656,0.36109913793103443,Forest City Police Department - Asian,https://nccopwatch.org/agencies/316/search-rate
1600000US3764740,261,Statesville Police Department,Native American,66,26180,4,0.06060606060606061,0.1681502715751358,-0.6395720325733785,0.36042796742662153,Statesville Police Department - Native American,https://nccopwatch.org/agencies/261/search-rate
1600000US3731400,119,High Point Police Department,Asian,7869,108444,488,0.06201550387596899,0.17207754063050715,-0.6396072163238807,0.36039278367611927,High Point Police Department - Asian,https://nccopwatch.org/agencies/119/search-rate
0500000US37013,20,Beaufort County Sheriff's Office,Other,593,46763,3,0.00505902192242833,0.0141720054358377,-0.6430270969530366,0.3569729030469634,Beaufort County Sheriff's Office - Other,https://nccopwatch.org/agencies/20/search-rate
1600000US3707080,28,Boone Police Department,Other,454,17931,12,0.02643171806167401,0.07422732117108645,-0.6439085010120252,0.35609149898797476,Boone Police Department - Other,https://nccopwatch.org/agencies/28/search-rate
0500000US37063,79,Durham County Sheriff's Office,Asian,13784,293457,56,0.004062681369704005,0.011420059582919563,-0.6442504226702668,0.3557495773297332,Durham County Sheriff's Office - Asian,https://nccopwatch.org/agencies/79/search-rate
1600000US3713980,63,Columbus Police Department,Other,30,1264,9,0.3,0.8461538461538461,-0.6454545454545455,0.3545454545454545,Columbus Police Department - Other,https://nccopwatch.org/agencies/63/search-rate
1600000US3709140,325,Burnsville Police Department,Native American,8,1968,2,0.25,0.7060931899641577,-0.6459390862944162,0.3540609137055838,Burnsville Police Department - Native American,https://nccopwatch.org/agencies/325/search-rate
1600000US3703500,19,Banner Elk Police Department,Asian,31,1236,2,0.06451612903225806,0.1831831831831832,-0.6478053939714437,0.35219460602855635,Banner Elk Police Department - Asian,https://nccopwatch.org/agencies/19/search-rate
1600000US3759280,245,Sanford Police Department,Asian,440,29004,10,0.022727272727272728,0.06519421172886519,-0.6513912489379778,0.34860875106202216,Sanford Police Department - Asian,https://nccopwatch.org/agencies/245/search-rate
1600000US3719860,320,East Spencer Police Department,Hispanic,104,1488,24,0.23076923076923078,0.6645962732919255,-0.6527677929547089,0.3472322070452911,East Spencer Police Department - Hispanic,https://nccopwatch.org/agencies/320/search-rate
1600000US3736500,144,Lake Lure Police Department,Other,30,1421,4,0.13333333333333333,0.3898809523809524,-0.6580152671755725,0.34198473282442754,Lake Lure Police Department - Other,https://nccopwatch.org/agencies/144/search-rate
0500000US37093,121,Hoke County Sheriff's Office,Other,2561,50245,19,0.00741897696212417,0.022068691286843283,-0.6638234290518555,0.33617657094814446,Hoke County Sheriff's Office - Other,https://nccopwatch.org/agencies/121/search-rate
1600000US3706000,25,Biscoe Police Department,Other,63,2335,4,0.06349206349206349,0.18900804289544235,-0.6640774513114939,0.33592254868850613,Biscoe Police Department - Other,https://nccopwatch.org/agencies/25/search-rate
1600000US3766040,266,Surf City Police Department,Other,82,2840,11,0.13414634146341464,0.40031520882584715,-0.6648982139427694,0.3351017860572306,Surf City Police Department - Other,https://nccopwatch.org/agencies/266/search-rate
1600000US3757640,237,Rolesville Police Department,Other,253,5981,13,0.05138339920948617,0.15392615704628185,-0.6661814977032368,0.33381850229676324,Rolesville Police Department - Other,https://nccopwatch.org/agencies/237/search-rate
1600000US3744520,178,Morrisville Police Department,Other,1040,22782,60,0.057692307692307696,0.17333892265772374,-0.6671704957678355,0.3328295042321645,Morrisville Police Department - Other,https://nccopwatch.org/agencies/178/search-rate
1600000US3744800,179,Mount Airy Police Department,Asian,119,10419,7,0.058823529411764705,0.17689745419938138,-0.6674710233790894,0.33252897662091063,Mount Airy Police Department - Asian,https://nccopwatch.org/agencies/179/search-rate
0500000US37173,268,Swain County Sheriff's Office,Other,559,14064,5,0.008944543828264758,0.0268992684299381,-0.6674800338320821,0.3325199661679179,Swain County Sheriff's Office - Other,https://nccopwatch.org/agencies/268/search-rate
0500000US37087,112,Haywood County Sheriff's Office,Other,865,59938,6,0.006936416184971098,0.020888617944488274,-0.6679332159071175,0.3320667840928825,Haywood County Sheriff's Office - Other,https://nccopwatch.org/agencies/112/search-rate
0500000US37095,127,Hyde County Sheriff's Office,Black,1756,5371,28,0.015945330296127564,0.048216007714561235,-0.6692938496583144,0.3307061503416856,Hyde County Sheriff's Office - Black,https://nccopwatch.org/agencies/127/search-rate
1600000US3728000,105,Greensboro Police Department,Other,8252,280559,264,0.031992244304411055,0.0972072337224893,-0.6708861770951773,0.3291138229048227,Greensboro Police Department - Other,https://nccopwatch.org/agencies/105/search-rate
0500000US37027,39,Caldwell County Sheriff's Office,Other,1434,81599,4,0.002789400278940028,0.008520743120547562,-0.6726341541486612,0.32736584585133877,Caldwell County Sheriff's Office - Other,https://nccopwatch.org/agencies/39/search-rate
0500000US37019,31,Brunswick County Sheriff's Office,Other,3431,120677,9,0.0026231419411250363,0.008022397556630185,-0.6730226939504991,0.3269773060495009,Brunswick County Sheriff's Office - Other,https://nccopwatch.org/agencies/31/search-rate
1600000US3746340,198,New Bern Police Department,Native American,80,29869,3,0.0375,0.11480804387568556,-0.6733678343949046,0.32663216560509545,New Bern Police Department - Native American,https://nccopwatch.org/agencies/198/search-rate
0500000US37195,307,Wilson County Sheriff's Office,Other,1754,80375,7,0.003990877993158495,0.012224875415282391,-0.6735444855192982,0.32645551448070176,Wilson County Sheriff's Office - Other,https://nccopwatch.org/agencies/307/search-rate
1600000US3763120,253,Southern Pines Police Department,Asian,257,13546,10,0.038910505836575876,0.11941837681757245,-0.6741665154600378,0.3258334845399622,Southern Pines Police Department - Asian,https://nccopwatch.org/agencies/253/search-rate
1600000US3746340,198,New Bern Police Department,Other,829,29869,31,0.03739445114595899,0.11480804387568556,-0.6742871850821726,0.32571281491782744,New Bern Police Department - Other,https://nccopwatch.org/agencies/198/search-rate
1600000US3763120,253,Southern Pines Police Department,Other,284,13546,11,0.03873239436619718,0.11941837681757245,-0.6756580067625094,0.3243419932374906,Southern Pines Police Department - Other,https://nccopwatch.org/agencies/253/search-rate
1600000US3720580,84,Elizabeth City Police Department,Hispanic,1230,18333,88,0.07154471544715447,0.2214442013129103,-0.6769176387416047,0.3230823612583953,Elizabeth City Police Department - Hispanic,https://nccopwatch.org/agencies/84/search-rate
0500000US37079,104,Greene County Sheriff's Office,Other,518,21001,1,0.0019305019305019305,0.005977710233029382,-0.6770499312872194,0.32295006871278065,Greene County Sheriff's Office - Other,https://nccopwatch.org/agencies/104/search-rate
1600000US3761060,249,Sharpsburg Police Department,Other,82,1959,1,0.012195121951219513,0.037800687285223365,-0.6773835920177383,0.32261640798226165,Sharpsburg Police Department - Other,https://nccopwatch.org/agencies/249/search-rate
1600000US3770380,289,Wadesboro Police Department,Asian,97,5457,6,0.061855670103092786,0.1928374655647383,-0.6792341678939617,0.32076583210603826,Wadesboro Police Department - Asian,https://nccopwatch.org/agencies/289/search-rate
0500000US37157,235,Rockingham County Sheriff's Office,Other,2196,92028,4,0.0018214936247723133,0.005679185784101269,-0.6792685265075257,0.32073147349247433,Rockingham County Sheriff's Office - Other,https://nccopwatch.org/agencies/235/search-rate
1600000US3741580,160,Marshall Police Department,Other,29,830,2,0.06896551724137931,0.21715076071922546,-0.6824072040412915,0.3175927959587085,Marshall Police Department - Other,https://nccopwatch.org/agencies/160/search-rate
0500000US37089,113,Henderson County Sheriff's Office,Other,2071,110637,15,0.007242877836793819,0.02282541640962369,-0.6826836493664113,0.31731635063358865,Henderson County Sheriff's Office - Other,https://nccopwatch.org/agencies/113/search-rate
1600000US3738060,150,Lexington Police Department,Native American,90,19193,8,0.08888888888888889,0.2816686635442762,-0.6844203832602904,0.3155796167397096,Lexington Police Department - Native American,https://nccopwatch.org/agencies/150/search-rate
1600000US3712000,52,Charlotte-Mecklenburg Police Department,Native American,1918,799736,56,0.029197080291970802,0.09315239304984209,-0.6865665031670348,0.3134334968329652,Charlotte-Mecklenburg Police Department - Native American,https://nccopwatch.org/agencies/52/search-rate
1600000US3768500,275,Troutman Police Department,Other,81,2789,9,0.1111111111111111,0.35696073431922487,-0.6887301587301587,0.31126984126984125,Troutman Police Department - Other,https://nccopwatch.org/agencies/275/search-rate
0500000US37191,299,Wayne County Sheriff's Office,Other,3444,121472,8,0.0023228803716608595,0.0075247284422598456,-0.6913004383500057,0.30869956164999435,Wayne County Sheriff's Office - Other,https://nccopwatch.org/agencies/299/search-rate
1600000US3775280,343,Woodfin Police Department,Native American,36,6551,1,0.027777777777777776,0.09085757461276918,-0.6942711942711943,0.3057288057288057,Woodfin Police Department - Native American,https://nccopwatch.org/agencies/343/search-rate
1600000US3728080,106,Greenville Police Department,Asian,2233,87098,67,0.03000447828034035,0.09866928446771378,-0.6959086260511161,0.30409137394888386,Greenville Police Department - Asian,https://nccopwatch.org/agencies/106/search-rate
1600000US3718320,77,Dunn Police Department,Other,197,9363,29,0.14720812182741116,0.48688634835238737,-0.697654037075469,0.302345962924531,Dunn Police Department - Other,https://nccopwatch.org/agencies/77/search-rate
1600000US3762520,252,Smithfield Police Department,Asian,172,11673,11,0.06395348837209303,0.2128193073186021,-0.6994939548583758,0.30050604514162416,Smithfield Police Department - Asian,https://nccopwatch.org/agencies/252/search-rate
1600000US3723760,91,Fletcher Police Department,Asian,285,7392,12,0.042105263157894736,0.1406861977126743,-0.70071503926855,0.29928496073144994,Fletcher Police Department - Asian,https://nccopwatch.org/agencies/91/search-rate
1600000US3735920,140,Kinston Police Department,Asian,175,21030,9,0.05142857142857143,0.1722134178552562,-0.7013672217353198,0.29863277826468015,Kinston Police Department - Asian,https://nccopwatch.org/agencies/140/search-rate
1600000US3720080,82,Eden Police Department,Other,492,15366,21,0.042682926829268296,0.14333502280790675,-0.7022156483941077,0.29778435160589234,Eden Police Department - Other,https://nccopwatch.org/agencies/82/search-rate
0500000US37135,209,Orange County Sheriff's Office,Asian,10130,139213,25,0.0024679170779861796,0.008289366778768525,-0.7022791795982255,0.2977208204017745,Orange County Sheriff's Office - Asian,https://nccopwatch.org/agencies/209/search-rate
1600000US3713980,63,Columbus Police Department,Native American,12,1264,3,0.25,0.8461538461538461,-0.7045454545454546,0.2954545454545454,Columbus Police Department - Native American,https://nccopwatch.org/agencies/63/search-rate
1600000US3735920,140,Kinston Police Department,Native American,59,21030,3,0.05084745762711865,0.1722134178552562,-0.704741603410627,0.29525839658937303,Kinston Police Department - Native American,https://nccopwatch.org/agencies/140/search-rate
1600000US3751820,217,Pilot Mountain Police Department,Other,35,1647,2,0.05714285714285714,0.19477769936485534,-0.7066252587991719,0.29337474120082807,Pilot Mountain Police Department - Other,https://nccopwatch.org/agencies/217/search-rate
0500000US37159,238,Rowan County Sheriff's Office,Other,2926,140322,9,0.0030758714969241286,0.010611330542946412,-0.7101332877648667,0.2898667122351333,Rowan County Sheriff's Office - Other,https://nccopwatch.org/agencies/238/search-rate
1600000US3711800,51,Chapel Hill Police Department,Other,1780,58429,39,0.021910112359550562,0.07751686235323507,-0.7173503713332874,0.2826496286667126,Chapel Hill Police Department - Other,https://nccopwatch.org/agencies/51/search-rate
1600000US3727280,102,Graham Police Department,Other,513,14983,22,0.042884990253411304,0.1524390243902439,-0.7186744639376218,0.2813255360623782,Graham Police Department - Other,https://nccopwatch.org/agencies/102/search-rate
1600000US3717340,319,Dobson Police Department,Other,17,1604,3,0.17647058823529413,0.6277372262773723,-0.7188782489740082,0.2811217510259918,Dobson Police Department - Other,https://nccopwatch.org/agencies/319/search-rate
1600000US3774020,304,Wilkesboro Police Department,Asian,76,3486,8,0.10526315789473684,0.37961595273264404,-0.7227114478804014,0.2772885521195986,Wilkesboro Police Department - Asian,https://nccopwatch.org/agencies/304/search-rate
0500000US37183,290,Wake County Sheriff's Office,Asian,63895,996531,121,0.0018937319039048438,0.006871146972080383,-0.7243936257513238,0.2756063742486762,Wake County Sheriff's Office - Asian,https://nccopwatch.org/agencies/290/search-rate
0500000US37055,71,Dare County Sheriff's Office,Other,710,35321,19,0.02676056338028169,0.09741704556447713,-0.7252989635928779,0.27470103640712207,Dare County Sheriff's Office - Other,https://nccopwatch.org/agencies/71/search-rate
1600000US3726880,101,Goldsboro Police Department,Asian,609,35494,28,0.04597701149425287,0.16892840430510062,-0.7278313751711402,0.27216862482885984,Goldsboro Police Department - Asian,https://nccopwatch.org/agencies/101/search-rate
1600000US3744220,176,Mooresville Police Department,Asian,1555,36983,83,0.05337620578778135,0.19787502251035477,-0.7302529388973882,0.2697470611026118,Mooresville Police Department - Asian,https://nccopwatch.org/agencies/176/search-rate
1600000US3734200,131,Jacksonville Police Department,Native American,360,71529,18,0.05,0.1863033518205932,-0.7316205022003625,0.26837949779963755,Jacksonville Police Department - Native American,https://nccopwatch.org/agencies/131/search-rate
0500000US37071,97,Gaston County Police Department,Native American,689,214110,5,0.00725689404934688,0.027388118044123534,-0.7350349506433524,0.26496504935664755,Gaston County Police Department - Native American,https://nccopwatch.org/agencies/97/search-rate
1600000US3725580,99,Gastonia Police Department,Native American,160,74695,3,0.01875,0.07179499191867138,-0.738839722675367,0.261160277324633,Gastonia Police Department - Native American,https://nccopwatch.org/agencies/99/search-rate
1600000US3700160,1,Aberdeen Police Department,Asian,149,7134,12,0.08053691275167785,0.3089761856299613,-0.7393426532615328,0.2606573467384672,Aberdeen Police Department - Asian,https://nccopwatch.org/agencies/1/search-rate
1600000US3774540,308,Wilson Police Department,Other,1148,48787,27,0.023519163763066203,0.09041297161148135,-0.7398695857035679,0.26013041429643213,Wilson Police Department - Other,https://nccopwatch.org/agencies/308/search-rate
1600000US3725480,96,Garner Police Department,Other,703,28020,33,0.04694167852062589,0.1814281139929555,-0.7412656865162114,0.2587343134837886,Garner Police Department - Other,https://nccopwatch.org/agencies/96/search-rate
1600000US3702080,11,Asheboro Police Department,Other,768,25737,36,0.046875,0.1813981120866064,-0.7415904748908297,0.25840952510917026,Asheboro Police Department - Other,https://nccopwatch.org/agencies/11/search-rate
1600000US3747845,204,North Topsail Beach Police Department,Other,32,969,6,0.1875,0.7280898876404495,-0.7424768518518519,0.25752314814814814,North Topsail Beach Police Department - Other,https://nccopwatch.org/agencies/204/search-rate
1600000US3726880,101,Goldsboro Police Department,Native American,92,35494,4,0.043478260869565216,0.16892840430510062,-0.7426231482596652,0.25737685174033476,Goldsboro Police Department - Native American,https://nccopwatch.org/agencies/101/search-rate
0500000US37147,222,Pitt County Sheriff's Office,Other,4175,170965,4,0.0009580838323353293,0.003738258708563245,-0.7437085266087543,0.2562914733912457,Pitt County Sheriff's Office - Other,https://nccopwatch.org/agencies/222/search-rate
1600000US3730120,111,Havelock Police Department,Native American,100,19912,3,0.03,0.1180601454064772,-0.7458922323303009,0.2541077676696991,Havelock Police Department - Native American,https://nccopwatch.org/agencies/111/search-rate
1600000US3720580,84,Elizabeth City Police Department,Other,391,18333,22,0.056265984654731455,0.2214442013129103,-0.7459134882686534,0.25408651173134655,Elizabeth City Police Department - Other,https://nccopwatch.org/agencies/84/search-rate
0500000US37011,16,Avery County Sheriff's Office,Other,527,17697,2,0.003795066413662239,0.014940886059503703,-0.7459945549047108,0.2540054450952892,Avery County Sheriff's Office - Other,https://nccopwatch.org/agencies/16/search-rate
1600000US3746340,198,New Bern Police Department,Asian,1447,29869,42,0.02902557014512785,0.11480804387568556,-0.7471817377486475,0.2528182622513525,New Bern Police Department - Asian,https://nccopwatch.org/agencies/198/search-rate
1600000US3719860,320,East Spencer Police Department,Black,1196,1488,200,0.16722408026755853,0.6645962732919255,-0.7483824586628325,0.2516175413371675,East Spencer Police Department - Black,https://nccopwatch.org/agencies/320/search-rate
1600000US3742060,164,Mayodan Police Department,Other,33,2522,2,0.06060606060606061,0.24189760450915923,-0.7494557222712562,0.25054427772874377,Mayodan Police Department - Other,https://nccopwatch.org/agencies/164/search-rate
1600000US3719000,80,Durham Police Department,Other,8127,252306,90,0.01107419712070875,0.04460020716217983,-0.7517007694506973,0.2482992305493027,Durham Police Department - Other,https://nccopwatch.org/agencies/80/search-rate
1600000US3771500,323,Waynesville Police Department,Other,184,9951,5,0.02717391304347826,0.10950044603033006,-0.7518374214114939,0.2481625785885061,Waynesville Police Department - Other,https://nccopwatch.org/agencies/323/search-rate
1600000US3757500,236,Rocky Mount Police Department,Other,1268,56103,25,0.01971608832807571,0.08010842609147009,-0.7538824654280023,0.2461175345719977,Rocky Mount Police Department - Other,https://nccopwatch.org/agencies/236/search-rate
1600000US3712720,57,Claremont Police Department,Other,47,1608,5,0.10638297872340426,0.43233357717629844,-0.7539331101270835,0.24606688987291647,Claremont Police Department - Other,https://nccopwatch.org/agencies/57/search-rate
1600000US3744800,179,Mount Airy Police Department,Native American,46,10419,2,0.043478260869565216,0.17689745419938138,-0.7542177129323704,0.2457822870676296,Mount Airy Police Department - Native American,https://nccopwatch.org/agencies/179/search-rate
1600000US3732640,125,Hope Mills Police Department,Other,914,15889,41,0.044857768052516414,0.18312121586556282,-0.7550378428819059,0.2449621571180941,Hope Mills Police Department - Other,https://nccopwatch.org/agencies/125/search-rate
1600000US3744100,174,Montreat Police Department,Asian,16,573,1,0.0625,0.256198347107438,-0.7560483870967741,0.24395161290322587,Montreat Police Department - Asian,https://nccopwatch.org/agencies/174/search-rate
1600000US3741060,159,Manteo Police Department,Other,35,1709,2,0.05714285714285714,0.23614274867122248,-0.7580156178226918,0.24198438217730822,Manteo Police Department - Other,https://nccopwatch.org/agencies/159/search-rate
1600000US3708860,33,Bunn Police Department,Asian,21,421,2,0.09523809523809523,0.39920948616600793,-0.7614332861857614,0.23856671381423855,Bunn Police Department - Asian,https://nccopwatch.org/agencies/33/search-rate
1600000US3738060,150,Lexington Police Department,Asian,749,19193,50,0.06675567423230974,0.2816686635442762,-0.7629992864938764,0.23700071350612362,Lexington Police Department - Asian,https://nccopwatch.org/agencies/150/search-rate
0500000US37179,285,Union County Sheriff's Office,Other,4652,216866,8,0.0017196904557179708,0.007306770179244206,-0.7646442390369733,0.23535576096302668,Union County Sheriff's Office - Other,https://nccopwatch.org/agencies/285/search-rate
0500000US37051,69,Cumberland County Sheriff's Office,Other,17482,326162,39,0.0022308660336345957,0.009516143335629942,-0.765570362388103,0.23442963761189695,Cumberland County Sheriff's Office - Other,https://nccopwatch.org/agencies/69/search-rate
1600000US3721160,326,Emerald Isle Police Department,Native American,14,3719,1,0.07142857142857142,0.3087557603686636,-0.7686567164179104,0.23134328358208955,Emerald Isle Police Department - Native American,https://nccopwatch.org/agencies/326/search-rate
1600000US3769840,287,Vass Police Department,Other,59,746,3,0.05084745762711865,0.2214765100671141,-0.7704160246533128,0.22958397534668717,Vass Police Department - Other,https://nccopwatch.org/agencies/287/search-rate
0500000US37133,208,Onslow County Sheriff's Office,Other,8458,187333,17,0.0020099314258689997,0.008934609478801188,-0.7750398122449685,0.22496018775503146,Onslow County Sheriff's Office - Other,https://nccopwatch.org/agencies/208/search-rate
1600000US3766960,271,Taylorsville Police Department,Other,92,2161,4,0.043478260869565216,0.19370758790869833,-0.7755469399058432,0.22445306009415678,Taylorsville Police Department - Other,https://nccopwatch.org/agencies/271/search-rate
1600000US3764160,322,Spring Hope Police Department,Other,44,1379,3,0.06818181818181818,0.30560271646859083,-0.7768939393939394,0.22310606060606064,Spring Hope Police Department - Other,https://nccopwatch.org/agencies/322/search-rate
1600000US3709360,37,Butner Public Safety,Other,240,7673,8,0.03333333333333333,0.1497005988023952,-0.7773333333333333,0.22266666666666668,Butner Public Safety - Other,https://nccopwatch.org/agencies/37/search-rate
1600000US3743920,172,Monroe Police Department,Other,665,33959,23,0.03458646616541353,0.15616841823415223,-0.7785309824067241,0.22146901759327586,Monroe Police Department - Other,https://nccopwatch.org/agencies/172/search-rate
1600000US3740660,329,Maiden Police Department,Native American,21,3437,1,0.047619047619047616,0.2167704137678506,-0.7803249678249679,0.21967503217503215,Maiden Police Department - Native American,https://nccopwatch.org/agencies/329/search-rate
1600000US3732180,123,Holly Ridge Police Department,Native American,38,2102,5,0.13157894736842105,0.6117445838084379,-0.7849119536959828,0.21508804630401723,Holly Ridge Police Department - Native American,https://nccopwatch.org/agencies/123/search-rate
0500000US37053,70,Currituck County Sheriff's Office,Other,598,25471,21,0.03511705685618729,0.1641025641025641,-0.7860054347826086,0.21399456521739135,Currituck County Sheriff's Office - Other,https://nccopwatch.org/agencies/70/search-rate
1600000US3760800,248,Shallotte Police Department,Other,131,3795,4,0.030534351145038167,0.14285714285714285,-0.7862595419847328,0.2137404580152672,Shallotte Police Department - Other,https://nccopwatch.org/agencies/248/search-rate
1600000US3764740,261,Statesville Police Department,Other,501,26180,18,0.03592814371257485,0.1681502715751358,-0.786333121106374,0.213666878893626,Statesville Police Department - Other,https://nccopwatch.org/agencies/261/search-rate
1600000US3725580,99,Gastonia Police Department,Other,2224,74695,34,0.015287769784172662,0.07179499191867138,-0.7870635628528172,0.2129364371471828,Gastonia Police Department - Other,https://nccopwatch.org/agencies/99/search-rate
1600000US3708960,34,Burgaw Police Department,Native American,27,3831,2,0.07407407407407407,0.3527013251783894,-0.789980732177264,0.21001926782273606,Burgaw Police Department - Native American,https://nccopwatch.org/agencies/34/search-rate
1600000US3737760,149,Lenoir Police Department,Native American,49,18062,2,0.04081632653061224,0.19543297746144722,-0.7911492366294014,0.2088507633705986,Lenoir Police Department - Native American,https://nccopwatch.org/agencies/149/search-rate
1600000US3742240,167,Mebane Police Department,Other,584,13907,25,0.04280821917808219,0.20804469273743018,-0.7942354663566941,0.20576453364330594,Mebane Police Department - Other,https://nccopwatch.org/agencies/167/search-rate
0500000US37023,35,Burke County Sheriff's Office,Other,1840,89515,3,0.0016304347826086956,0.007942130071111353,-0.7947106421060481,0.20528935789395186,Burke County Sheriff's Office - Other,https://nccopwatch.org/agencies/35/search-rate
1600000US3762520,252,Smithfield Police Department,Other,206,11673,9,0.043689320388349516,0.2128193073186021,-0.7947116690735948,0.2052883309264052,Smithfield Police Department - Other,https://nccopwatch.org/agencies/252/search-rate
1600000US3701380,6,Andrews Police Department,Hispanic,181,1943,2,0.011049723756906077,0.054003724394785846,-0.7953895980186703,0.20461040198132974,Andrews Police Department - Hispanic,https://nccopwatch.org/agencies/6/search-rate
1600000US3735600,138,Kernersville Police Department,Other,501,24214,20,0.03992015968063872,0.197226235192141,-0.7975920412325072,0.20240795876749285,Kernersville Police Department - Other,https://nccopwatch.org/agencies/138/search-rate
1600000US3710620,44,Carrboro Police Department,Other,724,20425,14,0.019337016574585635,0.09654068881438586,-0.7997008638319955,0.20029913616800454,Carrboro Police Department - Other,https://nccopwatch.org/agencies/44/search-rate
1600000US3766700,270,Tarboro Police Department,Other,159,11039,5,0.031446540880503145,0.1596177307848719,-0.8029884228658415,0.1970115771341585,Tarboro Police Department - Other,https://nccopwatch.org/agencies/270/search-rate
0500000US37101,132,Johnston County Sheriff's Office,Other,4039,186319,13,0.0032186184699182965,0.016370819566125967,-0.8033929543406507,0.19660704565934928,Johnston County Sheriff's Office - Other,https://nccopwatch.org/agencies/132/search-rate
1600000US3709060,36,Burlington Police Department,Other,1450,52731,36,0.02482758620689655,0.12808886873724779,-0.8061690570643881,0.19383094293561187,Burlington Police Department - Other,https://nccopwatch.org/agencies/36/search-rate
1600000US3745880,184,Nags Head Police Department,Other,62,2913,7,0.11290322580645161,0.5875856816450876,-0.8078523195283591,0.19214768047164088,Nags Head Police Department - Other,https://nccopwatch.org/agencies/184/search-rate
1600000US3721160,326,Emerald Isle Police Department,Other,118,3719,7,0.059322033898305086,0.3087557603686636,-0.8078674424487731,0.19213255755122693,Emerald Isle Police Department - Other,https://nccopwatch.org/agencies/326/search-rate
1600000US3744220,176,Mooresville Police Department,Other,873,36983,33,0.037800687285223365,0.19787502251035477,-0.8089668579406213,0.1910331420593787,Mooresville Police Department - Other,https://nccopwatch.org/agencies/176/search-rate
1600000US3772540,302,West Jefferson Police Department,Asian,21,1449,1,0.047619047619047616,0.2507788161993769,-0.8101153504880213,0.1898846495119787,West Jefferson Police Department - Asian,https://nccopwatch.org/agencies/302/search-rate
0500000US37025,38,Cabarrus County Sheriff's Office,Other,4837,195118,23,0.0047550134380814554,0.025329072510081412,-0.8122705268347715,0.18772947316522848,Cabarrus County Sheriff's Office - Other,https://nccopwatch.org/agencies/38/search-rate
1600000US3759280,245,Sanford Police Department,Other,572,29004,7,0.012237762237762238,0.06519421172886519,-0.812287595581988,0.18771240441801196,Sanford Police Department - Other,https://nccopwatch.org/agencies/245/search-rate
1600000US3761200,250,Shelby Police Department,Other,520,20586,11,0.021153846153846155,0.1133380631429585,-0.8133562056097267,0.18664379439027334,Shelby Police Department - Other,https://nccopwatch.org/agencies/250/search-rate
1600000US3702500,15,Atlantic Beach Police Department,Asian,58,1725,3,0.05172413793103448,0.281134401972873,-0.816016333938294,0.18398366606170602,Atlantic Beach Police Department - Asian,https://nccopwatch.org/agencies/15/search-rate
1600000US3730720,115,Hendersonville Police Department,Native American,80,13682,2,0.025,0.1362265252505595,-0.8164821428571429,0.18351785714285707,Hendersonville Police Department - Native American,https://nccopwatch.org/agencies/115/search-rate
1600000US3702140,13,Asheville Police Department,Other,2046,87583,30,0.01466275659824047,0.0807527324009872,-0.8184240190730534,0.1815759809269466,Asheville Police Department - Other,https://nccopwatch.org/agencies/13/search-rate
0500000US37021,32,Buncombe County Sheriff's Office,Other,5890,249975,12,0.0020373514431239388,0.011262573674808709,-0.819104273858742,0.18089572614125804,Buncombe County Sheriff's Office - Other,https://nccopwatch.org/agencies/32/search-rate
0500000US37071,97,Gaston County Police Department,Other,5141,214110,25,0.004862867146469559,0.027388118044123534,-0.8224461009465764,0.17755389905342356,Gaston County Police Department - Other,https://nccopwatch.org/agencies/97/search-rate
1600000US3724080,316,Forest City Police Department,Other,166,7319,6,0.03614457831325301,0.20769919427036707,-0.825976319069381,0.17402368093061904,Forest City Police Department - Other,https://nccopwatch.org/agencies/316/search-rate
1600000US3700160,1,Aberdeen Police Department,Other,265,7134,14,0.052830188679245285,0.3089761856299613,-0.8290153379570935,0.17098466204290652,Aberdeen Police Department - Other,https://nccopwatch.org/agencies/1/search-rate
1600000US3756360,229,Richlands Police Department,Native American,8,2239,1,0.125,0.7395437262357415,-0.8309768637532133,0.16902313624678666,Richlands Police Department - Native American,https://nccopwatch.org/agencies/229/search-rate
1600000US3745660,183,Murphy Police Department,Native American,51,1978,2,0.0392156862745098,0.23533045089561458,-0.8333590654109413,0.1666409345890587,Murphy Police Department - Native American,https://nccopwatch.org/agencies/183/search-rate
1600000US3772540,302,West Jefferson Police Department,Other,24,1449,1,0.041666666666666664,0.2507788161993769,-0.8338509316770186,0.16614906832298137,West Jefferson Police Department - Other,https://nccopwatch.org/agencies/302/search-rate
1600000US3736060,141,Kitty Hawk Police Department,Other,87,3435,8,0.09195402298850575,0.5558633425669437,-0.8345744071485852,0.16542559285141478,Kitty Hawk Police Department - Other,https://nccopwatch.org/agencies/141/search-rate
1600000US3748920,207,Old Fort Police Department,Other,26,954,3,0.11538461538461539,0.6984687868080094,-0.8348034764560902,0.1651965235439098,Old Fort Police Department - Other,https://nccopwatch.org/agencies/207/search-rate
1600000US3724570,93,Foxfire Village Police Department,Other,62,1250,1,0.016129032258064516,0.09788867562380038,-0.8352308665401644,0.16476913345983557,Foxfire Village Police Department - Other,https://nccopwatch.org/agencies/93/search-rate
1600000US3726880,101,Goldsboro Police Department,Other,1265,35494,35,0.02766798418972332,0.16892840430510062,-0.836214730710696,0.16378526928930404,Goldsboro Police Department - Other,https://nccopwatch.org/agencies/101/search-rate
1600000US3735920,140,Kinston Police Department,Other,537,21030,15,0.027932960893854747,0.1722134178552562,-0.8378003221715735,0.16219967782842648,Kinston Police Department - Other,https://nccopwatch.org/agencies/140/search-rate
1600000US3734200,131,Jacksonville Police Department,Other,3543,71529,107,0.030200395145357044,0.1863033518205932,-0.8378966623507692,0.1621033376492308,Jacksonville Police Department - Other,https://nccopwatch.org/agencies/131/search-rate
1600000US3714340,65,Conover Police Department,Other,176,8204,5,0.028409090909090908,0.17766497461928935,-0.8400974025974026,0.15990259740259738,Conover Police Department - Other,https://nccopwatch.org/agencies/65/search-rate
1600000US3731400,119,High Point Police Department,Other,2690,108444,74,0.0275092936802974,0.17207754063050715,-0.8401343163116991,0.1598656836883009,High Point Police Department - Other,https://nccopwatch.org/agencies/119/search-rate
1600000US3734840,134,Jonesville Police Department,Other,88,2506,5,0.056818181818181816,0.3573752711496746,-0.8410125534556491,0.15898744654435093,Jonesville Police Department - Other,https://nccopwatch.org/agencies/134/search-rate
1600000US3775280,343,Woodfin Police Department,Asian,140,6551,2,0.014285714285714285,0.09085757461276918,-0.8427680427680427,0.15723195723195726,Woodfin Police Department - Asian,https://nccopwatch.org/agencies/343/search-rate
1600000US3775000,309,Winston-Salem Police Department,Other,5641,237904,80,0.014181882644921113,0.09050832698378143,-0.8433085317391579,0.15669146826084213,Winston-Salem Police Department - Other,https://nccopwatch.org/agencies/309/search-rate
1600000US3771460,298,Waxhaw Police Department,Other,435,13189,10,0.022988505747126436,0.15038051750380518,-0.8471310903252827,0.15286890967471733,Waxhaw Police Department - Other,https://nccopwatch.org/agencies/298/search-rate
1600000US3776220,315,Zebulon Police Department,Other,158,5339,6,0.0379746835443038,0.25145154086645827,-0.8489781235245183,0.1510218764754817,Zebulon Police Department - Other,https://nccopwatch.org/agencies/315/search-rate
1600000US3766500,269,Sylva Police Department,Other,162,2669,7,0.043209876543209874,0.2895125553914328,-0.8507495590828924,0.1492504409171076,Sylva Police Department - Other,https://nccopwatch.org/agencies/269/search-rate
1600000US3708960,34,Burgaw Police Department,Other,95,3831,5,0.05263157894736842,0.3527013251783894,-0.8507757833891086,0.14922421661089136,Burgaw Police Department - Other,https://nccopwatch.org/agencies/34/search-rate
0500000US37129,199,New Hanover County Sheriff's Office,Other,5170,214924,11,0.002127659574468085,0.01448713835126316,-0.8531345858043407,0.14686541419565935,New Hanover County Sheriff's Office - Other,https://nccopwatch.org/agencies/199/search-rate
1600000US3712860,59,Clayton Police Department,Other,580,19736,14,0.02413793103448276,0.16491399690225808,-0.8536332179930797,0.14636678200692033,Clayton Police Department - Other,https://nccopwatch.org/agencies/59/search-rate
0500000US37001,2,Alamance County Sheriff's Office,Other,4119,158227,10,0.0024277737314882253,0.016727846314129092,-0.8548663297176745,0.1451336702823255,Alamance County Sheriff's Office - Other,https://nccopwatch.org/agencies/2/search-rate
1600000US3737760,149,Lenoir Police Department,Other,451,18062,12,0.026607538802660754,0.19543297746144722,-0.8638533826364612,0.13614661736353884,Lenoir Police Department - Other,https://nccopwatch.org/agencies/149/search-rate
1600000US3747000,201,Newton Police Department,Other,482,13057,7,0.014522821576763486,0.10988628452077048,-0.8678377229687986,0.13216227703120143,Newton Police Department - Other,https://nccopwatch.org/agencies/201/search-rate
1600000US3722920,89,Fayetteville Police Department,Other,11199,204903,221,0.019733904812929727,0.15245526269942009,-0.8705593728709977,0.12944062712900228,Fayetteville Police Department - Other,https://nccopwatch.org/agencies/89/search-rate
1600000US3747880,205,North Wilkesboro Police Department,Other,109,4248,3,0.027522935779816515,0.21362126245847177,-0.8711601295532695,0.1288398704467305,North Wilkesboro Police Department - Other,https://nccopwatch.org/agencies/205/search-rate
1600000US3745660,183,Murphy Police Department,Other,67,1978,2,0.029850746268656716,0.23533045089561458,-0.8731539154620598,0.12684608453794022,Murphy Police Department - Other,https://nccopwatch.org/agencies/183/search-rate
1600000US3731620,120,Hillsborough Police Department,Other,214,7057,5,0.02336448598130841,0.18567518248175183,-0.8741647339778181,0.12583526602218187,Hillsborough Police Department - Other,https://nccopwatch.org/agencies/120/search-rate
1600000US3736080,142,Knightdale Police Department,Other,572,14154,13,0.022727272727272728,0.1822144725370532,-0.8752718573292736,0.1247281426707264,Knightdale Police Department - Other,https://nccopwatch.org/agencies/142/search-rate
1600000US3700680,3,Albemarle Police Department,Other,392,16006,7,0.017857142857142856,0.14448204549727392,-0.8764057997955201,0.12359420020447986,Albemarle Police Department - Other,https://nccopwatch.org/agencies/3/search-rate
1600000US3774440,306,Wilmington Police Department,Other,2626,112574,33,0.012566641279512566,0.10440092337478592,-0.8796309374161382,0.12036906258386182,Wilmington Police Department - Other,https://nccopwatch.org/agencies/306/search-rate
1600000US3764180,254,Spring Lake Police Department,Other,942,12348,10,0.010615711252653927,0.09314550042052144,-0.8860308742265868,0.11396912577341323,Spring Lake Police Department - Other,https://nccopwatch.org/agencies/254/search-rate
1600000US3744400,177,Morganton Police Department,Other,545,16890,18,0.03302752293577982,0.2959375840731773,-0.8883969974979149,0.1116030025020851,Morganton Police Department - Other,https://nccopwatch.org/agencies/177/search-rate
0500000US37067,92,Forsyth County Sheriff's Office,Other,7893,364842,22,0.002787279868237679,0.025793613010111783,-0.8919391452781357,0.10806085472186433,Forsyth County Sheriff's Office - Other,https://nccopwatch.org/agencies/92/search-rate
1600000US3774020,304,Wilkesboro Police Department,Other,125,3486,5,0.04,0.37961595273264404,-0.8946303501945526,0.10536964980544739,Wilkesboro Police Department - Other,https://nccopwatch.org/agencies/304/search-rate
1600000US3738320,152,Lincolnton Police Department,Other,522,10759,4,0.007662835249042145,0.08563413553816625,-0.9105165807900648,0.08948341920993519,Lincolnton Police Department - Other,https://nccopwatch.org/agencies/152/search-rate
1600000US3744800,179,Mount Airy Police Department,Other,129,10419,2,0.015503875968992248,0.17689745419938138,-0.9123567038363491,0.08764329616365085,Mount Airy Police Department - Other,https://nccopwatch.org/agencies/179/search-rate
1600000US3735200,135,Kannapolis Police Department,Other,1181,46668,16,0.013547840812870448,0.15872466975586141,-0.9146456512796106,0.08535434872038938,Kannapolis Police Department - Other,https://nccopwatch.org/agencies/135/search-rate
1600000US3730120,111,Havelock Police Department,Other,996,19912,10,0.010040160642570281,0.1180601454064772,-0.9149572397357099,0.08504276026429014,Havelock Police Department - Other,https://nccopwatch.org/agencies/111/search-rate
1600000US3714100,64,Concord Police Department,Other,2235,87081,36,0.016107382550335572,0.20755321756509607,-0.9223939636335258,0.07760603636647423,Concord Police Department - Other,https://nccopwatch.org/agencies/64/search-rate
1600000US3756360,229,Richlands Police Department,Other,99,2239,5,0.050505050505050504,0.7395437262357415,-0.9317078237386721,0.06829217626132789,Richlands Police Department - Other,https://nccopwatch.org/agencies/229/search-rate
1600000US3758860,242,Salisbury Police Department,Other,925,33743,5,0.005405405405405406,0.08259212198221093,-0.9345530145530145,0.06544698544698546,Salisbury Police Department - Other,https://nccopwatch.org/agencies/242/search-rate
1600000US3731060,117,Hickory Police Department,Other,1019,40901,11,0.010794896957801767,0.16926913901539797,-0.9362264319379577,0.06377356806204226,Hickory Police Department - Other,https://nccopwatch.org/agencies/117/search-rate
1600000US3755900,228,Reidsville Police Department,Other,518,14289,5,0.009652509652509652,0.18548494095794082,-0.9479606829392236,0.05203931706077636,Reidsville Police Department - Other,https://nccopwatch.org/agencies/228/search-rate
1600000US3738060,150,Lexington Police Department,Other,680,19193,9,0.013235294117647059,0.2816686635442762,-0.9530111232428006,0.04698887675719943,Lexington Police Department - Other,https://nccopwatch.org/agencies/150/search-rate
