{
"type": "FeatureCollection",
"name": "North_Carolina_State_and_County_Boundary_Polygons_simplified",
"crs": { "type": "name", "properties": { "name": "urn:ogc:def:crs:OGC:1.3:CRS84" } },
"features": [
{ "type": "Feature", "properties": { "OBJECTID": 1, "County": "Alamance", "FIPS": "001", "Rec_Survey": "Recorded survey data is available. Visit North Carolina Geodetic Survey for information. https://ncgs.state.nc.us", "NCGS_url": "https://ncem-gis.maps.arcgis.com/apps/webappviewer/index.html?id=8f3edbd62c004edd8b4fe3640f224738", "ck_date": "2025-01-13T00:00:00Z", "Shape__Area": 12107170832.836914, "Shape__Length": 476733.36207283533, "GlobalID": "acd66e2b-e702-4b3a-82c1-eb86e12d3804" }, "geometry": { "type": "Polygon", "coordinates": [ [ [ -79.260105925611001, 36.1077749940982 ], [ -79.258698261155999, 36.103770914713003 ], [ -79.260110907660007, 36.103226875082598 ], [ -79.261439475237907, 36.070877468125602 ], [ -79.260465964373495, 36.0664908860726 ], [ -79.262143299093907, 36.061688887126799 ], [ -79.260863007972503, 36.040093385766397 ], [ -79.263380691881906, 35.973721715540897 ], [ -79.264543096746195, 35.973752251384298 ], [ -79.262927301167295, 35.968674908656197 ], [ -79.263991167829204, 35.967799082111398 ], [ -79.264029896413405, 35.914121349200997 ], [ -79.267152232575299, 35.913697942578899 ], [ -79.268437858333002, 35.910937579772302 ], [ -79.268245911916495, 35.909188785456401 ], [ -79.260422499452105, 35.905621138885202 ], [ -79.2567077710559, 35.901601460452 ], [ -79.2579609673449, 35.8915299286164 ], [ -79.249339680681999, 35.876002798521 ], [ -79.250957553442703, 35.871130262786899 ], [ -79.248931576221693, 35.866171753496403 ], [ -79.250404405527902, 35.8570018078129 ], [ -79.248383423481997, 35.854642761443102 ], [ -79.236910016267402, 35.850560292912803 ], [ -79.237289142789194, 35.844129482417102 ], [ -79.542430904914099, 35.843310330113901 ], [ -79.538010524715901, 36.114596827704702 ], [ -79.5318693550348, 36.249681698759403 ], [ -79.257955236953904, 36.243451985443699 ], [ -79.260105925611001, 36.1077749940982 ] ] ] } },
{ "type": "Feature", "properties": { "OBJECTID": 2, "County": "Alexander", "FIPS": "003", "Rec_Survey": "Recorded survey data is available. Visit North Carolina Geodetic Survey for information. https://ncgs.state.nc.us", "NCGS_url": "https://ncem-gis.maps.arcgis.com/apps/webappviewer/index.html?id=8f3edbd62c004edd8b4fe3640f224738", "ck_date": "2025-01-13T00:00:00Z", "Shape__Area": 7343450074.8035889, "Shape__Length": 387342.13729154179, "GlobalID": "6a1dac25-2574-4182-b77b-0074a5482dac" }, "geometry": { "type": "Polygon", "coordinates": [ [ [ -81.109510370646106, 35.776600498093202 ], [ -81.116644009683895, 35.783400015204002 ], [ -81.122647431143093, 35.7849242852758 ], [ -81.128522083822205, 35.789360672821203 ], [ -81.129297022720806, 35.800939845936703 ], [ -81.1322288523412, 35.805151997452001 ], [ -81.138344844894505, 35.808637599153698 ], [ -81.141224379617, 35.813066021360598 ], [ -81.141335730074502, 35.827255468525799 ], [ -81.144063808430502, 35.8292673568168 ], [ -81.153636721170699, 35.828918946266199 ], [ -81.160622096145104, 35.825238480348503 ], [ -81.1679318900689, 35.826006865888402 ], [ -81.175094486035206, 35.823484064280002 ], [ -81.195293616418795, 35.821274718364499 ], [ -81.204359720067004, 35.823403189821697 ], [ -81.215241507302494, 35.818146826240003 ], [ -81.225183071935405, 35.809937759759997 ], [ -81.249266338365501, 35.815863156073704 ], [ -81.254456921602895, 35.808841542550901 ], [ -81.267765656041703, 35.804356665422297 ], [ -81.281228096253201, 35.806215426516999 ], [ -81.290255631096201, 35.799757152839099 ], [ -81.298284311565396, 35.798158341489398 ], [ -81.306886146097099, 35.803194217740099 ], [ -81.315912868723402, 35.796653615584297 ], [ -81.333859485678303, 35.796256228970698 ], [ -81.331708788083702, 35.802807781436897 ], [ -81.334630438011004, 35.803461378318303 ], [ -81.338087695366397, 35.812430879765202 ], [ -81.336063815023905, 35.814756601836997 ], [ -81.340127075069105, 35.816113111445901 ], [ -81.337482248297704, 35.818295512910701 ], [ -81.339785697724395, 35.823857543610202 ], [ -81.340960048470507, 35.824374156693501 ], [ -81.3424977969525, 35.822444357899599 ], [ -81.344037699273898, 35.824560128480201 ], [ -81.333382801712105, 35.878902654659797 ], [ -81.342908953954307, 35.923209862812101 ], [ -81.328327966533706, 35.996589638107899 ], [ -81.326494704876595, 35.994836281283902 ], [ -81.322511701943299, 35.996853701498999 ], [ -81.317858114459398, 35.996875876080402 ], [ -81.313903399340902, 36.001467554995102 ], [ -81.314507672364996, 36.004140221672301 ], [ -81.311962502995002, 36.0051301237893 ], [ -81.301199754912602, 36.004358718671497 ], [ -81.300389017360104, 36.006168068217498 ], [ -81.283873126677406, 36.012901221208899 ], [ -81.284468213089397, 36.0154336018077 ], [ -81.281407919662698, 36.018265520226798 ], [ -81.272058500188393, 36.021630672824202 ], [ -81.268454795958306, 36.0249902926912 ], [ -81.256527549544103, 36.0264597575053 ], [ -81.253219321402597, 36.025430256087702 ], [ -81.249877887966903, 36.027271045930497 ], [ -81.244380912681507, 36.0248387252485 ], [ -81.240716725614007, 36.026391478288602 ], [ -81.237814169213806, 36.030892554022103 ], [ -81.232352150369493, 36.030169972936697 ], [ -81.230156560142504, 36.031460546456003 ], [ -81.219345936312905, 36.029832087120397 ], [ -81.212257179279703, 36.034113951536 ], [ -81.207422064788105, 36.032724237733802 ], [ -81.202871072497103, 36.036154571375398 ], [ -81.195905972841999, 36.035039874818096 ], [ -81.190283870769207, 36.037218906800099 ], [ -81.189532374559306, 36.035556373386498 ], [ -81.1858290060256, 36.035719428439599 ], [ -81.182485828365103, 36.033067730840898 ], [ -81.175734881297103, 36.031112258131799 ], [ -81.173832746912396, 36.029068823929201 ], [ -81.1739067731517, 36.026168890128801 ], [ -81.1673278564339, 36.025497107519499 ], [ -81.145537317354197, 36.033876626255797 ], [ -81.139826268491703, 36.0376594571593 ], [ -81.136818127404098, 36.036392184783899 ], [ -81.123464274131607, 36.037812135686899 ], [ -81.121512265018893, 36.035627822326802 ], [ -81.115802963679201, 36.034254629921399 ], [ -81.111692840354394, 36.037745583495898 ], [ -81.104929264222406, 36.0355111196045 ], [ -81.098587911440404, 36.030898020330298 ], [ -81.098116768381303, 36.028169298738298 ], [ -81.057575378960195, 36.0315571736053 ], [ -81.048511546774506, 36.041086594522298 ], [ -81.028837393172793, 36.045659104456703 ], [ -81.003417252195504, 35.9967856287358 ], [ -81.0055470551208, 35.958281654356 ], [ -81.041347827290195, 35.857839002775599 ], [ -81.060451411625195, 35.835114101492699 ], [ -81.064979041959901, 35.824159900664398 ], [ -81.070677575504305, 35.817593273149697 ], [ -81.077425524748406, 35.812822138304 ], [ -81.0792382708254, 35.809179467683201 ], [ -81.078914913971303, 35.8028033441188 ], [ -81.086784188488807, 35.796658393029603 ], [ -81.0938423097368, 35.793931428546898 ], [ -81.101189438698299, 35.787324483963502 ], [ -81.102371998104701, 35.782917958237299 ], [ -81.105797728465703, 35.781933746495298 ], [ -81.1064272527951, 35.778499175576101 ], [ -81.109510370646106, 35.776600498093202 ] ] ] } },
{ "type": "Feature", "properties": { "OBJECTID": 3, "County": "Alleghany", "FIPS": "005", "Rec_Survey": "No recent survey data available", "NCGS_url": " ", "ck_date": "2011-11-29T00:00:00Z", "Shape__Area": 6576362290.6971436, "Shape__Length": 439166.71718466305, "GlobalID": "d8e726fa-ac7d-4212-a981-6ea0b111cee0" }, "geometry": { "type": "Polygon", "coordinates": [ [ [ -81.253652425566997, 36.3666023343227 ], [ -81.250683402503995, 36.371706696976801 ], [ -81.246432722731896, 36.374342201363397 ], [ -81.246204839459295, 36.378841909686699 ], [ -81.244103712002499, 36.382328046090301 ], [ -81.246997904935597, 36.387237322379697 ], [ -81.245518429260301, 36.391054283485602 ], [ -81.255322035072794, 36.396460632217 ], [ -81.254995417369102, 36.398920551666897 ], [ -81.259413199787502, 36.3986185010627 ], [ -81.263410108552094, 36.403651017807697 ], [ -81.266023538378406, 36.403014683537897 ], [ -81.266944722277103, 36.408878964918301 ], [ -81.264501820669906, 36.406873475399799 ], [ -81.262845502552494, 36.408041963799597 ], [ -81.266582268532503, 36.415255712284001 ], [ -81.262544019705501, 36.4187960226892 ], [ -81.265355120874901, 36.432959993441003 ], [ -81.269044336647198, 36.437547412456098 ], [ -81.272306475830803, 36.447123215484297 ], [ -81.279664579838496, 36.451620958300097 ], [ -81.287058351390698, 36.461760413172698 ], [ -81.294537793963798, 36.465474842175396 ], [ -81.296356020916505, 36.4645883737616 ], [ -81.297110532427695, 36.468924792453102 ], [ -81.299433992849799, 36.471740508236699 ], [ -81.299120570015504, 36.474332209612101 ], [ -81.304565335270794, 36.475954731750598 ], [ -81.304191350003606, 36.4784207954133 ], [ -81.322593105435899, 36.496837500303201 ], [ -81.326604191038996, 36.504881836053997 ], [ -81.328345706912799, 36.517357843813699 ], [ -81.332195677838399, 36.522864920123602 ], [ -81.338016115266896, 36.526888307546002 ], [ -81.341242942425396, 36.533148937209504 ], [ -81.347496219392497, 36.540151385917397 ], [ -81.347960027092, 36.542697406151198 ], [ -81.345533909962299, 36.545435889149999 ], [ -81.346084863067702, 36.551827495368499 ], [ -81.349055985978097, 36.552007383046401 ], [ -81.351690594267794, 36.546342003416498 ], [ -81.353153719856294, 36.546085080505698 ], [ -81.353262300280306, 36.574699165983397 ], [ -81.306890085671895, 36.574970965228097 ], [ -81.176937081444194, 36.571892199193002 ], [ -81.003810999997697, 36.563663418435198 ], [ -80.901644626449198, 36.561773462636502 ], [ -80.908360242086701, 36.556773985671498 ], [ -80.9090932390571, 36.552843987236898 ], [ -80.918618466525302, 36.5403298322083 ], [ -80.926865622361007, 36.501317788237998 ], [ -80.963881328712603, 36.459283616473897 ], [ -80.973645971980204, 36.453480748980503 ], [ -80.947182879300797, 36.419079008942902 ], [ -80.968402026256996, 36.400942350700397 ], [ -80.971286426614896, 36.395579893358097 ], [ -80.981671114040395, 36.391238554686602 ], [ -80.984030848097603, 36.388830981877597 ], [ -80.979429944377202, 36.379073512591802 ], [ -80.981376326843403, 36.3761675327696 ], [ -80.994654154215894, 36.379403585552701 ], [ -81.013674105701497, 36.371148211108803 ], [ -81.026688652616699, 36.373199355155002 ], [ -81.043790178761398, 36.3933272272089 ], [ -81.044272469673501, 36.4110677543759 ], [ -81.078050676912895, 36.417927672975203 ], [ -81.079769142924206, 36.422432954308398 ], [ -81.078797328933405, 36.425922213338303 ], [ -81.083320982494001, 36.429847302814501 ], [ -81.083730348947796, 36.433033196860798 ], [ -81.091789140446394, 36.435929050799203 ], [ -81.095115067085402, 36.440779999504898 ], [ -81.128401571808794, 36.425906253418098 ], [ -81.128274598079798, 36.422133091946101 ], [ -81.132626422912494, 36.415488714413499 ], [ -81.138245758327002, 36.412485924623297 ], [ -81.142634771396501, 36.4192053252143 ], [ -81.147656866717, 36.4191885568668 ], [ -81.146859719177996, 36.421930188557603 ], [ -81.148927086050307, 36.425129654750798 ], [ -81.160442334333496, 36.429062351467401 ], [ -81.162959893124295, 36.432522093505803 ], [ -81.189286066778706, 36.399389091694701 ], [ -81.212591244509696, 36.385561514821902 ], [ -81.220171542625806, 36.377609922035099 ], [ -81.230826589958795, 36.374987787600602 ], [ -81.238107070599895, 36.370371221474201 ], [ -81.238288254659594, 36.368301544610901 ], [ -81.243526210566202, 36.366064564681501 ], [ -81.249273211895499, 36.367622344625403 ], [ -81.253652425566997, 36.3666023343227 ] ] ] } },
{ "type": "Feature", "properties": { "OBJECTID": 4, "County": "Anson", "FIPS": "007", "Rec_Survey": "No recent survey data available", "NCGS_url": " ", "ck_date": "2011-11-29T00:00:00Z", "Shape__Area": 14970199232.784241, "Shape__Length": 575503.75486589491, "GlobalID": "e4518706-732a-4abe-9079-9de6523b4747" }, "geometry": { "type": "Polygon", "coordinates": [ [ [ -80.276831944978596, 35.195728569575003 ], [ -80.271510257775304, 35.201676685306602 ], [ -80.265015113432995, 35.204056602560598 ], [ -80.263857748860005, 35.208417116240398 ], [ -80.253459828103601, 35.211074721139497 ], [ -80.251096339981103, 35.2083411571817 ], [ -80.250548326929604, 35.202103599165099 ], [ -80.2400017680785, 35.1880738938221 ], [ -80.2421027141975, 35.181580111773897 ], [ -80.241244530742705, 35.179076499519802 ], [ -80.225005100310099, 35.156248027880501 ], [ -80.207841014229601, 35.155992953591102 ], [ -80.205255421977597, 35.165440343598398 ], [ -80.197805750356807, 35.166661376901303 ], [ -80.194922991239693, 35.165388190570098 ], [ -80.193531449697801, 35.158884209995897 ], [ -80.190836443184295, 35.155651936104597 ], [ -80.185930631055399, 35.1546351345592 ], [ -80.174743756988804, 35.148235785273997 ], [ -80.165920339093304, 35.147429165168397 ], [ -80.161233291517505, 35.148493830160398 ], [ -80.159689546677996, 35.150547715546097 ], [ -80.166604653860304, 35.158482636664701 ], [ -80.1675141542284, 35.162424525796403 ], [ -80.159147297910494, 35.167338713513402 ], [ -80.157023115297307, 35.173803928436598 ], [ -80.151643030742903, 35.174556229337902 ], [ -80.141897960097097, 35.168258447645997 ], [ -80.135745601563102, 35.167642799963701 ], [ -80.131769918314802, 35.173369398977499 ], [ -80.124178520254404, 35.175288116068799 ], [ -80.129117079683198, 35.184636249921802 ], [ -80.128671517541903, 35.188057716615397 ], [ -80.122151075160502, 35.192489699211002 ], [ -80.112646944750907, 35.1938889155197 ], [ -80.108502990252305, 35.1897422130085 ], [ -80.108881077061994, 35.178676491778504 ], [ -80.107073704912395, 35.173068676653202 ], [ -80.091951755413206, 35.1627559512443 ], [ -80.077681082649903, 35.147602055811802 ], [ -80.0753677123475, 35.143087777678303 ], [ -80.074221089871997, 35.132409383333702 ], [ -80.069027849509098, 35.122297625278797 ], [ -80.069688799939797, 35.115009150158798 ], [ -80.068486622028701, 35.112369919047602 ], [ -80.042208781545895, 35.1029735011019 ], [ -80.023753530721194, 35.0902155488616 ], [ -79.993380411805106, 35.085466982310599 ], [ -79.984173285814904, 35.090806052290098 ], [ -79.981409017113506, 35.097444169180498 ], [ -79.977591938305494, 35.101792413041402 ], [ -79.956994951959999, 35.114368399111498 ], [ -79.941647923219605, 35.119229904280502 ], [ -79.930612181535594, 35.1186845400034 ], [ -79.923975280087106, 35.1154367364487 ], [ -79.921903076603002, 35.106691917685602 ], [ -79.912521408666194, 35.096073738221698 ], [ -79.9123444538493, 35.075345082692799 ], [ -79.908985757342904, 35.066970256179999 ], [ -79.903135522302605, 35.062075027463301 ], [ -79.883598540252905, 35.051728484206599 ], [ -79.876192084607396, 35.043454440512001 ], [ -79.876746832707596, 35.035951553508802 ], [ -79.892430236515295, 35.024876642942601 ], [ -79.894648503846199, 35.016441990372897 ], [ -79.900020061780097, 35.009047329417903 ], [ -79.900629628159905, 35.005743983008898 ], [ -79.880499341847298, 34.9888399142446 ], [ -79.864796471140096, 34.979994586674501 ], [ -79.863815978011601, 34.974215220520499 ], [ -79.872344360705597, 34.9550099862983 ], [ -79.872305854215398, 34.950377534380003 ], [ -79.866996821930897, 34.939816443042098 ], [ -79.860111768053002, 34.933196094512702 ], [ -79.855651310356905, 34.9250800088722 ], [ -79.849613394787198, 34.911368736597602 ], [ -79.848479168628401, 34.904292422832398 ], [ -79.850539051799799, 34.8983833118237 ], [ -79.866653358598498, 34.8785476602215 ], [ -79.883138861322905, 34.864457466887103 ], [ -79.897079755228106, 34.859992009253197 ], [ -79.902136659030205, 34.855736047891497 ], [ -79.908859807940502, 34.841174242833198 ], [ -79.913905465178999, 34.818458834725398 ], [ -79.923092022916293, 34.808762596007099 ], [ -79.931260957475203, 34.806717623838402 ], [ -80.320828841538102, 34.813936269942303 ], [ -80.276831944978596, 35.195728569575003 ] ] ] } },
{ "type": "Feature", "properties": { "OBJECTID": 5, "County": "Ashe", "FIPS": "009", "Rec_Survey": "Recorded survey data is available. Visit North Carolina Geodetic Survey for information. https://ncgs.state.nc.us", "NCGS_url": "https://ncem-gis.maps.arcgis.com/apps/webappviewer/index.html?id=8f3edbd62c004edd8b4fe3640f224738", "ck_date": "2025-01-13T00:00:00Z", "Shape__Area": 11939263960.18689, "Shape__Length": 520084.24433268269, "GlobalID": "6d39c7ea-b7f4-4ac8-be47-65dfe4a46074" }, "geometry": { "type": "Polygon", "coordinates": [ [ [ -81.477311723691599, 36.240260945159697 ], [ -81.486317583260899, 36.241262756718399 ], [ -81.5148605556316, 36.2569071295962 ], [ -81.521684126523098, 36.255336086261501 ], [ -81.532607884610897, 36.265711739474703 ], [ -81.546772176914502, 36.272236136413703 ], [ -81.552343565367593, 36.2764745726614 ], [ -81.566122510692296, 36.272044137470203 ], [ -81.573983286002203, 36.281634914367899 ], [ -81.574173453981203, 36.283727653621298 ], [ -81.582162465613195, 36.291117585762699 ], [ -81.5892398822036, 36.303096178433002 ], [ -81.597371907175102, 36.308745955156603 ], [ -81.638189322241402, 36.3496132810535 ], [ -81.7287844539823, 36.391315570719101 ], [ -81.731961249282705, 36.3949358115702 ], [ -81.739371790938193, 36.395597970856599 ], [ -81.738273857973894, 36.400841053618997 ], [ -81.741409392589702, 36.403070840217801 ], [ -81.740026110898697, 36.408308473756399 ], [ -81.741674263649898, 36.412511800757201 ], [ -81.737663911918204, 36.413524759180198 ], [ -81.734521688307098, 36.412503702445697 ], [ -81.733653255176506, 36.414691182897798 ], [ -81.729444783982103, 36.415901983691597 ], [ -81.727155693455899, 36.4198758592999 ], [ -81.720880079739899, 36.422477193473398 ], [ -81.717850926742699, 36.429863537239903 ], [ -81.721320574592397, 36.43390723788 ], [ -81.714833950646195, 36.437123670348399 ], [ -81.714502187443003, 36.441486971812303 ], [ -81.717829733276403, 36.445030543077998 ], [ -81.713790651926303, 36.447180497501201 ], [ -81.715628578721706, 36.451642275143698 ], [ -81.715214794689004, 36.454950107397501 ], [ -81.716862020008904, 36.456587214758201 ], [ -81.709672176706206, 36.459386088461898 ], [ -81.708121744376598, 36.462233175527601 ], [ -81.699005221079602, 36.464075137886901 ], [ -81.695033033664103, 36.467464957688598 ], [ -81.696182704112005, 36.469751887995102 ], [ -81.694611547957507, 36.473378968700899 ], [ -81.696353706482597, 36.475543967470998 ], [ -81.697930456828999, 36.488792855748201 ], [ -81.695952975356093, 36.491626218678803 ], [ -81.697248393385806, 36.496430647168097 ], [ -81.700257373657493, 36.498463918314897 ], [ -81.697427738222501, 36.502162281224102 ], [ -81.697094742309602, 36.505927246979198 ], [ -81.698401654012201, 36.506443376319297 ], [ -81.698347788777397, 36.509723883820797 ], [ -81.702974099174597, 36.521148483609302 ], [ -81.708101949682998, 36.524120985315797 ], [ -81.708078718663998, 36.535694071248201 ], [ -81.699798408269501, 36.536733864069298 ], [ -81.699771657309796, 36.5403227904795 ], [ -81.693793587349901, 36.547983842361297 ], [ -81.693364413353393, 36.551005986630599 ], [ -81.690225074293593, 36.551693117221497 ], [ -81.691001694420805, 36.5553968594715 ], [ -81.689551684396207, 36.561447708014001 ], [ -81.691882002291607, 36.565948242893398 ], [ -81.691289473097797, 36.567723342832799 ], [ -81.680075782928697, 36.568679140725997 ], [ -81.677050806435005, 36.570762071189797 ], [ -81.679217674486793, 36.578675211109797 ], [ -81.676982825602806, 36.5811313120671 ], [ -81.680123613677907, 36.5856267380885 ], [ -81.6774937504115, 36.588143910127002 ], [ -81.600458813493802, 36.5869552699587 ], [ -81.520364375805698, 36.580528538897298 ], [ -81.353262300280306, 36.574699165983397 ], [ -81.353153719856294, 36.546085080505698 ], [ -81.351690594267794, 36.546342003416498 ], [ -81.349055985978097, 36.552007383046401 ], [ -81.346084863067702, 36.551827495368499 ], [ -81.345533909962299, 36.545435889149999 ], [ -81.347960027092, 36.542697406151198 ], [ -81.347496219392497, 36.540151385917397 ], [ -81.341242942425396, 36.533148937209504 ], [ -81.338016115266896, 36.526888307546002 ], [ -81.332195677838399, 36.522864920123602 ], [ -81.328345706912799, 36.517357843813699 ], [ -81.326604191038996, 36.504881836053997 ], [ -81.322593105435899, 36.496837500303201 ], [ -81.304191350003606, 36.4784207954133 ], [ -81.304565335270794, 36.475954731750598 ], [ -81.299120570015504, 36.474332209612101 ], [ -81.299433992849799, 36.471740508236699 ], [ -81.297110532427695, 36.468924792453102 ], [ -81.296356020916505, 36.4645883737616 ], [ -81.294537793963798, 36.465474842175396 ], [ -81.287058351390698, 36.461760413172698 ], [ -81.279664579838496, 36.451620958300097 ], [ -81.272061055945201, 36.446826380775398 ], [ -81.269044336647198, 36.437547412456098 ], [ -81.263764287258297, 36.428936114656899 ], [ -81.264392514083795, 36.423831987490203 ], [ -81.2626433294066, 36.418264652756797 ], [ -81.265425814552103, 36.417575663861001 ], [ -81.266582268532503, 36.415255712284001 ], [ -81.262845502552494, 36.408041963799597 ], [ -81.264501820669906, 36.406873475399799 ], [ -81.266944722277103, 36.408878964918301 ], [ -81.266023538378406, 36.403014683537897 ], [ -81.263410108552094, 36.403651017807697 ], [ -81.259413199787502, 36.3986185010627 ], [ -81.254995417369102, 36.398920551666897 ], [ -81.255322035072794, 36.396460632217 ], [ -81.245546906623005, 36.391175440166101 ], [ -81.246997904935597, 36.387237322379697 ], [ -81.244103712002499, 36.382328046090301 ], [ -81.246204839459295, 36.378841909686699 ], [ -81.246432722731896, 36.374342201363397 ], [ -81.250683402503995, 36.371706696976801 ], [ -81.253652425566997, 36.3666023343227 ], [ -81.249986400019907, 36.362651766405101 ], [ -81.259331405157099, 36.356319921150998 ], [ -81.277459197461098, 36.354172962792802 ], [ -81.282009438673001, 36.354599855741398 ], [ -81.291915654431904, 36.364819000945801 ], [ -81.306480150682901, 36.3644310746757 ], [ -81.314909545468495, 36.368074696254702 ], [ -81.319059035303397, 36.3677280269753 ], [ -81.322420773275098, 36.3734980699762 ], [ -81.333729986724606, 36.3707280866101 ], [ -81.334935150980897, 36.369156727194202 ], [ -81.343159170390706, 36.371268520438399 ], [ -81.351634220176393, 36.366702129237503 ], [ -81.359223759660594, 36.366689371025103 ], [ -81.362896226161396, 36.3636644416938 ], [ -81.363101090793407, 36.361064509356702 ], [ -81.366607030503005, 36.359138240505601 ], [ -81.362973144393607, 36.313232074531498 ], [ -81.361369369665098, 36.309510117182597 ], [ -81.363013889832203, 36.304799113533299 ], [ -81.366761904223793, 36.303479858105597 ], [ -81.366728982974806, 36.284454073647098 ], [ -81.373352124882501, 36.2848789536053 ], [ -81.378801549311305, 36.289257938177897 ], [ -81.38832186082, 36.2846861878037 ], [ -81.405449107169204, 36.290700913909298 ], [ -81.4092361786401, 36.294404276324201 ], [ -81.414362672143398, 36.294641848652503 ], [ -81.415839275779405, 36.291661187158397 ], [ -81.413128541208096, 36.281463727417297 ], [ -81.416802783511301, 36.277966828987701 ], [ -81.428971698584704, 36.272968198794501 ], [ -81.430241203041305, 36.266043172942901 ], [ -81.440359927307597, 36.262168497636502 ], [ -81.442927093776007, 36.259780616788397 ], [ -81.453876046298802, 36.261560327609303 ], [ -81.464610290847602, 36.2568923806543 ], [ -81.477311723691599, 36.240260945159697 ] ] ] } },
{ "type": "Feature", "properties": { "OBJECTID": 6, "County": "Avery", "FIPS": "011", "Rec_Survey": "No recent survey data available", "NCGS_url": " ", "ck_date": "2011-11-29T00:00:00Z", "Shape__Area": 6899636777.632019, "Shape__Length": 431595.67473923456, "GlobalID": "ad657a48-8f17-4186-8730-4568cba065d7" }, "geometry": { "type": "Polygon", "coordinates": [ [ [ -82.034096871996198, 35.942049235756201 ], [ -82.048329063321404, 35.963849841705297 ], [ -82.056094904663098, 35.981110517331601 ], [ -82.059137973210895, 35.988353286314698 ], [ -82.058076533696095, 35.995250851332202 ], [ -82.055117235384103, 35.999483233131599 ], [ -82.048861614408196, 36.001670353904302 ], [ -82.049010182990699, 36.008275637899899 ], [ -82.044121420493497, 36.006100794638101 ], [ -82.039178999918605, 36.007781382124101 ], [ -82.071930104765798, 36.069679527284102 ], [ -82.069495296627096, 36.075958188606798 ], [ -82.071733732026303, 36.080406145868999 ], [ -82.076848532107107, 36.085080449203197 ], [ -82.075826461555806, 36.095734905566403 ], [ -82.080891147988794, 36.100297623420097 ], [ -82.080923333198101, 36.104769093627397 ], [ -82.080031830054295, 36.106439690155199 ], [ -82.067266985286807, 36.112144653421304 ], [ -82.061873141110595, 36.113069106238498 ], [ -82.054320964286703, 36.126631423076503 ], [ -82.044758766250695, 36.125563037122902 ], [ -82.038927326492598, 36.121573629271502 ], [ -82.033842765547803, 36.120481844695199 ], [ -82.030070369244001, 36.123399695101298 ], [ -82.026204659596004, 36.1312150950762 ], [ -81.962219289076003, 36.224955474987901 ], [ -81.918122418605407, 36.287135795006002 ], [ -81.912834817593406, 36.281477437360202 ], [ -81.907576491220198, 36.278559550219903 ], [ -81.900075284806704, 36.280738678354901 ], [ -81.895360947999905, 36.2721231497082 ], [ -81.893492892910601, 36.264537904570702 ], [ -81.897064034882902, 36.26201728302 ], [ -81.895513168089295, 36.260357321971803 ], [ -81.895860431855297, 36.258256766093197 ], [ -81.897935314586306, 36.2575292989793 ], [ -81.896081495632899, 36.256437164248602 ], [ -81.896678443631203, 36.255086503088599 ], [ -81.900040474467502, 36.254017524412902 ], [ -81.900950644595298, 36.252172584487802 ], [ -81.902207660073998, 36.254308811592203 ], [ -81.903947194832398, 36.251435504376701 ], [ -81.903393394999696, 36.249377060580599 ], [ -81.899893045819894, 36.248606921693003 ], [ -81.897029517286597, 36.242744906186203 ], [ -81.902240341024296, 36.239182130142801 ], [ -81.907746562233299, 36.238645872110098 ], [ -81.907902304148195, 36.234105060657598 ], [ -81.911241364520606, 36.229508909814697 ], [ -81.907452702715204, 36.223747703745403 ], [ -81.906766413255696, 36.218262786040498 ], [ -81.909011721772799, 36.216398949512701 ], [ -81.903136418255997, 36.2073311040471 ], [ -81.888327370900299, 36.196614376204401 ], [ -81.885386818692893, 36.189458351265401 ], [ -81.8566694080383, 36.193627055382599 ], [ -81.836733588572102, 36.1722752006348 ], [ -81.835650410081996, 36.168503380104497 ], [ -81.829233928650197, 36.168798068612901 ], [ -81.824349167574397, 36.156658400832697 ], [ -81.811525509643701, 36.111465521834901 ], [ -81.797007725589395, 36.107202004404002 ], [ -81.785725868391197, 36.100462996427801 ], [ -81.781322084019294, 36.101168342252301 ], [ -81.774124429253803, 36.098654693390401 ], [ -81.760806573362103, 36.089837169741301 ], [ -81.758033737051093, 36.082537188809098 ], [ -81.758520500769194, 36.077171508077299 ], [ -81.755374389502293, 36.076018193570498 ], [ -81.754286437726805, 36.073077090000503 ], [ -81.7411180643645, 36.071898503085698 ], [ -81.735676873443097, 36.067591410573499 ], [ -81.807165300451402, 35.961961751162697 ], [ -81.812516348901994, 35.963983850709297 ], [ -81.817617294229095, 35.968429643785001 ], [ -81.832651638031393, 35.9672446254907 ], [ -81.835735692682107, 35.971742517036603 ], [ -81.8407483802374, 35.971998372080499 ], [ -81.844540119156406, 35.974982890514298 ], [ -81.849969770540497, 35.973616812185298 ], [ -81.870451921149197, 35.976456330146299 ], [ -81.877521073277606, 35.981166431349102 ], [ -81.877765912668295, 35.989053361545203 ], [ -81.881390085630898, 35.992939236903901 ], [ -81.899874995086407, 35.999915552562399 ], [ -81.962990678010001, 35.941790122512998 ], [ -81.9626111597495, 35.938108003862901 ], [ -81.954506219031501, 35.931948624772303 ], [ -81.954369466815194, 35.926864428401203 ], [ -81.960300622054106, 35.9212849115425 ], [ -81.964848267069399, 35.9207888915887 ], [ -81.972061517362107, 35.9149442727498 ], [ -81.976047694781798, 35.915322564953598 ], [ -81.981622212087004, 35.911545912035599 ], [ -82.034096871996198, 35.942049235756201 ] ] ] } },
{ "type": "Feature", "properties": { "OBJECTID": 7, "County": "Beaufort", "FIPS": "013", "Rec_Survey": "Recorded survey data is available. Visit North Carolina Geodetic Survey for information. https://ncgs.state.nc.us", "NCGS_url": "https://ncem-gis.maps.arcgis.com/apps/webappviewer/index.html?id=8f3edbd62c004edd8b4fe3640f224738", "ck_date": "2025-01-13T00:00:00Z", "Shape__Area": 26860140101.802734, "Shape__Length": 889881.13070888934, "GlobalID": "dd7f25b4-06d3-430c-b6cd-3c833b93b76b" }, "geometry": { "type": "Polygon", "coordinates": [ [ [ -77.174002778537101, 35.732838344503101 ], [ -77.171989645498499, 35.736239341687202 ], [ -77.163842676930301, 35.739479987602202 ], [ -77.034791409716405, 35.6790836253846 ], [ -76.985857233754899, 35.658848843680197 ], [ -76.847266797859305, 35.719989024778997 ], [ -76.844622137420103, 35.705726091670599 ], [ -76.637943795410195, 35.705224337451199 ], [ -76.601854019794899, 35.669912923158002 ], [ -76.600310399440801, 35.663970441472699 ], [ -76.606121613675995, 35.646740089024703 ], [ -76.600693284018007, 35.635927750354902 ], [ -76.591805955805995, 35.624381205522397 ], [ -76.5786054435723, 35.614319788483201 ], [ -76.5775713695121, 35.6112503391358 ], [ -76.574171417263997, 35.611211780093498 ], [ -76.574288269907299, 35.609400614688802 ], [ -76.570566598102801, 35.605765089128397 ], [ -76.564329098788704, 35.603665851751003 ], [ -76.563932264723903, 35.601087549866001 ], [ -76.554874610484703, 35.600232881949402 ], [ -76.553241561217902, 35.5971141222943 ], [ -76.542635347951304, 35.5992437772478 ], [ -76.534316128444999, 35.595601792505299 ], [ -76.532547911912602, 35.593130807497097 ], [ -76.534446943863102, 35.589534998955799 ], [ -76.539549732294404, 35.585916324513398 ], [ -76.538750254968605, 35.582777655608702 ], [ -76.532043042680499, 35.580908508346901 ], [ -76.530446709195601, 35.582206966524602 ], [ -76.527745838467595, 35.581581653150202 ], [ -76.525054891561297, 35.5853221232789 ], [ -76.519110502722398, 35.584842571703099 ], [ -76.519080386100299, 35.578809037333102 ], [ -76.513222073364801, 35.576122525147198 ], [ -76.506021549248601, 35.581020661326903 ], [ -76.501594921254494, 35.579730209208599 ], [ -76.500451000156502, 35.578942835719999 ], [ -76.502967540432394, 35.5756209349004 ], [ -76.500468511670903, 35.570795517106497 ], [ -76.491144852081206, 35.572640235840801 ], [ -76.487761083472705, 35.568751064474803 ], [ -76.482470268345494, 35.567574896779199 ], [ -76.480325573507599, 35.563744334133602 ], [ -76.470169637503503, 35.558970059413397 ], [ -76.468558816974493, 35.556737204814098 ], [ -76.468260546397303, 35.548179317753998 ], [ -76.474592711246999, 35.536421749473298 ], [ -76.481651345431104, 35.527280975497703 ], [ -76.494543953912896, 35.520454470801198 ], [ -76.512056337578102, 35.5184745202641 ], [ -76.558829500104906, 35.519401852834697 ], [ -76.570727984798793, 35.521970526926097 ], [ -76.590366245191603, 35.523224668612599 ], [ -76.595512823557797, 35.522077991531901 ], [ -76.601176350764405, 35.518483479135497 ], [ -76.604123287929795, 35.512477421040401 ], [ -76.604444449898494, 35.505790102774696 ], [ -76.600319170791707, 35.496393402171897 ], [ -76.579107295879098, 35.485055429945099 ], [ -76.581424321225697, 35.475756042729998 ], [ -76.581411765574401, 35.466004668394802 ], [ -76.585123238638303, 35.457073979150998 ], [ -76.584878137737505, 35.450573927605099 ], [ -76.572505579162595, 35.433599427267303 ], [ -76.561590940537499, 35.423372666867003 ], [ -76.558264748743298, 35.403062155716299 ], [ -76.541499753560302, 35.383485287758504 ], [ -76.518676445262102, 35.348009480033703 ], [ -76.591445320711401, 35.3604430227766 ], [ -76.604721884449006, 35.338006215009699 ], [ -76.613115943163805, 35.334639790889497 ], [ -76.617176372496601, 35.330477910035498 ], [ -76.616439832718996, 35.313777582118902 ], [ -76.6192872244889, 35.3017419579229 ], [ -76.614836371435899, 35.292280523937798 ], [ -76.614516550933004, 35.285263121565201 ], [ -76.612111995324398, 35.2792384225258 ], [ -76.614301752954802, 35.275026821859697 ], [ -76.613775614850397, 35.270949146569102 ], [ -76.632563154607197, 35.235330637061203 ], [ -76.845507102037303, 35.216066012608898 ], [ -76.958889216289705, 35.301019969517903 ], [ -77.190425624700893, 35.419000761427597 ], [ -77.1891909926442, 35.426192756060701 ], [ -77.191232588391003, 35.435032728727201 ], [ -77.181370801023803, 35.440697874772198 ], [ -77.179973791883796, 35.444158716396799 ], [ -77.182255976573202, 35.448179790369899 ], [ -77.180801628834004, 35.455110949119998 ], [ -77.1738429666363, 35.456602900507498 ], [ -77.173820194750704, 35.484973390743903 ], [ -77.167069465829599, 35.4969297442628 ], [ -77.176545485161299, 35.501345839667401 ], [ -77.178172461959207, 35.5076873005507 ], [ -77.176212717745003, 35.5191073272319 ], [ -77.127092760107502, 35.554087516986897 ], [ -77.113180516874905, 35.5497448308316 ], [ -77.084646025590104, 35.552558431776198 ], [ -77.088816727752103, 35.554424381558398 ], [ -77.087485520548299, 35.558508882258103 ], [ -77.089235687339993, 35.558584549004301 ], [ -77.089694335786902, 35.560475606552998 ], [ -77.086551064804695, 35.562841104260599 ], [ -77.090693822461503, 35.569338878677797 ], [ -77.097153121996698, 35.564687137833303 ], [ -77.101638520650198, 35.566338012409702 ], [ -77.100519903200095, 35.567670706450798 ], [ -77.102349277566105, 35.568665286051598 ], [ -77.101724358258394, 35.5701264551261 ], [ -77.107323213516196, 35.571256627053003 ], [ -77.108826695511198, 35.569249279706703 ], [ -77.110455546978798, 35.569636867902197 ], [ -77.111885264019506, 35.574829294792004 ], [ -77.109602164218998, 35.575721358448398 ], [ -77.106678663912902, 35.5814070380845 ], [ -77.109899193513499, 35.583129623347197 ], [ -77.114301272001299, 35.580344364915803 ], [ -77.117210707460004, 35.581393874160398 ], [ -77.114070877322504, 35.588448880547197 ], [ -77.118199340167095, 35.586815364270798 ], [ -77.1180488880794, 35.583224070776197 ], [ -77.125509009779506, 35.584665798535703 ], [ -77.125416089653996, 35.586650798839301 ], [ -77.123984107050802, 35.585526554051903 ], [ -77.123302334239696, 35.586534872801003 ], [ -77.123818588274204, 35.5920023108119 ], [ -77.121857712969998, 35.592048911501799 ], [ -77.124646724404798, 35.596869023803002 ], [ -77.126958004455801, 35.597269913780501 ], [ -77.126998129831904, 35.5945151683501 ], [ -77.128501878046606, 35.5938975535366 ], [ -77.129203859397194, 35.596090222114903 ], [ -77.130083699452996, 35.594652395782198 ], [ -77.131737224083395, 35.596379097 ], [ -77.134658497009895, 35.596164453100101 ], [ -77.139004625989301, 35.602180718941298 ], [ -77.143127083847901, 35.598822006432599 ], [ -77.144415495045294, 35.599389553597597 ], [ -77.144058521275994, 35.601626829402001 ], [ -77.150688456827794, 35.602435947274998 ], [ -77.148302281213105, 35.604616708547503 ], [ -77.146359050086403, 35.604221846584402 ], [ -77.147088627151803, 35.605232585547 ], [ -77.142371130715802, 35.603757271385 ], [ -77.140202400333905, 35.605675284567702 ], [ -77.145743893043701, 35.608835678615897 ], [ -77.143647944849107, 35.615105730852399 ], [ -77.144542555592295, 35.616102980802196 ], [ -77.142392315564507, 35.617886743802501 ], [ -77.143555469333805, 35.6205124676179 ], [ -77.148102114588099, 35.620242207704898 ], [ -77.152017599986394, 35.626206034227103 ], [ -77.157265923580198, 35.626596941120297 ], [ -77.1592569999912, 35.629750504036501 ], [ -77.161586933879704, 35.6291317376443 ], [ -77.162541636986305, 35.633210144732899 ], [ -77.164985471275898, 35.630952585698303 ], [ -77.167935234350793, 35.631051885072097 ], [ -77.174156127314703, 35.635599103660198 ], [ -77.172755134892796, 35.644170135196902 ], [ -77.174675154251801, 35.658724597415201 ], [ -77.180692957858895, 35.664953873736103 ], [ -77.177455715066003, 35.669372698913001 ], [ -77.172010778032302, 35.668982666938703 ], [ -77.168190207969303, 35.670227004291803 ], [ -77.166985128221995, 35.672312320784499 ], [ -77.1724573569917, 35.677451189573397 ], [ -77.169428320812401, 35.678556724474099 ], [ -77.169913483354094, 35.684566068995998 ], [ -77.175323135207506, 35.687312615611503 ], [ -77.177239261393495, 35.684210136807103 ], [ -77.179670086411903, 35.685082435310001 ], [ -77.1810844941281, 35.693099432427601 ], [ -77.187848889648805, 35.695358629086002 ], [ -77.190193587658797, 35.693344899473402 ], [ -77.192929161135297, 35.694118681223898 ], [ -77.195773961176798, 35.6997860526808 ], [ -77.193502456078306, 35.701526912551103 ], [ -77.194647374140402, 35.703633640132502 ], [ -77.193808359609903, 35.709636868301999 ], [ -77.187176751790602, 35.712258324258002 ], [ -77.187719148429593, 35.7146541772074 ], [ -77.184952379350804, 35.720484738011102 ], [ -77.182846714021196, 35.7185417371238 ], [ -77.170787294663896, 35.716470043990697 ], [ -77.171152493380703, 35.722600837364197 ], [ -77.174591405154402, 35.726102217340902 ], [ -77.174002778537101, 35.732838344503101 ] ] ] } },
{ "type": "Feature", "properties": { "OBJECTID": 8, "County": "Bertie", "FIPS": "015", "Rec_Survey": "No recent survey data available", "NCGS_url": " ", "ck_date": "2011-11-29T00:00:00Z", "Shape__Area": 20664988640.708374, "Shape__Length": 829679.15628563089, "GlobalID": "83e9d4b1-2064-412a-8b7d-23e17825b20b" }, "geometry": { "type": "Polygon", "coordinates": [ [ [ -76.772627498022899, 35.862570229232198 ], [ -76.780986938756101, 35.863878251601598 ], [ -76.796041137421696, 35.873328687358502 ], [ -76.802043261256202, 35.880826838134197 ], [ -76.806908012359102, 35.883953508152501 ], [ -76.821713683868296, 35.887033992081697 ], [ -76.830191283155102, 35.8858734968451 ], [ -76.834827601233997, 35.882916826812703 ], [ -76.836724681116706, 35.878087969773098 ], [ -76.831662228094103, 35.855956639879203 ], [ -76.8378459337941, 35.846469289236701 ], [ -76.860088815315606, 35.8250122073878 ], [ -76.875223869880799, 35.813728389615399 ], [ -76.882572899623995, 35.811872893384702 ], [ -76.895487486112501, 35.813312267774499 ], [ -76.897906706389904, 35.815369431384397 ], [ -76.892994415731394, 35.818611614340199 ], [ -76.900318965474796, 35.820721445835403 ], [ -76.904112899457601, 35.824273718008399 ], [ -76.896206547708601, 35.827912369147597 ], [ -76.894245706079502, 35.8323571614497 ], [ -76.901630090422103, 35.835235685485401 ], [ -76.903474998491902, 35.8382745264459 ], [ -76.901940438249198, 35.844454231176002 ], [ -76.897252195561904, 35.849587849601797 ], [ -76.900138522882003, 35.857891054526199 ], [ -76.8930289363865, 35.863974474989199 ], [ -76.902069380490204, 35.868225078741901 ], [ -76.904709673115306, 35.8769717217871 ], [ -76.911303713581503, 35.881723358939503 ], [ -76.917143467797402, 35.894427144899403 ], [ -76.923250474604501, 35.898338015526697 ], [ -76.940939232967906, 35.901101061450198 ], [ -76.947208584899698, 35.897144082030302 ], [ -76.947178548097099, 35.893688728148099 ], [ -76.957053238201794, 35.886944825441098 ], [ -76.958911599543001, 35.883361137492003 ], [ -76.969992832381195, 35.881658715900301 ], [ -76.979534861085099, 35.875515279207299 ], [ -76.980667686362807, 35.8726230123454 ], [ -76.983990045107902, 35.876420731954703 ], [ -76.987326610378204, 35.876507834855602 ], [ -76.987951473792506, 35.870344211419301 ], [ -76.991695367464303, 35.865095698653697 ], [ -76.998022542290698, 35.863344368036202 ], [ -77.005251987243696, 35.858440529774398 ], [ -77.009604253386101, 35.861902536425902 ], [ -77.015830305421005, 35.862643806247398 ], [ -77.028790536561502, 35.857799743931402 ], [ -77.034573386554797, 35.8573812792906 ], [ -77.044811962746806, 35.862696143977097 ], [ -77.040404211573005, 35.867935563228301 ], [ -77.045334641208001, 35.875180228372301 ], [ -77.039692418851402, 35.8746098190746 ], [ -77.031008755541507, 35.8811875986217 ], [ -77.035657276102299, 35.8854850963126 ], [ -77.037496361935993, 35.890632916487597 ], [ -77.029303415147595, 35.893123896501002 ], [ -77.024541062131306, 35.890263826597398 ], [ -77.022128349545099, 35.890928477223298 ], [ -77.025507731370197, 35.895717581435697 ], [ -77.024128805126594, 35.899086062915202 ], [ -77.0252563832654, 35.902783029452301 ], [ -77.030615689661204, 35.905364782771699 ], [ -77.026616249898595, 35.909842540881101 ], [ -77.027247374145404, 35.9177859218428 ], [ -77.031845113888494, 35.917796194566698 ], [ -77.027546020425206, 35.929690459376602 ], [ -77.035648196954099, 35.929469281949402 ], [ -77.038760267805799, 35.930798872852499 ], [ -77.044034956339402, 35.943454897733503 ], [ -77.055126515439994, 35.944847686922202 ], [ -77.056038018155903, 35.941279544272497 ], [ -77.060938167592298, 35.938574534080203 ], [ -77.070639373839697, 35.943846363366298 ], [ -77.071069016828503, 35.942317731211602 ], [ -77.066596496909597, 35.938664303070603 ], [ -77.067273439885398, 35.936659778609901 ], [ -77.073495879700801, 35.934518995669698 ], [ -77.081168781476507, 35.937486814474397 ], [ -77.082368728122006, 35.931651870341298 ], [ -77.086674793342198, 35.932391209694998 ], [ -77.088799696746506, 35.928969801247298 ], [ -77.092075840407304, 35.9283813063577 ], [ -77.091981419959694, 35.925724824557697 ], [ -77.094007749935798, 35.924796853889703 ], [ -77.102924837478199, 35.933348641739997 ], [ -77.1064450556065, 35.9324116906405 ], [ -77.110646609026006, 35.927550680084401 ], [ -77.1150088984147, 35.929249522961399 ], [ -77.119875995598406, 35.926157811560302 ], [ -77.123783827133707, 35.926145104568803 ], [ -77.126536493172196, 35.928926237532004 ], [ -77.128195845890403, 35.937133380794997 ], [ -77.130877981628302, 35.940763550363997 ], [ -77.141295689278607, 35.933925735134203 ], [ -77.146057541792601, 35.936144634501296 ], [ -77.164656665486007, 35.937352636892101 ], [ -77.170361503383603, 35.92974450941 ], [ -77.173290940128098, 35.928952114741399 ], [ -77.1858182888312, 35.930881251618999 ], [ -77.195884760813996, 35.936807758659199 ], [ -77.202677807884001, 35.947493811254802 ], [ -77.200570418614902, 35.950968125718298 ], [ -77.195954705833003, 35.949004450749399 ], [ -77.194216982405806, 35.949724425088398 ], [ -77.199282128187605, 35.9553465188229 ], [ -77.198984803574902, 35.957154042177898 ], [ -77.188648148491495, 35.957035947959298 ], [ -77.197663021400501, 35.962639967240399 ], [ -77.190830628661601, 35.960847603856998 ], [ -77.195269803248095, 35.964142054172399 ], [ -77.196450634799703, 35.9675887477012 ], [ -77.190270740638994, 35.973685139754402 ], [ -77.194286341574895, 35.9765654174278 ], [ -77.196419705916199, 35.981899797701601 ], [ -77.192308566111294, 35.985164524088901 ], [ -77.196448429532794, 35.992782444624297 ], [ -77.204610338886596, 35.993552593250897 ], [ -77.210233695028407, 35.990717550355498 ], [ -77.212869201224905, 35.991488997112498 ], [ -77.212669956210405, 35.995108862844504 ], [ -77.205957964772097, 36.004827894208503 ], [ -77.206527324713406, 36.007138513256997 ], [ -77.216415891860606, 36.014881402759102 ], [ -77.230517830681904, 36.015584257060802 ], [ -77.242086750288095, 36.021696977750601 ], [ -77.274472378119299, 36.033704247501099 ], [ -77.292792038215893, 36.045092254693998 ], [ -77.320793910359896, 36.056485769547201 ], [ -77.327087727684201, 36.068039055939899 ], [ -77.327558286234094, 36.076382929504902 ], [ -77.319992296908694, 36.078660877322697 ], [ -77.313227343824295, 36.089174671181802 ], [ -77.293127633361607, 36.0912349184755 ], [ -77.282189902589295, 36.097291119391997 ], [ -77.2689338526352, 36.100013254130801 ], [ -77.242787909173899, 36.097190661134498 ], [ -77.230277497714098, 36.105005919913999 ], [ -77.2307854769588, 36.1085857904094 ], [ -77.232634692047498, 36.110245674755497 ], [ -77.244327033286396, 36.112115257962202 ], [ -77.251470759061803, 36.115058574642902 ], [ -77.250721892049697, 36.117701721647798 ], [ -77.241338390440802, 36.118485809084902 ], [ -77.239706595121504, 36.1202826089959 ], [ -77.254336273247304, 36.122542174257703 ], [ -77.254893664180301, 36.1248637357006 ], [ -77.250996772700304, 36.131093942924799 ], [ -77.250816280495798, 36.134578774789297 ], [ -77.265604232293001, 36.139841738483703 ], [ -77.267281111744296, 36.150548789631301 ], [ -77.263080688832204, 36.158688822225201 ], [ -77.276505000593602, 36.157381564155997 ], [ -77.283396806256206, 36.167464121017602 ], [ -77.287624812415899, 36.169284011452199 ], [ -77.2915217174736, 36.168349100055998 ], [ -77.295779327086905, 36.172276531760602 ], [ -77.298316065376397, 36.172331153039302 ], [ -77.295556652615105, 36.174351786210003 ], [ -77.299719348557502, 36.1814164812792 ], [ -77.298898171946604, 36.186059338140304 ], [ -77.295106159140204, 36.1884366454996 ], [ -77.295870286130096, 36.193130344878 ], [ -77.293269703317307, 36.197091329764298 ], [ -77.297370586403105, 36.202341331859103 ], [ -77.298252496334896, 36.207715162684103 ], [ -77.290654404475802, 36.212925834711299 ], [ -77.287829080892806, 36.211389772037599 ], [ -77.275654445142607, 36.214469867710399 ], [ -77.270030746447006, 36.213248150266899 ], [ -77.264066573729707, 36.217189819221304 ], [ -77.254347597725001, 36.2186018865197 ], [ -77.248972910177102, 36.218381907248897 ], [ -77.244135316837699, 36.215144754661999 ], [ -77.228567454462706, 36.214418302547699 ], [ -77.228800973191994, 36.217393883581202 ], [ -77.2087301061472, 36.246616076116403 ], [ -77.183146776390501, 36.242831865673899 ], [ -77.008385882981599, 36.239120000363599 ], [ -76.985740478675993, 36.242114066219798 ], [ -76.971400977025795, 36.238137023613703 ], [ -76.943827922225196, 36.241394087412203 ], [ -76.928228074672802, 36.240139048263899 ], [ -76.903385235044198, 36.242993249049199 ], [ -76.7065860168223, 36.243803163219603 ], [ -76.716014827136306, 36.229042295999903 ], [ -76.727775478883103, 36.221066545129197 ], [ -76.732977714811, 36.212608733151598 ], [ -76.732669764614499, 36.197548977127902 ], [ -76.736128940958807, 36.1864745388812 ], [ -76.737273754284899, 36.1586104913032 ], [ -76.736934859201696, 36.150589853172498 ], [ -76.733569145956906, 36.137826740445099 ], [ -76.710547535744098, 36.098702324011398 ], [ -76.708878637006606, 36.068977301006399 ], [ -76.695894401634604, 36.047742814258498 ], [ -76.682536925747598, 36.030954250949598 ], [ -76.617612611363597, 35.984273805934997 ], [ -76.606216411156794, 35.978058673605403 ], [ -76.6244203405561, 35.975692578677098 ], [ -76.647312127416001, 35.969170500670799 ], [ -76.670066619314795, 35.9603444966925 ], [ -76.687510278507901, 35.950673760482097 ], [ -76.692497615415405, 35.943786457906697 ], [ -76.694535761506202, 35.9339745602812 ], [ -76.700707264870303, 35.923586584505998 ], [ -76.710667182921497, 35.922956410543897 ], [ -76.719991551705107, 35.917265714617599 ], [ -76.723201240182703, 35.912053012943304 ], [ -76.723617975455994, 35.906175038080399 ], [ -76.728266660640102, 35.897964425336397 ], [ -76.731069364441495, 35.888431778864998 ], [ -76.736985798738601, 35.878793381684503 ], [ -76.747965069752496, 35.869289175113899 ], [ -76.772627498022899, 35.862570229232198 ] ] ] } },
{ "type": "Feature", "properties": { "OBJECTID": 9, "County": "Bladen", "FIPS": "017", "Rec_Survey": "No recent survey data available", "NCGS_url": " ", "ck_date": "2011-11-29T00:00:00Z", "Shape__Area": 24741523503.155701, "Shape__Length": 872252.89551373851, "GlobalID": "8ae9988b-5a31-4e2c-892a-b36f17775410" }, "geometry": { "type": "Polygon", "coordinates": [ [ [ -78.254556035213298, 34.553457417868302 ], [ -78.260752453359203, 34.545377589735899 ], [ -78.272608363298502, 34.537663164708398 ], [ -78.269977536356095, 34.535666522554997 ], [ -78.270316292624997, 34.5322570683254 ], [ -78.262958013554197, 34.528791367911502 ], [ -78.265634919542904, 34.526831733260899 ], [ -78.263084633811005, 34.524897539585602 ], [ -78.264341357817898, 34.519848949482601 ], [ -78.254130921785205, 34.520061934617303 ], [ -78.256570635264396, 34.5166701706138 ], [ -78.2557459986038, 34.513538792747298 ], [ -78.252698437629803, 34.5135037377039 ], [ -78.251285047720799, 34.510975965772197 ], [ -78.2525049287255, 34.510035804149702 ], [ -78.254299047098499, 34.5116365605992 ], [ -78.255475245810601, 34.508768355646197 ], [ -78.252092333180897, 34.506221444545503 ], [ -78.252378752084596, 34.504663555980599 ], [ -78.245577515432402, 34.499877509631801 ], [ -78.241746634441, 34.500193818240199 ], [ -78.237220341141494, 34.496267050038703 ], [ -78.235623106868701, 34.492535966447299 ], [ -78.2236768524334, 34.490574030290603 ], [ -78.224096713699595, 34.492879483440298 ], [ -78.222321631670297, 34.493190020198803 ], [ -78.217199510055494, 34.487364249166902 ], [ -78.2128365215911, 34.488766548518697 ], [ -78.2120791022883, 34.486070092249399 ], [ -78.207344434454697, 34.487706689539998 ], [ -78.208658632661596, 34.486507648142201 ], [ -78.205385728000806, 34.482593703555303 ], [ -78.206544660467301, 34.480498793020502 ], [ -78.203513870249395, 34.475995191836397 ], [ -78.191158863943699, 34.473418824204202 ], [ -78.189317876950497, 34.471710986466597 ], [ -78.189758517930798, 34.469266323083403 ], [ -78.185082745952201, 34.467815267931698 ], [ -78.1821635027121, 34.469847360949998 ], [ -78.180021299717097, 34.465793197633602 ], [ -78.176503230020401, 34.465362432829899 ], [ -78.256087468779199, 34.399476229796903 ], [ -78.334571456671995, 34.367542512118597 ], [ -78.365705388735606, 34.372810512308398 ], [ -78.396917371862003, 34.370754124769199 ], [ -78.420103798993594, 34.378114960069297 ], [ -78.445322551836895, 34.377407336355702 ], [ -78.5527155817623, 34.420785283573402 ], [ -78.580358418366899, 34.428999402956002 ], [ -78.594014656313803, 34.431450143778903 ], [ -78.603772701994899, 34.441140323375002 ], [ -78.646827192044995, 34.460714755158897 ], [ -78.649182976540999, 34.460666984625398 ], [ -78.659284879953006, 34.453596394199202 ], [ -78.656449712352796, 34.460344978897602 ], [ -78.664267628629602, 34.462738666504499 ], [ -78.667555498702001, 34.469649228229599 ], [ -78.825863964611102, 34.461738463257099 ], [ -78.8303565989833, 34.462585662982299 ], [ -78.837638796802096, 34.4675678901786 ], [ -78.8447158162205, 34.468888566760697 ], [ -78.849916260081798, 34.473651463312798 ], [ -78.858061786094297, 34.474402409678099 ], [ -78.860321271329894, 34.483182951489503 ], [ -78.8689636169902, 34.484784966827299 ], [ -78.869360950559795, 34.487149774678102 ], [ -78.863549279341896, 34.497958446839696 ], [ -78.857698635030999, 34.501221167715997 ], [ -78.849074074234196, 34.502589937778502 ], [ -78.849607449580802, 34.500137612644501 ], [ -78.846341172434606, 34.499819715439003 ], [ -78.8464155521865, 34.504137737290201 ], [ -78.844441141416596, 34.508102947879799 ], [ -78.846341449799098, 34.5105816783786 ], [ -78.851268858227897, 34.512162902067303 ], [ -78.849635818521804, 34.512459541648198 ], [ -78.8503395608722, 34.513778158748302 ], [ -78.857257519059203, 34.515386688004703 ], [ -78.853905699341595, 34.5187791637833 ], [ -78.8565955772672, 34.524735146993002 ], [ -78.8529909899503, 34.527768433155202 ], [ -78.855520953294601, 34.530569268911599 ], [ -78.855721459125505, 34.533991301246999 ], [ -78.860057697136099, 34.537374244694398 ], [ -78.861220930876797, 34.544860587899102 ], [ -78.860091995142199, 34.544937775595997 ], [ -78.859949449613296, 34.547736964409602 ], [ -78.858273827463194, 34.545593040658702 ], [ -78.857556581507595, 34.547047270903398 ], [ -78.860805701317005, 34.552550170055099 ], [ -78.858037307271601, 34.556944725784398 ], [ -78.862694279070197, 34.559982015608803 ], [ -78.862661291214806, 34.562233773936597 ], [ -78.861352442940301, 34.563723470819603 ], [ -78.857043489830204, 34.563115294509302 ], [ -78.856950889562597, 34.5688665732036 ], [ -78.854188904220194, 34.5749615974457 ], [ -78.847957162767997, 34.575692204044699 ], [ -78.843619280017805, 34.578482488442198 ], [ -78.843308106467902, 34.587836843101201 ], [ -78.838981862775697, 34.589708412040402 ], [ -78.836047921585703, 34.593423268155199 ], [ -78.835255252449301, 34.597498499481702 ], [ -78.841248620642403, 34.597229584842601 ], [ -78.837181988720701, 34.598443334717402 ], [ -78.833998880197598, 34.601601107330502 ], [ -78.831665558754295, 34.608186738379601 ], [ -78.831519046544003, 34.611405550616098 ], [ -78.834749175687904, 34.615009335276198 ], [ -78.833100437571105, 34.618068348246297 ], [ -78.834436466131294, 34.621589813019199 ], [ -78.832007149760699, 34.625761401612898 ], [ -78.829850034029405, 34.625827064533397 ], [ -78.8305903368299, 34.6279092744591 ], [ -78.8283886700995, 34.629704848849002 ], [ -78.829846417875899, 34.632230470794703 ], [ -78.827215089080696, 34.634825011841798 ], [ -78.827612252626096, 34.637088643417499 ], [ -78.825470029642901, 34.6370479172949 ], [ -78.826480235503794, 34.6383567567268 ], [ -78.825142861635896, 34.640659662950299 ], [ -78.822787920360099, 34.643010232696703 ], [ -78.818504110714699, 34.641713855545902 ], [ -78.819097689237196, 34.643651837333998 ], [ -78.821770120312806, 34.643971269960403 ], [ -78.821775343270801, 34.645701553053001 ], [ -78.819807288586603, 34.645580192791002 ], [ -78.818100934776595, 34.650848681371997 ], [ -78.813606070558393, 34.651747739067901 ], [ -78.815386315525203, 34.654709559942702 ], [ -78.818420476747804, 34.6550390661154 ], [ -78.819381648048406, 34.662085968032997 ], [ -78.813728282794699, 34.667854812965203 ], [ -78.809433906055801, 34.668283353127897 ], [ -78.810320206513893, 34.6730417021476 ], [ -78.806132878093393, 34.676082182726198 ], [ -78.807206099057794, 34.681396307026901 ], [ -78.805723449306996, 34.689209312107103 ], [ -78.811941138965395, 34.694415110270498 ], [ -78.821633875464599, 34.7096038344812 ], [ -78.832674072583899, 34.715623554199297 ], [ -78.832377798409496, 34.719749206374601 ], [ -78.837815596567907, 34.717866168457498 ], [ -78.844458976553298, 34.724131057014802 ], [ -78.840821594551002, 34.727299168538998 ], [ -78.844890032589205, 34.727081069924502 ], [ -78.848793073303099, 34.732625265353001 ], [ -78.854250780097601, 34.735497036863002 ], [ -78.856066996793899, 34.747778502404501 ], [ -78.858354777669504, 34.753518858362597 ], [ -78.862200426627098, 34.756661827848198 ], [ -78.861985039821903, 34.759817699143603 ], [ -78.865299116322802, 34.767781458717103 ], [ -78.863810474915297, 34.7709387002743 ], [ -78.866104942796895, 34.773105964724799 ], [ -78.869167225090095, 34.7733364681864 ], [ -78.868662900766793, 34.775083613245698 ], [ -78.870784690826696, 34.776885975299102 ], [ -78.869999117805506, 34.7786988953915 ], [ -78.877127687574003, 34.788020583595497 ], [ -78.877590865949301, 34.792086981702603 ], [ -78.884769189154298, 34.802304583555198 ], [ -78.883915684729701, 34.804613950507402 ], [ -78.886701640503802, 34.8095707426586 ], [ -78.883341350231106, 34.812127407061503 ], [ -78.887140206734799, 34.810858669895502 ], [ -78.8928384973552, 34.814201312613903 ], [ -78.895897133911703, 34.820680239664199 ], [ -78.899796861593998, 34.824791194169698 ], [ -78.900323373510602, 34.832455185576002 ], [ -78.902000563751699, 34.835274410229601 ], [ -78.842861129554194, 34.847417922976497 ], [ -78.799599460388393, 34.850863628899504 ], [ -78.533635573688301, 34.851136090072302 ], [ -78.515913878129297, 34.8458714583278 ], [ -78.506290293551402, 34.8525799162365 ], [ -78.494707249866394, 34.856189125656201 ], [ -78.496204191549893, 34.854864800700199 ], [ -78.495461056577298, 34.852310189995798 ], [ -78.492068846775595, 34.849346606234903 ], [ -78.493582243619002, 34.8431449254876 ], [ -78.489555099440196, 34.842819968909502 ], [ -78.4908145901138, 34.8409945240615 ], [ -78.488280245776195, 34.839456714549897 ], [ -78.487665397643497, 34.836352175395596 ], [ -78.485401198561703, 34.834996851949803 ], [ -78.482215176030905, 34.836802713731998 ], [ -78.4658253269656, 34.827641842103901 ], [ -78.464912484178797, 34.826196498298401 ], [ -78.4673334504417, 34.823281086121597 ], [ -78.466540756293199, 34.821975491237097 ], [ -78.464715257498497, 34.8206399999235 ], [ -78.463118242323304, 34.822424298537797 ], [ -78.4618570937821, 34.821078620371502 ], [ -78.460075825853707, 34.822098524869297 ], [ -78.458840823235406, 34.819900818203898 ], [ -78.4594186510068, 34.812831350882902 ], [ -78.452719097080603, 34.812626161466802 ], [ -78.451946666538902, 34.814057744042998 ], [ -78.448039701784793, 34.811800570973702 ], [ -78.449442451193093, 34.8078421216942 ], [ -78.441011061142106, 34.800480956862401 ], [ -78.444766249087195, 34.7976593786533 ], [ -78.437348431852698, 34.792273352800699 ], [ -78.4391900713307, 34.7911248157043 ], [ -78.438695558553903, 34.785686627330399 ], [ -78.429824172532506, 34.7821984706476 ], [ -78.428417287423102, 34.780439687686403 ], [ -78.430289321667402, 34.776533670572803 ], [ -78.423669141322094, 34.773007288485999 ], [ -78.423173737910901, 34.770815565804902 ], [ -78.424463060473698, 34.769878544141399 ], [ -78.420921859493603, 34.767936105912703 ], [ -78.420389633394294, 34.765883172473004 ], [ -78.4099933204987, 34.765440562710403 ], [ -78.409139626393895, 34.761529429059301 ], [ -78.405813395458594, 34.759442698966602 ], [ -78.407582239070905, 34.7576081527518 ], [ -78.405545118852501, 34.756275753714299 ], [ -78.403528541807404, 34.7571306339252 ], [ -78.403744798981904, 34.754650633497299 ], [ -78.400269954004699, 34.753030507436797 ], [ -78.400821464145395, 34.751730948940398 ], [ -78.398786709362497, 34.750111262820703 ], [ -78.395155418010404, 34.751094829780598 ], [ -78.390861878321999, 34.749744131914298 ], [ -78.391900924910999, 34.748166577237903 ], [ -78.390028665763097, 34.744854555706702 ], [ -78.392912936983606, 34.744228014706501 ], [ -78.392790911210199, 34.742137019415402 ], [ -78.387588003240495, 34.738070125643503 ], [ -78.392889446864103, 34.732657354154497 ], [ -78.392032903456396, 34.729831344181598 ], [ -78.3835504433643, 34.726448881680703 ], [ -78.382920654852896, 34.723630650079699 ], [ -78.379352391660603, 34.72336183582 ], [ -78.379544086378402, 34.720471015939701 ], [ -78.3823255626274, 34.717286325049002 ], [ -78.376214037065793, 34.712826900893702 ], [ -78.377825406966295, 34.712521360353101 ], [ -78.376377616130199, 34.711518756098997 ], [ -78.377400945480701, 34.709854427721901 ], [ -78.368495533255199, 34.7045219025783 ], [ -78.371709115831905, 34.702431670401303 ], [ -78.369339644965706, 34.7004156944786 ], [ -78.373753658693005, 34.701487309823598 ], [ -78.373407220702504, 34.699214802065903 ], [ -78.369137326202804, 34.696764810186302 ], [ -78.366643452569093, 34.6930918464531 ], [ -78.365601508850503, 34.695069884328099 ], [ -78.361879150570203, 34.695551065272099 ], [ -78.360583241787893, 34.693794401089903 ], [ -78.362745064105795, 34.693351742135199 ], [ -78.361919970611496, 34.691343798143599 ], [ -78.358140642023699, 34.692926525353997 ], [ -78.355179813798699, 34.690119047749697 ], [ -78.3494958065655, 34.692325716438098 ], [ -78.350321918882699, 34.689064384254102 ], [ -78.348783952453601, 34.688314739740797 ], [ -78.348713216121695, 34.690097526039203 ], [ -78.346971571997003, 34.690562255377301 ], [ -78.346238291586701, 34.6841869300466 ], [ -78.344381605291602, 34.6838896372753 ], [ -78.347562799135602, 34.682290748887503 ], [ -78.347133418361395, 34.680385027566501 ], [ -78.345023655834197, 34.680413615792801 ], [ -78.344543179122496, 34.678841530672898 ], [ -78.342291678891399, 34.679921171765997 ], [ -78.338523055099699, 34.6746811950715 ], [ -78.334896421750699, 34.674414065936098 ], [ -78.334133819868001, 34.672780274296798 ], [ -78.332967055885405, 34.673645356195102 ], [ -78.327583146126102, 34.670857097754997 ], [ -78.327807316449693, 34.669141959586 ], [ -78.325087530666593, 34.6691901583252 ], [ -78.323550095780902, 34.6655083085965 ], [ -78.326083480416301, 34.666003400211203 ], [ -78.327221812388999, 34.664166499085098 ], [ -78.325525382654703, 34.663115127235599 ], [ -78.326578755381703, 34.655874807090697 ], [ -78.322693265750701, 34.654280156100803 ], [ -78.324078904222105, 34.6518369330242 ], [ -78.322912637814795, 34.651195899928801 ], [ -78.324669028359196, 34.649836682564903 ], [ -78.322088295641393, 34.648776952765402 ], [ -78.320894024353507, 34.650062503798601 ], [ -78.318033006100606, 34.6467637855879 ], [ -78.319006548857899, 34.645790898498497 ], [ -78.313933676589798, 34.644726851529903 ], [ -78.312739244821501, 34.643611383091702 ], [ -78.313416499800695, 34.641361240745297 ], [ -78.311426181551496, 34.641232972761799 ], [ -78.312617589887793, 34.638618476857701 ], [ -78.316939321513999, 34.635748343171102 ], [ -78.313992918023899, 34.633139457624999 ], [ -78.3211852111273, 34.631267123330197 ], [ -78.322395511510706, 34.628902288874102 ], [ -78.3193888946398, 34.627133712718901 ], [ -78.3164955839611, 34.628419199518603 ], [ -78.315664081443899, 34.627112541777002 ], [ -78.317099672911098, 34.626303712366301 ], [ -78.3131187135358, 34.625890130572799 ], [ -78.314448574928605, 34.619014890054402 ], [ -78.311195706355406, 34.615737053876003 ], [ -78.312947865143101, 34.614027855756703 ], [ -78.310994549851102, 34.6120178252838 ], [ -78.306878806399595, 34.613443175062599 ], [ -78.304563536881204, 34.610960111821399 ], [ -78.306423039057506, 34.608475997887801 ], [ -78.303992123110405, 34.607071683701903 ], [ -78.304839898881298, 34.605612853190799 ], [ -78.303516269550002, 34.603897828395603 ], [ -78.305497410768396, 34.603228885087297 ], [ -78.302784116929899, 34.602805747782803 ], [ -78.303242620681004, 34.6005382432609 ], [ -78.300813924196902, 34.601292741926201 ], [ -78.297917421665005, 34.599738587557297 ], [ -78.294174250744902, 34.601877603570401 ], [ -78.291210347171003, 34.600495098454097 ], [ -78.292653571581795, 34.597133007058297 ], [ -78.289029866324597, 34.598081828474697 ], [ -78.287128235464095, 34.593101795799001 ], [ -78.285908345858203, 34.593829565934698 ], [ -78.282401292507302, 34.590734159306898 ], [ -78.279844003810595, 34.591109455302998 ], [ -78.280403044828901, 34.5890232417728 ], [ -78.2748604428986, 34.584201735592401 ], [ -78.275199556525195, 34.581444298971498 ], [ -78.273497794793997, 34.582990157063698 ], [ -78.271260914230794, 34.581036139813499 ], [ -78.266017783255194, 34.583725870036801 ], [ -78.265094189908098, 34.579137868944002 ], [ -78.262693211480396, 34.578814434266199 ], [ -78.264013239603102, 34.576541863487698 ], [ -78.260592017618904, 34.574235960050103 ], [ -78.262240225604501, 34.571312308308002 ], [ -78.257734396749399, 34.568285627007903 ], [ -78.254927254620796, 34.568847847091597 ], [ -78.2544180412565, 34.5639893280878 ], [ -78.251699085936593, 34.562128539270198 ], [ -78.260396692716597, 34.556180487294199 ], [ -78.256987874393801, 34.555974618770001 ], [ -78.254556035213298, 34.553457417868302 ] ] ] } },
{ "type": "Feature", "properties": { "OBJECTID": 10, "County": "Brunswick", "FIPS": "019", "Rec_Survey": "No recent survey data available", "NCGS_url": " ", "ck_date": "2011-11-29T00:00:00Z", "Shape__Area": 24914946243.207382, "Shape__Length": 880126.84086644626, "GlobalID": "e59d6c46-cc74-449d-8852-e5dbea789b43" }, "geometry": { "type": "Polygon", "coordinates": [ [ [ -78.029617855625503, 34.331798349748098 ], [ -78.025714990939704, 34.328104281213903 ], [ -78.027573195390602, 34.320078343933901 ], [ -78.026188960783102, 34.318052161215 ], [ -78.022299521246495, 34.318290020841197 ], [ -78.013203423828898, 34.323225527939897 ], [ -78.008725389683093, 34.322572102551597 ], [ -78.006559289050102, 34.320212785339201 ], [ -78.007003369691105, 34.316046756642002 ], [ -78.013610349741796, 34.311406920360099 ], [ -78.015671700142605, 34.290700484772898 ], [ -78.005758629884795, 34.289521256812598 ], [ -78.004622084483302, 34.280648930059002 ], [ -77.997351253012795, 34.284381836805899 ], [ -77.991077242745504, 34.282963849700103 ], [ -77.990476936136702, 34.2789230901952 ], [ -78.000032688395706, 34.275918823270203 ], [ -78.001466627397093, 34.27213760819 ], [ -77.988207076064697, 34.269059797771 ], [ -77.988658173195802, 34.260877474448399 ], [ -77.985522875430703, 34.259256069118997 ], [ -77.979144814138905, 34.260450245338802 ], [ -77.973156179348294, 34.247239624290302 ], [ -77.969478057054204, 34.251722850251099 ], [ -77.966598526219997, 34.2515179948373 ], [ -77.965187443859094, 34.247767733244203 ], [ -77.969597462138395, 34.243512140799602 ], [ -77.964379593979999, 34.242275526684601 ], [ -77.956608313655593, 34.234498667563201 ], [ -77.961307061425003, 34.204876388739201 ], [ -77.957006595209506, 34.196233335555902 ], [ -77.957733471604797, 34.175308668353701 ], [ -77.950714029758203, 34.147564281654397 ], [ -77.935879417075796, 34.122132181639202 ], [ -77.931093543853393, 34.043384884509699 ], [ -77.934696637972806, 34.012780151966901 ], [ -77.940454690723499, 33.984666894883702 ], [ -77.948480933861106, 33.971281150200397 ], [ -77.937091253070506, 33.928646235331598 ], [ -77.952422334838502, 33.897597726436601 ], [ -77.957116694563993, 33.8772715684605 ], [ -77.959614423149404, 33.859262658060103 ], [ -77.959630491471898, 33.8453760725208 ], [ -77.961155805498905, 33.841642202954901 ], [ -78.003270736602502, 33.858077183868197 ], [ -78.011309726050797, 33.866349526265097 ], [ -78.017164240557804, 33.887359959077202 ], [ -78.079423882362406, 33.9033068472894 ], [ -78.133522388378296, 33.912174627886301 ], [ -78.177518371710605, 33.914409844135498 ], [ -78.231235616752599, 33.912429105545698 ], [ -78.233874191976696, 33.913696125884996 ], [ -78.234305134342804, 33.916936129522497 ], [ -78.241260582979905, 33.916628091102602 ], [ -78.247123381099399, 33.9139729856984 ], [ -78.2609493513297, 33.914187819188101 ], [ -78.344017709462705, 33.906277019100301 ], [ -78.368788407750998, 33.901475054482802 ], [ -78.378492856295793, 33.903064567898603 ], [ -78.382008539938397, 33.905422605046297 ], [ -78.385397938547399, 33.9041260571829 ], [ -78.3876168695557, 33.900099047201302 ], [ -78.391515791867704, 33.897362641944298 ], [ -78.444941846248696, 33.884723213630103 ], [ -78.475334606171202, 33.875358007002397 ], [ -78.480985264601799, 33.875380609477503 ], [ -78.483760090698794, 33.8725423300248 ], [ -78.513927712019196, 33.864031852047198 ], [ -78.541351975339794, 33.851363512515597 ], [ -78.650829116685202, 33.944940811393401 ], [ -78.646541414718996, 33.948010337482799 ], [ -78.647338657776203, 33.950161075707499 ], [ -78.644160007243599, 33.950138562727602 ], [ -78.646560216988306, 33.954605722950298 ], [ -78.645027913068304, 33.954059173949901 ], [ -78.644222546932397, 33.955623976022899 ], [ -78.643499493098105, 33.9544333472885 ], [ -78.641972363585893, 33.956315947578901 ], [ -78.644313223388906, 33.960032033618504 ], [ -78.643513582936905, 33.962067015364298 ], [ -78.646582092275295, 33.960482829175199 ], [ -78.648023422212503, 33.9658809098079 ], [ -78.642332212849894, 33.967261389031201 ], [ -78.6406503214547, 33.970456051158301 ], [ -78.639222701772994, 33.969191436739898 ], [ -78.633711555919305, 33.970500223390303 ], [ -78.630280954679407, 33.972357224525403 ], [ -78.630136467560305, 33.974896969359399 ], [ -78.625347519173104, 33.972263451515602 ], [ -78.624096921090498, 33.973488092846303 ], [ -78.627711686579104, 33.975953830327697 ], [ -78.626485900458704, 33.980312084910899 ], [ -78.629411889648793, 33.984591747988297 ], [ -78.632076615892501, 33.994379554207597 ], [ -78.640278490608395, 34.004214052386601 ], [ -78.640683789145299, 34.010280462520598 ], [ -78.630227981491402, 34.015775787641999 ], [ -78.629408492132995, 34.017896386668802 ], [ -78.6262505455026, 34.017594090892203 ], [ -78.625457809820105, 34.019757466313401 ], [ -78.622055367780405, 34.018048884114002 ], [ -78.619325814003503, 34.018738045487602 ], [ -78.616904281507601, 34.023454240786798 ], [ -78.612812067707907, 34.0221149206251 ], [ -78.613328864469807, 34.024290535841402 ], [ -78.6114263654122, 34.023314775438799 ], [ -78.609358177241305, 34.025942826629297 ], [ -78.609415781436098, 34.0247951756471 ], [ -78.606675421351596, 34.025560087870602 ], [ -78.607916924691907, 34.023981548044901 ], [ -78.603431557030902, 34.024679758609103 ], [ -78.603289377986798, 34.027666281733602 ], [ -78.600675303942296, 34.026561883162501 ], [ -78.601855017807594, 34.028631081233897 ], [ -78.600843889627896, 34.030010325843897 ], [ -78.600366760209397, 34.027782607557199 ], [ -78.59943530276, 34.029409942524701 ], [ -78.598709031103596, 34.027994430499 ], [ -78.594401510208101, 34.0296059654789 ], [ -78.592822210440403, 34.027126632913401 ], [ -78.590621475214903, 34.0274060577336 ], [ -78.590790459823907, 34.030163200368598 ], [ -78.587785557508994, 34.030539809968602 ], [ -78.588956398383701, 34.0322395304987 ], [ -78.583512483707807, 34.031977153749999 ], [ -78.582967793349994, 34.033923104670798 ], [ -78.584925550338397, 34.034269077554001 ], [ -78.585443420558406, 34.0361013445034 ], [ -78.582965750360898, 34.037431857317898 ], [ -78.579404934452398, 34.036749770167397 ], [ -78.579972962917594, 34.040499667406202 ], [ -78.577955072046294, 34.0411751703232 ], [ -78.578177308707595, 34.043645560015698 ], [ -78.5819475656929, 34.0427023053563 ], [ -78.583376741350904, 34.045968242813601 ], [ -78.579380549663696, 34.051797807863402 ], [ -78.573471237104997, 34.056007340592203 ], [ -78.570997976786799, 34.053320148575999 ], [ -78.569756616893201, 34.056154864418403 ], [ -78.567820483712296, 34.053582594431901 ], [ -78.561343582504094, 34.055404790534503 ], [ -78.561199275586702, 34.059137521297401 ], [ -78.559504954390604, 34.0593455846602 ], [ -78.560369563615794, 34.060641591028201 ], [ -78.558305634863501, 34.060115456184597 ], [ -78.556957437787204, 34.062329669550799 ], [ -78.558954413715, 34.061414128874397 ], [ -78.559223075638798, 34.066285647641799 ], [ -78.555122831196499, 34.066996333852103 ], [ -78.553780532015494, 34.071924064356999 ], [ -78.554883656771295, 34.076722675225803 ], [ -78.558614566398504, 34.077638746369203 ], [ -78.557033816838199, 34.075949459359798 ], [ -78.558918235741302, 34.075185594002498 ], [ -78.562784360490994, 34.077215102682501 ], [ -78.561229410657702, 34.0823772091045 ], [ -78.556967541451598, 34.0836646454567 ], [ -78.5597344663271, 34.087926683329499 ], [ -78.558809148561593, 34.089395833331999 ], [ -78.560223335012196, 34.092014351601101 ], [ -78.557099166637101, 34.091632924693499 ], [ -78.558716071753693, 34.093605804998198 ], [ -78.553253628309093, 34.097211607486599 ], [ -78.552513693350505, 34.0950760200923 ], [ -78.548165559967302, 34.095291233995198 ], [ -78.547401162846796, 34.099032118776798 ], [ -78.5440865638882, 34.099995658390398 ], [ -78.547744713330601, 34.1003288795185 ], [ -78.5465843681515, 34.103102413550303 ], [ -78.548901322338807, 34.104242439672397 ], [ -78.554235092550897, 34.103792650836098 ], [ -78.552039522007703, 34.104505143867399 ], [ -78.553279304804605, 34.107274039300798 ], [ -78.549053204927901, 34.111545934016497 ], [ -78.551402245280102, 34.114898351757098 ], [ -78.551218611715399, 34.113396935149296 ], [ -78.553681009604404, 34.113041250580203 ], [ -78.552717578352201, 34.113863271739902 ], [ -78.555123777030801, 34.116818978146902 ], [ -78.553910912391203, 34.116130230915097 ], [ -78.554164691877503, 34.117846300932399 ], [ -78.548996254047296, 34.1189626920224 ], [ -78.551266327803702, 34.119742136448401 ], [ -78.549366940591, 34.120327971483803 ], [ -78.550853937410395, 34.122007641494001 ], [ -78.549040628468902, 34.125321832354899 ], [ -78.542702236813, 34.126126804381002 ], [ -78.543253263897, 34.1243716048943 ], [ -78.540030929450097, 34.122951235382303 ], [ -78.538788905021605, 34.124717586659997 ], [ -78.539335576621298, 34.127451981612097 ], [ -78.541938439899198, 34.128774334116898 ], [ -78.542510063337602, 34.131786033195503 ], [ -78.545823134226097, 34.134605995972301 ], [ -78.543601505866704, 34.1358507714978 ], [ -78.545820673598797, 34.137445591348097 ], [ -78.543478569780007, 34.138220046341097 ], [ -78.546458199740201, 34.1382478809753 ], [ -78.544338005710102, 34.142928441100999 ], [ -78.545382364717895, 34.145714646460199 ], [ -78.541251252905496, 34.148352720042098 ], [ -78.537105703008393, 34.146237778044103 ], [ -78.531960254238001, 34.1540132523822 ], [ -78.524668150419899, 34.154052399839102 ], [ -78.518634663644207, 34.159309576093797 ], [ -78.515218389257896, 34.165955006500603 ], [ -78.513081694821494, 34.165704709385103 ], [ -78.511410067907704, 34.168181893389502 ], [ -78.507476817850005, 34.169245417146797 ], [ -78.495674281153597, 34.167684955677998 ], [ -78.493621265762499, 34.164044203040397 ], [ -78.489287049016397, 34.163690867884597 ], [ -78.483985735826707, 34.157846476705203 ], [ -78.481680532052906, 34.158317323248802 ], [ -78.474559240174699, 34.1547142357784 ], [ -78.467198174840306, 34.154767470177703 ], [ -78.459136904494002, 34.1498197818931 ], [ -78.441890596338794, 34.146262877291903 ], [ -78.436065942510595, 34.1421311865749 ], [ -78.422923731242093, 34.139501031397202 ], [ -78.4136703858712, 34.150386460524999 ], [ -78.407165905439996, 34.1548278729868 ], [ -78.405704991514497, 34.1584269190067 ], [ -78.395351390894902, 34.1680862250549 ], [ -78.392816797184693, 34.172959072046098 ], [ -78.388112059124495, 34.175219059567802 ], [ -78.382729526439306, 34.181081690365801 ], [ -78.366020786632802, 34.189049771079098 ], [ -78.374650540684598, 34.2024103648695 ], [ -78.374297276560796, 34.204899425986802 ], [ -78.254597159263, 34.216335577530501 ], [ -78.162194085058104, 34.357246751099503 ], [ -78.158257051900804, 34.3580210092857 ], [ -78.155584928751907, 34.3639972185359 ], [ -78.152338271935506, 34.366335889205303 ], [ -78.148098365541301, 34.367158817717502 ], [ -78.143747495477399, 34.364959903336 ], [ -78.140156900209305, 34.365375656791002 ], [ -78.140611512092406, 34.3691994663779 ], [ -78.136818154236295, 34.371975532966502 ], [ -78.132206818423697, 34.367025787801403 ], [ -78.121872689973898, 34.368521543873896 ], [ -78.1172077079367, 34.364614367922101 ], [ -78.113645485239999, 34.3646529924074 ], [ -78.113715932406095, 34.360837486371402 ], [ -78.103336525435907, 34.355247230846999 ], [ -78.094647781087005, 34.356180476573797 ], [ -78.0931686533294, 34.352783564496498 ], [ -78.085943140236694, 34.351478225775203 ], [ -78.079162316250603, 34.354170535584203 ], [ -78.079595990678499, 34.352135951106803 ], [ -78.074534320106693, 34.347225376974201 ], [ -78.075267714433807, 34.343772265419297 ], [ -78.078623566786703, 34.3402419359657 ], [ -78.078012820349997, 34.338742666562098 ], [ -78.065338042377505, 34.339046244096401 ], [ -78.060212741340806, 34.337662114917798 ], [ -78.059395295069393, 34.3454339526307 ], [ -78.0523561198642, 34.339716901823202 ], [ -78.054132281445007, 34.335749428752699 ], [ -78.047431785672401, 34.3358474587627 ], [ -78.047046089366106, 34.330699467302502 ], [ -78.042545390662198, 34.330495532048602 ], [ -78.038270783874395, 34.332594817952 ], [ -78.034220499905899, 34.330327266001397 ], [ -78.029617855625503, 34.331798349748098 ] ] ] } },
{ "type": "Feature", "properties": { "OBJECTID": 11, "County": "Buncombe", "FIPS": "021", "Rec_Survey": "No recent survey data available", "NCGS_url": " ", "ck_date": "2011-11-29T00:00:00Z", "Shape__Area": 18391145429.710022, "Shape__Length": 790738.31901562633, "GlobalID": "f2b89e33-3778-4b71-a7ba-e2f91ddc268b" }, "geometry": { "type": "Polygon", "coordinates": [ [ [ -82.332825627060103, 35.5002271913283 ], [ -82.337884726953902, 35.498500924356598 ], [ -82.339584042628204, 35.4947851977916 ], [ -82.338675201694002, 35.490878019734602 ], [ -82.341006413649794, 35.488892853370899 ], [ -82.345394044787596, 35.487836800439602 ], [ -82.356402313159293, 35.490718304808098 ], [ -82.358922136381395, 35.489192960616897 ], [ -82.360874114650002, 35.485094054946202 ], [ -82.369327031359404, 35.485524348251403 ], [ -82.369324204316399, 35.482522360096297 ], [ -82.371876166911505, 35.479917095838097 ], [ -82.369736391818606, 35.475499256535201 ], [ -82.370685353876993, 35.4720222712658 ], [ -82.368006605056195, 35.468745789795499 ], [ -82.367249140510495, 35.464030716551498 ], [ -82.363136323612196, 35.460966336353998 ], [ -82.3685028627918, 35.460623022713499 ], [ -82.381190942370495, 35.463600420015901 ], [ -82.388246914053497, 35.469988842519903 ], [ -82.400319811410995, 35.4713212085259 ], [ -82.401883905658906, 35.469833740586203 ], [ -82.406987347348405, 35.473810216654897 ], [ -82.411314822034598, 35.472083158879499 ], [ -82.417514924123694, 35.474507830882601 ], [ -82.422998366795298, 35.470588352347797 ], [ -82.4271894053702, 35.470365012924098 ], [ -82.430354203289795, 35.465451889737203 ], [ -82.434552419215507, 35.463072740693299 ], [ -82.445789614383202, 35.460906570335901 ], [ -82.446924793257296, 35.458235567732501 ], [ -82.453896365249705, 35.455481133844003 ], [ -82.455791029653199, 35.449723151771501 ], [ -82.461249200543904, 35.4508799224255 ], [ -82.470560576507793, 35.445181048269703 ], [ -82.538107569488304, 35.4444458842529 ], [ -82.534979939204703, 35.444206983933398 ], [ -82.536984844785906, 35.437403705948498 ], [ -82.533187917706798, 35.436313986988097 ], [ -82.531173786871506, 35.432370015193897 ], [ -82.534832901489196, 35.431561895192303 ], [ -82.534661558896403, 35.428888441783201 ], [ -82.530119655306706, 35.428364293401401 ], [ -82.529841428862198, 35.422805404560798 ], [ -82.535460223055395, 35.422386566698897 ], [ -82.533231650747595, 35.416456893898797 ], [ -82.535939850865901, 35.422245036097003 ], [ -82.538531858642202, 35.421359107147097 ], [ -82.539715254571306, 35.4230651863529 ], [ -82.543855778159397, 35.423218053636496 ], [ -82.546954080713704, 35.425165848801797 ], [ -82.542484716973405, 35.431293524091402 ], [ -82.546629677817506, 35.440565680273501 ], [ -82.549372629133401, 35.440605452678398 ], [ -82.548823903233895, 35.444330031690399 ], [ -82.561192354544602, 35.443185870340301 ], [ -82.561904651338693, 35.4375977275784 ], [ -82.567943315679699, 35.437923158463597 ], [ -82.567988366277604, 35.435011255170103 ], [ -82.570611639669494, 35.431051613881699 ], [ -82.584275806357198, 35.433891093286299 ], [ -82.590357279773102, 35.437886591226402 ], [ -82.595017922464507, 35.435712052656903 ], [ -82.608424751266597, 35.443259410350798 ], [ -82.614409315183096, 35.439847431947598 ], [ -82.618081986671697, 35.440236838881901 ], [ -82.621752385511698, 35.435699877753301 ], [ -82.635235430873195, 35.442868402821297 ], [ -82.641967538688206, 35.444298387186898 ], [ -82.644078492656604, 35.449071047090797 ], [ -82.650627297667, 35.451940847027899 ], [ -82.652929672731702, 35.455010468949503 ], [ -82.660610345726099, 35.452782970686698 ], [ -82.665399143951703, 35.457236864351501 ], [ -82.673103104330195, 35.459499381506298 ], [ -82.679809832351694, 35.4540698475965 ], [ -82.703291213407297, 35.453633845660903 ], [ -82.711968644502093, 35.448433717345097 ], [ -82.715771843671007, 35.447815383179197 ], [ -82.725442189411098, 35.437565328658003 ], [ -82.7303650757963, 35.435573842247798 ], [ -82.730896790062602, 35.432323322627802 ], [ -82.739628599357403, 35.429684439228502 ], [ -82.743048704356099, 35.424036113357602 ], [ -82.7451430001707, 35.422973681522699 ], [ -82.748283646815096, 35.425491468803301 ], [ -82.755829868599406, 35.425112738448902 ], [ -82.765990937518794, 35.432486722082103 ], [ -82.768576504108594, 35.432448789259098 ], [ -82.782068285933903, 35.439892260609703 ], [ -82.786187650449605, 35.457034572251601 ], [ -82.794641143770306, 35.465468538185903 ], [ -82.794119243349698, 35.469060311965102 ], [ -82.799640975581895, 35.471041098930797 ], [ -82.797458701594493, 35.471360347813601 ], [ -82.793377433932903, 35.484075268852898 ], [ -82.785805294964106, 35.4948498715776 ], [ -82.786533404438401, 35.498130746511201 ], [ -82.782450702320602, 35.504300720454602 ], [ -82.785000744305293, 35.507462068343898 ], [ -82.778015560322601, 35.519932219683902 ], [ -82.780215268583703, 35.525718145879999 ], [ -82.774149122351801, 35.531886760184697 ], [ -82.767771414170397, 35.535221154167097 ], [ -82.765952193221906, 35.539005827683702 ], [ -82.771246637064905, 35.550404478953503 ], [ -82.777528010991006, 35.555625607982797 ], [ -82.772657502326695, 35.562570312506701 ], [ -82.765942232149698, 35.567628771315299 ], [ -82.770758121289305, 35.576124096327298 ], [ -82.778515533778105, 35.577886975253897 ], [ -82.777181045562003, 35.582416086075 ], [ -82.779975269878094, 35.584578295385498 ], [ -82.780987400365703, 35.588799889744102 ], [ -82.799197636743301, 35.597857195990798 ], [ -82.801908394938096, 35.6025264999097 ], [ -82.803493540542902, 35.610865842849798 ], [ -82.809621531981506, 35.617847658564102 ], [ -82.809755884311201, 35.625006555579503 ], [ -82.811269873886403, 35.627090964429797 ], [ -82.814445969107595, 35.627748132632298 ], [ -82.821187413349307, 35.623171075718602 ], [ -82.826441959644796, 35.622859902364702 ], [ -82.828994489188403, 35.6202074499151 ], [ -82.831813546177898, 35.619641674876803 ], [ -82.836189027607205, 35.621383731819897 ], [ -82.844871375485098, 35.616517620593598 ], [ -82.846093841597593, 35.614316052522099 ], [ -82.851672116054303, 35.617278577107101 ], [ -82.850448080052502, 35.627726047008998 ], [ -82.852059794325598, 35.630099249946703 ], [ -82.850908057544004, 35.632871988570997 ], [ -82.851774352262396, 35.635429738396802 ], [ -82.855289247410397, 35.636810764043702 ], [ -82.865074183808403, 35.6348023182181 ], [ -82.869015283808395, 35.641855798779801 ], [ -82.868692604682295, 35.645257670951501 ], [ -82.874620082340499, 35.651443451203001 ], [ -82.872169256912898, 35.657449551987902 ], [ -82.878045571096195, 35.6625325033541 ], [ -82.876798869998296, 35.666213279790902 ], [ -82.888110971721403, 35.673016088697203 ], [ -82.881867856085904, 35.680384403024497 ], [ -82.874780988441103, 35.683512594520401 ], [ -82.871104490453604, 35.688931976563197 ], [ -82.867165486012496, 35.688949966530501 ], [ -82.8570784136692, 35.693408207272697 ], [ -82.853888280171205, 35.6967569445329 ], [ -82.854083646872894, 35.699459045707499 ], [ -82.848874411761699, 35.701734736239104 ], [ -82.842617452058505, 35.699552036528701 ], [ -82.838976216509195, 35.693614456805598 ], [ -82.826691794915305, 35.690704237192698 ], [ -82.824420180438096, 35.688492193039103 ], [ -82.815561747741498, 35.689102330814997 ], [ -82.806536147508098, 35.685790960005903 ], [ -82.797755347724703, 35.689211311219097 ], [ -82.797335535479903, 35.692019476402301 ], [ -82.793168851177896, 35.696531562820702 ], [ -82.788350718173007, 35.696001135379802 ], [ -82.785465219026307, 35.698081455519997 ], [ -82.774932322397504, 35.700094590509401 ], [ -82.769175926031807, 35.6983728344754 ], [ -82.754523712961301, 35.703281442792203 ], [ -82.751614113024004, 35.707005359099298 ], [ -82.749892977378593, 35.706621810936397 ], [ -82.751658839390402, 35.710642306862702 ], [ -82.746082681850496, 35.712654509688697 ], [ -82.745398620414903, 35.714523189008197 ], [ -82.737445990515297, 35.7118052914754 ], [ -82.736098066095707, 35.713870855303 ], [ -82.733048248129094, 35.713930622231103 ], [ -82.736774781578603, 35.716074948959303 ], [ -82.732633729980705, 35.7181802792092 ], [ -82.730979297755297, 35.722409910838401 ], [ -82.727425875813495, 35.718042490101297 ], [ -82.720639919150898, 35.715553786482097 ], [ -82.713967382120998, 35.717658473411497 ], [ -82.711034222989895, 35.725177036711699 ], [ -82.708898826540405, 35.725537178642099 ], [ -82.709518486712, 35.726874631175797 ], [ -82.713716825150101, 35.727049168245202 ], [ -82.709987981230498, 35.728669540093698 ], [ -82.712135148597199, 35.733001013374398 ], [ -82.707262675368895, 35.7321833248063 ], [ -82.700866856885398, 35.734753627101199 ], [ -82.694722872046896, 35.735039469121901 ], [ -82.691850801418894, 35.733537445333504 ], [ -82.690201472263496, 35.7297597101633 ], [ -82.685589426314493, 35.727097614142501 ], [ -82.669611922523302, 35.725800919316399 ], [ -82.669523511905396, 35.730245756357199 ], [ -82.677664043609198, 35.734653404671299 ], [ -82.668465351266903, 35.734741040793203 ], [ -82.667889335396694, 35.7377172820485 ], [ -82.539630562454093, 35.791804384086703 ], [ -82.535690834586802, 35.7910735937106 ], [ -82.531785017050794, 35.795831045753602 ], [ -82.525349843586497, 35.798725269686599 ], [ -82.520060981207706, 35.799141438788098 ], [ -82.514656095244206, 35.803250294183101 ], [ -82.506521329966105, 35.802774678741599 ], [ -82.503345661091899, 35.8009377855767 ], [ -82.498999745159793, 35.801518313031302 ], [ -82.495168690241002, 35.799463754071397 ], [ -82.488322315478698, 35.801496198150097 ], [ -82.475848886613505, 35.798314624164199 ], [ -82.465163368165094, 35.801802931219903 ], [ -82.463662324695704, 35.809671832350098 ], [ -82.454303189018503, 35.807355136415701 ], [ -82.447063503214196, 35.810435796432103 ], [ -82.443972340826704, 35.808853889788502 ], [ -82.435454967616195, 35.8085630553594 ], [ -82.427368659321004, 35.813772660892703 ], [ -82.417633698236997, 35.813405339039299 ], [ -82.412349862834702, 35.814726227269901 ], [ -82.407664679912799, 35.818553363491802 ], [ -82.403590159272099, 35.819495450390001 ], [ -82.402610289235298, 35.817541214579698 ], [ -82.396585272288107, 35.818331066620601 ], [ -82.381716786447598, 35.824116547658399 ], [ -82.373592695335901, 35.817834163286797 ], [ -82.3656425444983, 35.821792963126398 ], [ -82.361960044149598, 35.821252073202601 ], [ -82.358493575101903, 35.816963154316603 ], [ -82.348695089384407, 35.811463425834702 ], [ -82.345250704584899, 35.8044843429088 ], [ -82.3382985692283, 35.801723791271201 ], [ -82.338303369063794, 35.796156003231303 ], [ -82.343522672197196, 35.7918070485619 ], [ -82.346361266549394, 35.787005781359099 ], [ -82.343312027133194, 35.780650121536802 ], [ -82.3436991625465, 35.775475341769699 ], [ -82.337734053325406, 35.768163674544297 ], [ -82.338369012384604, 35.765657480553699 ], [ -82.334486293229006, 35.7485617973826 ], [ -82.326450056431597, 35.747138984329503 ], [ -82.321745360334006, 35.740154557579203 ], [ -82.313068972909804, 35.733610272317797 ], [ -82.291178864131794, 35.7299312689332 ], [ -82.284737041826006, 35.725533084847598 ], [ -82.275752650836594, 35.7139129397452 ], [ -82.275400182145304, 35.704444715020799 ], [ -82.281222095221807, 35.7021765715022 ], [ -82.283655441317805, 35.698703841541601 ], [ -82.288918554085299, 35.696160919048502 ], [ -82.295032187831595, 35.684132099315804 ], [ -82.284217030902894, 35.676776828866799 ], [ -82.281121929033901, 35.670219313916803 ], [ -82.280395075762002, 35.667537637673803 ], [ -82.286546902715898, 35.658136003630503 ], [ -82.2857228255058, 35.648376139558401 ], [ -82.283016870127895, 35.646875082522598 ], [ -82.281909516191405, 35.639389290611803 ], [ -82.276127252415193, 35.637695461347697 ], [ -82.270879252270504, 35.631934029703501 ], [ -82.2741195470185, 35.6288902098064 ], [ -82.271565305672596, 35.624471502816903 ], [ -82.272737175578698, 35.621986935479299 ], [ -82.2646425045466, 35.617807844168802 ], [ -82.264812129945099, 35.614494493721899 ], [ -82.280435335358007, 35.608766260689698 ], [ -82.282273272829897, 35.603090069149196 ], [ -82.287516220294705, 35.601046919937303 ], [ -82.291937724018794, 35.5949687175004 ], [ -82.291030077460604, 35.591329103009897 ], [ -82.251254847869106, 35.5599498123036 ], [ -82.220063795899605, 35.5531678711219 ], [ -82.2069012781174, 35.547817791005698 ], [ -82.169052409955199, 35.527817992826897 ], [ -82.220518929915698, 35.520032662201899 ], [ -82.233210358742596, 35.519407188133798 ], [ -82.233338651392302, 35.5096362474888 ], [ -82.227195580103697, 35.504706776854803 ], [ -82.224106654937898, 35.500367399549397 ], [ -82.224339789941595, 35.498276250895202 ], [ -82.242503726672396, 35.467844846904903 ], [ -82.251440526575195, 35.460691524271297 ], [ -82.332825627060103, 35.5002271913283 ] ] ] } },
{ "type": "Feature", "properties": { "OBJECTID": 12, "County": "Burke", "FIPS": "023", "Rec_Survey": "No recent survey data available", "NCGS_url": " ", "ck_date": "2020-08-19T00:00:00Z", "Shape__Area": 14337555010.698547, "Shape__Length": 642336.58165998815, "GlobalID": "b0574d6c-d017-464a-8c23-f1fe99dd0d68" }, "geometry": { "type": "Polygon", "coordinates": [ [ [ -81.5376032910779, 35.564235072499002 ], [ -81.546643967402801, 35.564796057166397 ], [ -81.555675304162506, 35.562235992474001 ], [ -81.560915241514095, 35.562985512908 ], [ -81.566408413124293, 35.560038800283003 ], [ -81.5670972963905, 35.558239252406999 ], [ -81.572949861899801, 35.558515944819902 ], [ -81.579099148880701, 35.562160900814803 ], [ -81.577105298905593, 35.565995593514202 ], [ -81.578527746091694, 35.567073765805503 ], [ -81.591382711501097, 35.565079586128299 ], [ -81.595521684433606, 35.567971221499299 ], [ -81.595166731198205, 35.5704597995923 ], [ -81.597799409147001, 35.571261467482998 ], [ -81.607344643510302, 35.566794242138499 ], [ -81.617247127525005, 35.565453539119602 ], [ -81.618638165403993, 35.567247361536097 ], [ -81.633016149219102, 35.565328571988303 ], [ -81.6334400206065, 35.567299181660097 ], [ -81.635439039099694, 35.564969614458299 ], [ -81.648931622729094, 35.5616046769658 ], [ -81.656749212245998, 35.565351377395203 ], [ -81.6603799630672, 35.565379827473002 ], [ -81.662193597696302, 35.567552416232701 ], [ -81.670972274644996, 35.566776937095099 ], [ -81.680257283872095, 35.576533335077997 ], [ -81.684685423121493, 35.577304301725597 ], [ -81.690313434862503, 35.584394184845799 ], [ -81.692737481339506, 35.582845804027897 ], [ -81.692542119644202, 35.578901719449 ], [ -81.697738679575806, 35.5788987295659 ], [ -81.702591128996005, 35.583338513131302 ], [ -81.703343718472297, 35.581534529631597 ], [ -81.705656956454206, 35.5812210265536 ], [ -81.709209289318594, 35.589900268894297 ], [ -81.712141894883104, 35.589273408574002 ], [ -81.712048318749694, 35.591951672937903 ], [ -81.716329707254104, 35.595018788789098 ], [ -81.715980716584994, 35.598027133821297 ], [ -81.717511026400899, 35.598838208311498 ], [ -81.715282913774999, 35.6013813394568 ], [ -81.716614556739202, 35.600785849062099 ], [ -81.715839983340601, 35.602955328141199 ], [ -81.719955652983103, 35.606019786678303 ], [ -81.731791748436194, 35.601998909069302 ], [ -81.737147431867399, 35.601915817989401 ], [ -81.739010586437203, 35.604194447996001 ], [ -81.746826596384295, 35.605696255097598 ], [ -81.750417181025298, 35.611770648864201 ], [ -81.753410685982502, 35.613594733653699 ], [ -81.7573645793194, 35.609423967670097 ], [ -81.766124874591796, 35.607000522265302 ], [ -81.768340117248101, 35.602953760567999 ], [ -81.771910769371104, 35.602118340915197 ], [ -81.768017776467701, 35.5972305241703 ], [ -81.772186146208696, 35.592630189085298 ], [ -81.783017387792995, 35.591967866414798 ], [ -81.787421008265497, 35.5942421062392 ], [ -81.794076682568004, 35.593240952303297 ], [ -81.796590552102103, 35.588859240093797 ], [ -81.795878274641694, 35.584942859456802 ], [ -81.798786217708695, 35.579974686682199 ], [ -81.803530233879002, 35.578123236859199 ], [ -81.810354125565496, 35.581320161418802 ], [ -81.818495912350002, 35.577986946952997 ], [ -81.822136105607598, 35.580519788831502 ], [ -81.824125759519404, 35.574990359182998 ], [ -81.869254885103004, 35.719786847276197 ], [ -81.987414696588203, 35.806955919971699 ], [ -81.973550345545704, 35.821186840779703 ], [ -81.968442217956493, 35.819610702024498 ], [ -81.956862946552306, 35.819690120341399 ], [ -81.947497299549795, 35.825968481418002 ], [ -81.9478012852517, 35.8277873366413 ], [ -81.939710585074195, 35.837719148179701 ], [ -81.935228479734207, 35.837439526270799 ], [ -81.931908443533899, 35.838999917831998 ], [ -81.920028070957599, 35.847369355211796 ], [ -81.9173938194903, 35.851991367837996 ], [ -81.917899738821305, 35.856574894886798 ], [ -81.916453800115903, 35.858822850239697 ], [ -81.917946158448899, 35.8602080226879 ], [ -81.914312997627704, 35.866043953892799 ], [ -81.912096060858303, 35.874673001586601 ], [ -81.906656133929602, 35.883383382778398 ], [ -81.909440961688901, 35.898091959737698 ], [ -81.914310668386094, 35.901401538240201 ], [ -81.910337312791498, 35.905539528925203 ], [ -81.914895260667393, 35.9164447452996 ], [ -81.920550569057895, 35.919017446388899 ], [ -81.928475481793996, 35.931538067462 ], [ -81.925663381351995, 35.937424586856601 ], [ -81.932333185747595, 35.941387294400599 ], [ -81.931285785816399, 35.946625223568397 ], [ -81.934138500787, 35.948477208697703 ], [ -81.937261759164997, 35.955177008830397 ], [ -81.9417433829462, 35.957264996562202 ], [ -81.943191335643604, 35.960056785654999 ], [ -81.899874995086407, 35.999915552562399 ], [ -81.881390085630898, 35.992939236903901 ], [ -81.877765912668295, 35.989053361545203 ], [ -81.877521073277606, 35.981166431349102 ], [ -81.873517330837004, 35.979326228860501 ], [ -81.873210866634295, 35.977594892325101 ], [ -81.849969770540497, 35.973616812185298 ], [ -81.844540119156406, 35.974982890514298 ], [ -81.8407483802374, 35.971998372080499 ], [ -81.835878539107597, 35.971834012966802 ], [ -81.832185779350894, 35.967148259215897 ], [ -81.817434848602304, 35.968374767700098 ], [ -81.812516348901994, 35.963983850709297 ], [ -81.807165300451402, 35.961961751162697 ], [ -81.808852947811303, 35.958353265630599 ], [ -81.800553155509903, 35.953075737012199 ], [ -81.799636211947899, 35.950385918378302 ], [ -81.796175670551705, 35.948795797957203 ], [ -81.794513105954493, 35.950240142134703 ], [ -81.787064449503603, 35.947604888837603 ], [ -81.777539108970402, 35.947387985631998 ], [ -81.776690400198206, 35.941602523026098 ], [ -81.779755080702103, 35.938711162591098 ], [ -81.775454753905095, 35.933858335359801 ], [ -81.777696083659905, 35.929923812226697 ], [ -81.776233718847294, 35.927124396282899 ], [ -81.769407398981699, 35.929145132048099 ], [ -81.762890043177507, 35.925713954391597 ], [ -81.758736632738504, 35.928473086798803 ], [ -81.756821525535898, 35.925546620318002 ], [ -81.752526512888807, 35.924432834165302 ], [ -81.745733432057605, 35.916385154222397 ], [ -81.744590408857505, 35.9086902965322 ], [ -81.740019216422198, 35.907190029864303 ], [ -81.735060121384393, 35.902839036331201 ], [ -81.7308051130628, 35.898027696372701 ], [ -81.728973746758498, 35.891190975496002 ], [ -81.724641529052306, 35.889657932596897 ], [ -81.719104688541506, 35.8833159715265 ], [ -81.717006481648895, 35.883254460150702 ], [ -81.710172858003105, 35.875184685313997 ], [ -81.639220198585605, 35.848352865699603 ], [ -81.632248600192895, 35.835797308682402 ], [ -81.626112473844302, 35.833488615167802 ], [ -81.630045720710299, 35.830371533764001 ], [ -81.610388265887494, 35.819619166603502 ], [ -81.600813011192201, 35.825103219135798 ], [ -81.55599783612, 35.777545429783302 ], [ -81.548028586210705, 35.776790229242401 ], [ -81.541629791566294, 35.7790785336203 ], [ -81.517886970172597, 35.781080188312103 ], [ -81.489945370953606, 35.780633724275702 ], [ -81.473390846328201, 35.783712248334801 ], [ -81.446371168330998, 35.785277943356697 ], [ -81.444023744738004, 35.784049927634499 ], [ -81.441525721524698, 35.773874241177197 ], [ -81.426455254055497, 35.7720106882742 ], [ -81.408069154341803, 35.765242549769603 ], [ -81.398587209139293, 35.7584315731185 ], [ -81.3911208000073, 35.7594674094872 ], [ -81.377490095682006, 35.757504994065997 ], [ -81.371117789150205, 35.7661948121672 ], [ -81.363794967106998, 35.767808163208997 ], [ -81.432901705988002, 35.677854041359801 ], [ -81.5070304369833, 35.607753814426999 ], [ -81.5376032910779, 35.564235072499002 ] ] ] } },
{ "type": "Feature", "properties": { "OBJECTID": 13, "County": "Cabarrus", "FIPS": "025", "Rec_Survey": "Recorded survey data is available. Visit North Carolina Geodetic Survey for information. https://ncgs.state.nc.us", "NCGS_url": "https://ncem-gis.maps.arcgis.com/apps/webappviewer/index.html?id=8f3edbd62c004edd8b4fe3640f224738", "ck_date": "2025-01-13T00:00:00Z", "Shape__Area": 10145196616.405212, "Shape__Length": 438905.49664280441, "GlobalID": "2e8b53c6-4f3b-4537-9bca-fe88a1838602" }, "geometry": { "type": "Polygon", "coordinates": [ [ [ -80.666702300353094, 35.268052123668198 ], [ -80.693070767453506, 35.346404433440298 ], [ -80.708881298819605, 35.355356481089601 ], [ -80.744415583803104, 35.380677066665697 ], [ -80.755316052873098, 35.394830598469397 ], [ -80.766417380313001, 35.4014843704729 ], [ -80.763552547878604, 35.412105841332099 ], [ -80.752167706523906, 35.414051852507797 ], [ -80.7729777100392, 35.457685520360499 ], [ -80.773387214998806, 35.463154914384504 ], [ -80.779334801341406, 35.4720190723448 ], [ -80.781897927398603, 35.483826048082797 ], [ -80.786838379121306, 35.493076389949501 ], [ -80.7842783180742, 35.506022227023799 ], [ -80.680796847117094, 35.505360264865601 ], [ -80.675486873288804, 35.506516706459699 ], [ -80.562083510144305, 35.503141567302102 ], [ -80.422326609802894, 35.501962750268397 ], [ -80.295428436053697, 35.502927396475101 ], [ -80.484359405738104, 35.216374490863998 ], [ -80.483104941059395, 35.212847682863703 ], [ -80.494392051359696, 35.205628747598901 ], [ -80.499561521261299, 35.198048750633198 ], [ -80.505658631353398, 35.193758202695797 ], [ -80.5041105966895, 35.187493361304803 ], [ -80.504985033179594, 35.1850014827207 ], [ -80.666702300353094, 35.268052123668198 ] ] ] } },
{ "type": "Feature", "properties": { "OBJECTID": 14, "County": "Caldwell", "FIPS": "027", "Rec_Survey": "No recent survey data available", "NCGS_url": " ", "ck_date": "2011-11-29T00:00:00Z", "Shape__Area": 13229092207.635559, "Shape__Length": 542400.30410201789, "GlobalID": "0e33fa2b-d6f4-4067-b0af-864dc4206743" }, "geometry": { "type": "Polygon", "coordinates": [ [ [ -81.363794967106998, 35.767808163208997 ], [ -81.371117789150205, 35.7661948121672 ], [ -81.377490095682006, 35.757504994065997 ], [ -81.3911208000073, 35.7594674094872 ], [ -81.398587209139293, 35.7584315731185 ], [ -81.408069154341803, 35.765242549769603 ], [ -81.426455254055497, 35.7720106882742 ], [ -81.441525721524698, 35.773874241177197 ], [ -81.444023744738004, 35.784049927634499 ], [ -81.446371168330998, 35.785277943356697 ], [ -81.473390846328201, 35.783712248334801 ], [ -81.489945370953606, 35.780633724275702 ], [ -81.535241213432499, 35.779973906424701 ], [ -81.548028586210705, 35.776790229242401 ], [ -81.554586648330798, 35.777078803700697 ], [ -81.600813011192201, 35.825103219135798 ], [ -81.610388265887494, 35.819619166603502 ], [ -81.630045720710299, 35.830371533764001 ], [ -81.626112473844302, 35.833488615167802 ], [ -81.632248600192895, 35.835797308682402 ], [ -81.639220198585605, 35.848352865699603 ], [ -81.710172858003105, 35.875184685313997 ], [ -81.717006481648895, 35.883254460150702 ], [ -81.719104688541506, 35.8833159715265 ], [ -81.724641529052306, 35.889657932596897 ], [ -81.728973746758498, 35.891190975496002 ], [ -81.7308051130628, 35.898027696372701 ], [ -81.735060121384393, 35.902839036331201 ], [ -81.740019216422198, 35.907190029864303 ], [ -81.744590408857505, 35.9086902965322 ], [ -81.745733432057605, 35.916385154222397 ], [ -81.752526512888807, 35.924432834165302 ], [ -81.756821525535898, 35.925546620318002 ], [ -81.758736632738504, 35.928473086798803 ], [ -81.762890043177507, 35.925713954391597 ], [ -81.769407398981699, 35.929145132048099 ], [ -81.776233718847294, 35.927124396282899 ], [ -81.777696083659905, 35.929923812226697 ], [ -81.775454753905095, 35.933858335359801 ], [ -81.779755080702103, 35.938711162591098 ], [ -81.776690400198206, 35.941602523026098 ], [ -81.777539108970402, 35.947387985631998 ], [ -81.787064449503603, 35.947604888837603 ], [ -81.794513105954493, 35.950240142134703 ], [ -81.796175670551705, 35.948795797957203 ], [ -81.809079879532206, 35.958793531417797 ], [ -81.735676873443097, 36.067591410573499 ], [ -81.7411180643645, 36.071898503085698 ], [ -81.754286437726805, 36.073077090000503 ], [ -81.755374389502293, 36.076018193570498 ], [ -81.758520500769194, 36.077171508077299 ], [ -81.758033737051093, 36.082537188809098 ], [ -81.760806573362103, 36.089837169741301 ], [ -81.774124429253803, 36.098654693390401 ], [ -81.781322084019294, 36.101168342252301 ], [ -81.785725868391197, 36.100462996427801 ], [ -81.7922128389921, 36.103179069060097 ], [ -81.796764336313103, 36.1070976485627 ], [ -81.810519441070895, 36.111517497254198 ], [ -81.675031252117705, 36.122557434594498 ], [ -81.660661683164605, 36.118405060916402 ], [ -81.545491283954604, 36.117482328997902 ], [ -81.520014865077997, 36.102603352576402 ], [ -81.516468751854106, 36.097483035449798 ], [ -81.508416393202197, 36.096984005631199 ], [ -81.501618126670394, 36.1003394065187 ], [ -81.495663136528606, 36.100591068736698 ], [ -81.493515450706596, 36.0975014876296 ], [ -81.489167320108606, 36.098576022028901 ], [ -81.484343967139097, 36.095996868815803 ], [ -81.477124256550098, 36.096841030260897 ], [ -81.477794611807099, 36.092771044045598 ], [ -81.467805240263104, 36.085543121479901 ], [ -81.460025741213599, 36.090973885596497 ], [ -81.453984779617102, 36.090495423694001 ], [ -81.453202523835301, 36.0867130346642 ], [ -81.447376024358206, 36.083032271079702 ], [ -81.448065435103103, 36.079431680772998 ], [ -81.444444829887303, 36.0754667007634 ], [ -81.444763347540601, 36.072133760574701 ], [ -81.438201198058707, 36.075294901650302 ], [ -81.431073397237697, 36.075322553263 ], [ -81.424444234383301, 36.077858031205899 ], [ -81.417348835779507, 36.070854691591798 ], [ -81.411466250314803, 36.0728905333293 ], [ -81.409452158235894, 36.0707369186119 ], [ -81.407417589880097, 36.071856637625402 ], [ -81.406386965525002, 36.0678373216087 ], [ -81.402912945436498, 36.065747230919001 ], [ -81.397785678763896, 36.066424279745803 ], [ -81.400043228088904, 36.062578734082997 ], [ -81.396562999599695, 36.056627300484998 ], [ -81.389466844171693, 36.050135398467901 ], [ -81.3973111351835, 36.043106865408298 ], [ -81.396399152138002, 36.0407712034567 ], [ -81.382012931788907, 36.044434850539801 ], [ -81.378016468171097, 36.040751136916697 ], [ -81.348476671674106, 36.025798742863003 ], [ -81.344984152782104, 36.025630338733997 ], [ -81.328327966533706, 35.996589638107899 ], [ -81.342908953954307, 35.923209862812101 ], [ -81.333382801712105, 35.878902654659797 ], [ -81.344024005948299, 35.824378747503403 ], [ -81.3424977969525, 35.822444357899599 ], [ -81.340960048470507, 35.824374156693501 ], [ -81.339785697724395, 35.823857543610202 ], [ -81.337482248297704, 35.818295512910701 ], [ -81.340127075069105, 35.816113111445901 ], [ -81.3360032650493, 35.8146577337982 ], [ -81.338087695366397, 35.812430879765202 ], [ -81.334690799374897, 35.803565754113798 ], [ -81.332072883016806, 35.803385040292099 ], [ -81.331498851529602, 35.800686190472902 ], [ -81.333859485678303, 35.796256228970698 ], [ -81.341602055332302, 35.795992641490002 ], [ -81.3475294849774, 35.792617021460501 ], [ -81.351515828243294, 35.783836056379798 ], [ -81.355557115652999, 35.780280263047601 ], [ -81.352476896664896, 35.773796951295999 ], [ -81.353875242615004, 35.7688578938386 ], [ -81.3574853233021, 35.767068853759604 ], [ -81.363794967106998, 35.767808163208997 ] ] ] } },
{ "type": "Feature", "properties": { "OBJECTID": 15, "County": "Camden", "FIPS": "029", "Rec_Survey": "Recorded survey data is available. Visit North Carolina Geodetic Survey for information. https://ncgs.state.nc.us", "NCGS_url": "https://ncem-gis.maps.arcgis.com/apps/webappviewer/index.html?id=8f3edbd62c004edd8b4fe3640f224738", "ck_date": "2025-01-13T00:00:00Z", "Shape__Area": 8650639094.1474609, "Shape__Length": 680439.73202248069, "GlobalID": "53ca9db2-96d4-4f77-83ee-4e6c72619320" }, "geometry": { "type": "Polygon", "coordinates": [ [ [ -75.906292663937705, 36.0858797274512 ], [ -75.950455802488705, 36.087960505593401 ], [ -76.022400178302206, 36.086661164709902 ], [ -76.023199497186994, 36.125159854975003 ], [ -76.029392260857506, 36.158826690104803 ], [ -76.034314513109294, 36.167105526261999 ], [ -76.044472137695493, 36.1787959793391 ], [ -76.067592690050603, 36.215307242504402 ], [ -76.071471479637907, 36.218565403755399 ], [ -76.086399251258797, 36.222036064251597 ], [ -76.098272550969597, 36.227634305679203 ], [ -76.101863857312196, 36.231443059519599 ], [ -76.105301057958201, 36.2400833129091 ], [ -76.120264613044696, 36.259251202077301 ], [ -76.137717531807795, 36.273456749050197 ], [ -76.147879048796895, 36.2766454796378 ], [ -76.163950114919601, 36.277051409297798 ], [ -76.172646325352602, 36.283254106485899 ], [ -76.178920300942295, 36.292924755560598 ], [ -76.196424589843403, 36.291161212855599 ], [ -76.205101740841798, 36.296917276674598 ], [ -76.217087160068104, 36.298810384059102 ], [ -76.216945606683296, 36.301541848915903 ], [ -76.213794758290405, 36.304053063981002 ], [ -76.200920942912205, 36.305652701033999 ], [ -76.201110124304705, 36.314576405747701 ], [ -76.199640143399606, 36.317277534274702 ], [ -76.196942574960104, 36.317519772232998 ], [ -76.192272409894599, 36.314260482241302 ], [ -76.187965924308003, 36.314465684352001 ], [ -76.182756997271497, 36.317220103333497 ], [ -76.181277779702, 36.321946490979499 ], [ -76.192208882693905, 36.328147636106202 ], [ -76.215980299665901, 36.3276818932531 ], [ -76.218085045794695, 36.3336240965155 ], [ -76.214180143115101, 36.341606445984297 ], [ -76.218685562390704, 36.345177564690601 ], [ -76.225116846872993, 36.346437278369997 ], [ -76.227397201138103, 36.348337215689497 ], [ -76.225775989801903, 36.354148053387 ], [ -76.231408975700404, 36.362082358160798 ], [ -76.231330862130505, 36.372087349572098 ], [ -76.237588466088596, 36.371974046829102 ], [ -76.243954787850001, 36.365721511388998 ], [ -76.254705943168503, 36.362834630886702 ], [ -76.257179473500102, 36.363551145836603 ], [ -76.260226982962195, 36.367014158198998 ], [ -76.257304680467598, 36.370000439107102 ], [ -76.256479595456995, 36.373682039888202 ], [ -76.2591098677144, 36.376728446093701 ], [ -76.2570881994004, 36.382287192351498 ], [ -76.2588928113192, 36.384281513794903 ], [ -76.2737181795693, 36.388232160292901 ], [ -76.279531074614894, 36.386267083291301 ], [ -76.285128161208107, 36.388920143288203 ], [ -76.287387324877102, 36.384774584585102 ], [ -76.291543970149306, 36.3866360343062 ], [ -76.300476276793304, 36.395408147812503 ], [ -76.3018495302167, 36.400511256088102 ], [ -76.310543250526806, 36.401933404683298 ], [ -76.310383202093803, 36.4061622133678 ], [ -76.314453943938005, 36.4083232510567 ], [ -76.314638299451303, 36.410848959234499 ], [ -76.323066893402697, 36.417248741710502 ], [ -76.323058374726102, 36.420234739824103 ], [ -76.320012077949599, 36.423132343111902 ], [ -76.322174201301905, 36.427463389124497 ], [ -76.3295751630084, 36.4238568314451 ], [ -76.332895550310994, 36.425455264178296 ], [ -76.337855659797, 36.424906682910802 ], [ -76.341289670537606, 36.421847456528802 ], [ -76.345832678391403, 36.421495982773699 ], [ -76.348484402289003, 36.423883212970097 ], [ -76.347412472794105, 36.428173398297197 ], [ -76.356914052194497, 36.426638214960299 ], [ -76.367431327358801, 36.4312290670726 ], [ -76.367469063376504, 36.4337199435166 ], [ -76.369330960501202, 36.435379350602602 ], [ -76.367355801104296, 36.439360009718399 ], [ -76.372100758359807, 36.439550110364003 ], [ -76.371146798003906, 36.441387712454699 ], [ -76.376046179431697, 36.442436245621998 ], [ -76.376553995016195, 36.445868201998998 ], [ -76.3824748908049, 36.447483883064699 ], [ -76.386819178697905, 36.446898749034801 ], [ -76.394751588692699, 36.454555957064699 ], [ -76.398667311041606, 36.455510545295397 ], [ -76.406992269630607, 36.4541824700025 ], [ -76.414755730433697, 36.460495064191797 ], [ -76.421132968040695, 36.461875128860598 ], [ -76.422712164667701, 36.4643929311748 ], [ -76.437288014499003, 36.467853422131299 ], [ -76.541968134853505, 36.550660385667797 ], [ -76.313305305468802, 36.550527365723397 ], [ -76.158547053770306, 36.425352837151898 ], [ -76.157475232264304, 36.3981858197685 ], [ -76.147628502593605, 36.3944703981076 ], [ -76.121813170399307, 36.371095312301101 ], [ -76.114439638203507, 36.3576384357564 ], [ -76.106648324353998, 36.354533430045599 ], [ -76.097676382854104, 36.353490097571601 ], [ -76.093204400123298, 36.350742896342602 ], [ -76.090543676202699, 36.3521268245185 ], [ -76.086421912692103, 36.349667890026303 ], [ -76.084882332168206, 36.352134860315303 ], [ -76.081444885512397, 36.348107190570197 ], [ -76.079887248167793, 36.348883210666699 ], [ -76.078279225868201, 36.347067179930399 ], [ -76.074869386271899, 36.348602908452797 ], [ -76.075986069673206, 36.346847178584703 ], [ -76.073912609547506, 36.346127076750697 ], [ -76.071871211496202, 36.349973804873201 ], [ -76.068261052547697, 36.349529290430503 ], [ -76.068923093428197, 36.347873008936702 ], [ -76.063683417416001, 36.347453724786 ], [ -76.062814451852802, 36.349178525553498 ], [ -76.064706107266403, 36.351300138257898 ], [ -76.059203708619293, 36.352004434316903 ], [ -76.058373765187795, 36.354364068815002 ], [ -76.055393642289303, 36.355615566727401 ], [ -76.055702803892004, 36.358636434672597 ], [ -76.051919732013701, 36.360263640835903 ], [ -76.0492560330445, 36.356451174911399 ], [ -76.046024873646402, 36.358348713428597 ], [ -76.041769332062103, 36.355388924662499 ], [ -76.037103797941, 36.355427874757602 ], [ -76.032395274667394, 36.350578045713902 ], [ -76.028791224628804, 36.3491334240261 ], [ -76.028453065472803, 36.344440411168598 ], [ -76.033440904467895, 36.341315065116099 ], [ -76.031668943749693, 36.338599738102303 ], [ -76.024902280264698, 36.3410109923664 ], [ -76.023277435447, 36.344999663484501 ], [ -76.0175123429986, 36.3450710232228 ], [ -76.016921531927807, 36.338216627480499 ], [ -76.020422043656396, 36.3328053151495 ], [ -76.016384959929894, 36.327259242732097 ], [ -76.007908762588102, 36.3286509514055 ], [ -76.002356464411903, 36.3242089906812 ], [ -76.001867315656796, 36.3151305041388 ], [ -75.999641160464094, 36.311170809453003 ], [ -75.990602137820105, 36.308290153716499 ], [ -75.973105135799202, 36.3097756317026 ], [ -75.969620342487403, 36.306315148529301 ], [ -75.969738408033095, 36.295708759446597 ], [ -75.966626579872894, 36.289560429839497 ], [ -75.961464238825798, 36.287439455546298 ], [ -75.955351436859004, 36.289381687013602 ], [ -75.948664285785199, 36.285705459834602 ], [ -75.950448338308206, 36.279847610159202 ], [ -75.948974994992497, 36.2740391069038 ], [ -75.951661838330196, 36.2714943473392 ], [ -75.962261161943701, 36.267167695119902 ], [ -75.963739157900093, 36.263963477940798 ], [ -75.963228609706306, 36.258473717786401 ], [ -75.952865544124194, 36.253200054081901 ], [ -75.942486139871306, 36.243030155389697 ], [ -75.934507993014904, 36.237942352083103 ], [ -75.929630740357496, 36.219965703717698 ], [ -75.929556666669697, 36.207238192370298 ], [ -75.9263704404637, 36.200060459651603 ], [ -75.918960674341093, 36.192421185653998 ], [ -75.898789369037402, 36.1802938023731 ], [ -75.889455729275298, 36.1675237589102 ], [ -75.887278056330103, 36.159202359358098 ], [ -75.887412232601903, 36.150805143841502 ], [ -75.896707762817499, 36.125165579737697 ], [ -75.906292663937705, 36.0858797274512 ] ] ] } },
{ "type": "Feature", "properties": { "OBJECTID": 16, "County": "Carteret", "FIPS": "031", "Rec_Survey": "Recorded survey data is available. Visit North Carolina Geodetic Survey for information. https://ncgs.state.nc.us", "NCGS_url": "https://ncem-gis.maps.arcgis.com/apps/webappviewer/index.html?id=8f3edbd62c004edd8b4fe3640f224738", "ck_date": "2025-01-13T00:00:00Z", "Shape__Area": 28966572350.172913, "Shape__Length": 1003010.6174606602, "GlobalID": "007f0c5d-e23f-4395-b5e7-aad16347381b" }, "geometry": { "type": "Polygon", "coordinates": [ [ [ -76.019046060483703, 35.065399346517097 ], [ -76.035687317870696, 35.055487791011601 ], [ -76.060432131281502, 35.046591190460099 ], [ -76.077297103123797, 35.036461502802901 ], [ -76.126615585282494, 34.997637140326297 ], [ -76.182966201894203, 34.957283410773101 ], [ -76.242039604740498, 34.907865886064997 ], [ -76.329152667754499, 34.842337181757202 ], [ -76.3963066414275, 34.7760631583688 ], [ -76.463370563319799, 34.700615214156102 ], [ -76.494473450361596, 34.663045990744003 ], [ -76.527940442660906, 34.608981841111699 ], [ -76.533159990853704, 34.593937663643501 ], [ -76.535687794453906, 34.581084570994001 ], [ -76.5371395919435, 34.582961524788203 ], [ -76.535517025351297, 34.586772259303103 ], [ -76.537282099870495, 34.594296909293398 ], [ -76.549002205968193, 34.606917682839999 ], [ -76.554756758050701, 34.617319119293199 ], [ -76.553666184471197, 34.628032669758298 ], [ -76.544218986489199, 34.642282528173098 ], [ -76.547500395718103, 34.645169376275803 ], [ -76.574883910554902, 34.6597899938564 ], [ -76.611929075378598, 34.671467457681103 ], [ -76.650956080574304, 34.679664631643099 ], [ -76.664073886144493, 34.686419537651702 ], [ -76.665247712624506, 34.6890213569095 ], [ -76.676519788522995, 34.6934694748577 ], [ -76.730382431439494, 34.696871807259498 ], [ -76.767764849140704, 34.697165686361203 ], [ -76.808100251889897, 34.694694098407901 ], [ -76.875778925154606, 34.687228206635098 ], [ -76.961484561012696, 34.674535346824698 ], [ -77.015620350518901, 34.664511096946299 ], [ -77.072068569843395, 34.650892898757398 ], [ -77.108034794987404, 34.639746774891798 ], [ -77.108382632993894, 34.643064875467402 ], [ -77.113358086390207, 34.649957986106102 ], [ -77.112799959886004, 34.652014268526699 ], [ -77.104221333928507, 34.659061406982701 ], [ -77.096076284775407, 34.6712469303327 ], [ -77.107901598502394, 34.675946428408899 ], [ -77.113531650077604, 34.680547643077901 ], [ -77.113384623394495, 34.682916405181601 ], [ -77.108563600079293, 34.687353318449397 ], [ -77.105154883891799, 34.694718804013696 ], [ -77.106598726483696, 34.712333426568598 ], [ -77.113825560016494, 34.7240729445166 ], [ -77.121800449648504, 34.731540463916197 ], [ -77.125768743240201, 34.748276350610098 ], [ -77.125648080865901, 34.756713718019299 ], [ -77.131269609985395, 34.758924896011798 ], [ -77.135753398537204, 34.764616050144198 ], [ -77.139334859532497, 34.760111780687403 ], [ -77.1416884534232, 34.759710931735498 ], [ -77.143365620792693, 34.765795635087102 ], [ -77.149019544862895, 34.768513087885196 ], [ -77.1550260286228, 34.7656408282188 ], [ -77.157676564809194, 34.7658941588126 ], [ -77.1584148917742, 34.769493584676397 ], [ -77.150682672599501, 34.770788116147699 ], [ -77.153132358618805, 34.773146649626199 ], [ -77.153324046769001, 34.776239988382699 ], [ -77.154908617594103, 34.776795270397699 ], [ -77.157054910883204, 34.773866932055697 ], [ -77.159019321541294, 34.773659002542999 ], [ -77.160403018683695, 34.776186848835202 ], [ -77.157256456553498, 34.779409589253603 ], [ -77.157961596316596, 34.781383436998098 ], [ -77.160657198199004, 34.781821153049599 ], [ -77.164051559714295, 34.778917727275498 ], [ -77.166482004977695, 34.780259103057098 ], [ -77.165988589042001, 34.785039015693798 ], [ -77.162039944526001, 34.786956118712702 ], [ -77.165382641226302, 34.787899439145797 ], [ -77.1677183064687, 34.791177725259097 ], [ -77.164384066407706, 34.790508354466802 ], [ -77.161516799071606, 34.7951656483595 ], [ -77.149965062541199, 34.792658240522798 ], [ -77.147755749623499, 34.794197687434199 ], [ -77.144193597762794, 34.793342780198401 ], [ -77.142231891131601, 34.797011367034798 ], [ -77.135716458239202, 34.797999690842602 ], [ -77.134235083803105, 34.796842482896103 ], [ -77.131207106453701, 34.798190725012901 ], [ -77.128128362902103, 34.795904494647402 ], [ -77.125497230582596, 34.796114476000596 ], [ -77.125395625154894, 34.793382659979301 ], [ -77.123649592737706, 34.792642773401198 ], [ -77.120032220674304, 34.794504649505903 ], [ -77.116195396613094, 34.793923306816197 ], [ -77.115564235612496, 34.797232226609196 ], [ -77.112699863137905, 34.796474992315602 ], [ -77.107381265923493, 34.803109066024597 ], [ -77.096148862187107, 34.799244528743998 ], [ -77.090592892551001, 34.799389566508601 ], [ -77.090084095322894, 34.808675629912003 ], [ -77.084954351716604, 34.811154693714698 ], [ -77.080257604899998, 34.8099910077079 ], [ -77.078266216117598, 34.811329324191 ], [ -76.954440496635996, 34.809073615041498 ], [ -76.954776012309196, 34.824515040106199 ], [ -76.882196904874206, 34.836710667236297 ], [ -76.883203056730594, 34.844900414594598 ], [ -76.771768243865196, 34.846683254647502 ], [ -76.766432338193496, 34.848801407700797 ], [ -76.758010654265107, 34.846292162538298 ], [ -76.693020107952805, 34.869187293259898 ], [ -76.691037473610294, 34.882393429972502 ], [ -76.686773049006007, 34.888708516289597 ], [ -76.686264927876607, 34.895377623486702 ], [ -76.682976427660805, 34.899275653319499 ], [ -76.669569721338405, 34.905142010664697 ], [ -76.662677376695498, 34.911859468920497 ], [ -76.652573105598094, 34.937601454737397 ], [ -76.685365213709304, 34.964247129312199 ], [ -76.711582227132695, 34.9817747546847 ], [ -76.624649566769904, 35.031063643592702 ], [ -76.304138509386803, 35.201460205364697 ], [ -76.065775598487605, 35.124944411060099 ], [ -76.019046060483703, 35.065399346517097 ] ] ] } },
{ "type": "Feature", "properties": { "OBJECTID": 17, "County": "Caswell", "FIPS": "033", "Rec_Survey": "Recorded survey data is available. Visit North Carolina Geodetic Survey for information. https://ncgs.state.nc.us", "NCGS_url": "https://ncem-gis.maps.arcgis.com/apps/webappviewer/index.html?id=8f3edbd62c004edd8b4fe3640f224738", "ck_date": "2011-11-29T00:00:00Z", "Shape__Area": 11951717120.061401, "Shape__Length": 437282.0921051206, "GlobalID": "ef3ab893-1fe2-4494-b9fe-28fed8896906" }, "geometry": { "type": "Polygon", "coordinates": [ [ [ -79.138322879284402, 36.541982231179901 ], [ -79.153999681433007, 36.241882135656901 ], [ -79.5318693550348, 36.249681698759403 ], [ -79.5136415416342, 36.540908814248198 ], [ -79.138322879284402, 36.541982231179901 ] ] ] } },
{ "type": "Feature", "properties": { "OBJECTID": 18, "County": "Catawba", "FIPS": "035", "Rec_Survey": "Recorded survey data is available. Visit North Carolina Geodetic Survey for information. https://ncgs.state.nc.us", "NCGS_url": "https://ncem-gis.maps.arcgis.com/apps/webappviewer/index.html?id=8f3edbd62c004edd8b4fe3640f224738", "ck_date": "2011-11-29T00:00:00Z", "Shape__Area": 11600644459.77124, "Shape__Length": 492603.05176623672, "GlobalID": "50081e7b-331b-41b7-a5a0-cefe82e665df" }, "geometry": { "type": "Polygon", "coordinates": [ [ [ -81.102358035421801, 35.768303050830703 ], [ -81.093817855609501, 35.768810218180001 ], [ -81.090267971626801, 35.766649526076598 ], [ -81.088666156638794, 35.764124526372498 ], [ -81.090594365171597, 35.758920632283598 ], [ -81.089938020646599, 35.756606822881501 ], [ -81.067866196138795, 35.738106791502801 ], [ -81.064040995995299, 35.7284914003327 ], [ -81.065755583203995, 35.719556261136397 ], [ -81.0649007491688, 35.714349901048102 ], [ -81.062642216538194, 35.711627593549302 ], [ -81.041368282501793, 35.707355902331599 ], [ -81.017736724015293, 35.712734645622298 ], [ -81.003171948941898, 35.709164294693103 ], [ -80.993707139512594, 35.701297657671503 ], [ -80.990931712979901, 35.694146523444701 ], [ -80.986512114436593, 35.691650742937902 ], [ -80.983150994305205, 35.687137699343502 ], [ -80.981467964630795, 35.681646416085897 ], [ -80.966678384740504, 35.671018578100202 ], [ -80.965872773046399, 35.664702783575898 ], [ -80.960843848845897, 35.659781879392902 ], [ -80.952717926451797, 35.642992427506897 ], [ -80.942561483146704, 35.636705516167702 ], [ -80.938041229069398, 35.631069291535901 ], [ -80.925518763878699, 35.620952493630497 ], [ -80.925486892715597, 35.619023162627599 ], [ -80.928296303893902, 35.616353455176601 ], [ -80.9385369348621, 35.613242326166898 ], [ -80.943421978035303, 35.606055040950501 ], [ -80.940982700542193, 35.6008101262072 ], [ -80.935151362489904, 35.596426421135199 ], [ -80.933486623281894, 35.591335648556701 ], [ -80.936443550742297, 35.587753367690198 ], [ -80.947965753790996, 35.5840869132617 ], [ -80.953331593322005, 35.5786198341006 ], [ -80.957024603235595, 35.567374942336002 ], [ -80.953534225656796, 35.553939787216102 ], [ -80.960028307798794, 35.547027146700103 ], [ -81.535407453998403, 35.568144373399498 ], [ -81.5070304369833, 35.607753814426999 ], [ -81.432901705988002, 35.677854041359801 ], [ -81.363794967106998, 35.767808163208997 ], [ -81.3574853233021, 35.767068853759604 ], [ -81.353875242615004, 35.7688578938386 ], [ -81.352476896664896, 35.773796951295999 ], [ -81.355557115652999, 35.780280263047601 ], [ -81.351515828243294, 35.783836056379798 ], [ -81.348314208468196, 35.791423015396802 ], [ -81.344324210445805, 35.795115088305401 ], [ -81.315912868723402, 35.796653615584297 ], [ -81.306886146097099, 35.803194217740099 ], [ -81.298284311565396, 35.798158341489398 ], [ -81.290255631096201, 35.799757152839099 ], [ -81.281228096253201, 35.806215426516999 ], [ -81.267765656041703, 35.804356665422297 ], [ -81.254456921602895, 35.808841542550901 ], [ -81.249266338365501, 35.815863156073704 ], [ -81.225183071935405, 35.809937759759997 ], [ -81.215241507302494, 35.818146826240003 ], [ -81.204359720067004, 35.823403189821697 ], [ -81.195293616418795, 35.821274718364499 ], [ -81.175094486035206, 35.823484064280002 ], [ -81.1679318900689, 35.826006865888402 ], [ -81.160622096145104, 35.825238480348503 ], [ -81.153636721170699, 35.828918946266199 ], [ -81.144063808430502, 35.8292673568168 ], [ -81.141335730074502, 35.827255468525799 ], [ -81.141224379617, 35.813066021360598 ], [ -81.138344844894505, 35.808637599153698 ], [ -81.1322288523412, 35.805151997452001 ], [ -81.129297022720806, 35.800939845936703 ], [ -81.128522083822205, 35.789360672821203 ], [ -81.122647431143093, 35.7849242852758 ], [ -81.116644009683895, 35.783400015204002 ], [ -81.102358035421801, 35.768303050830703 ] ] ] } },
{ "type": "Feature", "properties": { "OBJECTID": 19, "County": "Chatham", "FIPS": "037", "Rec_Survey": "Recorded survey data is available. Visit North Carolina Geodetic Survey for information. https://ncgs.state.nc.us", "NCGS_url": "https://ncem-gis.maps.arcgis.com/apps/webappviewer/index.html?id=8f3edbd62c004edd8b4fe3640f224738", "ck_date": "2025-01-13T00:00:00Z", "Shape__Area": 19753615623.93811, "Shape__Length": 734539.94399888499, "GlobalID": "b6f8db80-7f2f-4b4f-9840-43eb8192441c" }, "geometry": { "type": "Polygon", "coordinates": [ [ [ -78.906075143476997, 35.868103708433203 ], [ -78.909427029958195, 35.842946124661403 ], [ -78.926721060230307, 35.8012890176011 ], [ -78.930905128781305, 35.794367532852398 ], [ -78.936276537115305, 35.771899369815998 ], [ -78.995061636292903, 35.610141928435297 ], [ -78.916070738754598, 35.5841071889826 ], [ -78.969644954490704, 35.521678403635399 ], [ -78.983950349130296, 35.5356493888724 ], [ -78.990604063227195, 35.540064469842001 ], [ -78.997305110930498, 35.542474952668101 ], [ -79.014702340902801, 35.543704553828199 ], [ -79.024003440743996, 35.548383846141 ], [ -79.036148575338004, 35.561738128543197 ], [ -79.045919759576094, 35.568673500286501 ], [ -79.047341507446603, 35.571983718623699 ], [ -79.046646679796496, 35.578060049342099 ], [ -79.051578375717895, 35.585009370346 ], [ -79.052338089605897, 35.5958799574816 ], [ -79.068803055357193, 35.609063947126998 ], [ -79.077750213734703, 35.614043665287902 ], [ -79.093118665017101, 35.618865743631197 ], [ -79.100896091029398, 35.6238826781318 ], [ -79.112276715607706, 35.622959388704999 ], [ -79.115901350966794, 35.627649329130698 ], [ -79.118759607061406, 35.628331536862902 ], [ -79.125771670622001, 35.623872152732098 ], [ -79.138590206811699, 35.624048471625997 ], [ -79.1425242243008, 35.622737399514399 ], [ -79.150060181253806, 35.617070934241198 ], [ -79.157890434099301, 35.603602493555996 ], [ -79.183500386686106, 35.584387098369497 ], [ -79.1861217969374, 35.580336653241098 ], [ -79.200856320931294, 35.576685328531298 ], [ -79.201833069645005, 35.573182683226001 ], [ -79.199071437835897, 35.563927274751997 ], [ -79.199896121515593, 35.5585602057904 ], [ -79.214441971277395, 35.555693993174202 ], [ -79.224482104857699, 35.550817547004897 ], [ -79.226531512154693, 35.554162560285697 ], [ -79.221209383063893, 35.559626880298197 ], [ -79.219319468483306, 35.566480153301697 ], [ -79.223359936696895, 35.568692649894999 ], [ -79.231077885138006, 35.568018611390201 ], [ -79.240729240794195, 35.570524167212099 ], [ -79.244187290887297, 35.569730806628399 ], [ -79.242831889603096, 35.560143746117198 ], [ -79.245215091001, 35.552946607893297 ], [ -79.260942382849805, 35.537146401566297 ], [ -79.268147543816397, 35.532500650922799 ], [ -79.276195519867599, 35.531937117603697 ], [ -79.286069300138806, 35.538967084445503 ], [ -79.290618290583694, 35.540110598394399 ], [ -79.290962891739895, 35.545374046102999 ], [ -79.282018738434104, 35.5517884062915 ], [ -79.284597578725695, 35.555004365179698 ], [ -79.287894690859105, 35.555072695393399 ], [ -79.294053194814794, 35.552698516661899 ], [ -79.298446902440901, 35.553563043687703 ], [ -79.302949069061697, 35.552283386672997 ], [ -79.303501400004606, 35.548552623776402 ], [ -79.313553727141098, 35.544429791373901 ], [ -79.317900515366404, 35.543276819190297 ], [ -79.323395814789905, 35.544251717907997 ], [ -79.323442022997298, 35.542221995937503 ], [ -79.3112363200663, 35.532740165619202 ], [ -79.312088420056796, 35.530467354910499 ], [ -79.322425289927807, 35.524465632121299 ], [ -79.334525106113503, 35.525168577894497 ], [ -79.339184177721805, 35.521121768121503 ], [ -79.348341560253402, 35.5198611087689 ], [ -79.350077361936897, 35.518007438601401 ], [ -79.555806385936705, 35.5150457763853 ], [ -79.553235695575296, 35.599269910251003 ], [ -79.546352164910303, 35.714898234739998 ], [ -79.542430904914099, 35.843310330113901 ], [ -79.237289142789194, 35.844129482417102 ], [ -79.236910016267402, 35.850560292912803 ], [ -79.248383423481997, 35.854642761443102 ], [ -79.250404405527902, 35.8570018078129 ], [ -79.248931576221693, 35.866171753496403 ], [ -79.250957553442703, 35.871130262786899 ], [ -79.249542190465704, 35.876817282913997 ], [ -79.221927890219206, 35.874050160204 ], [ -79.221537534859905, 35.875474432013398 ], [ -79.218821202029304, 35.8752637036363 ], [ -79.2188190553656, 35.873732237833003 ], [ -79.082452115439693, 35.860768921981197 ], [ -79.026538865076503, 35.862770281548798 ], [ -79.025184373071994, 35.861365171612597 ], [ -79.025243349443699, 35.862826792565897 ], [ -78.906075143476997, 35.868103708433203 ] ] ] } },
{ "type": "Feature", "properties": { "OBJECTID": 20, "County": "Cherokee", "FIPS": "039", "Rec_Survey": "No recent survey data available", "NCGS_url": " ", "ck_date": "2011-11-29T00:00:00Z", "Shape__Area": 13006698079.458755, "Shape__Length": 614863.01962121413, "GlobalID": "50a197c5-c6b3-485c-ba2e-5812308dd15a" }, "geometry": { "type": "Polygon", "coordinates": [ [ [ -83.874240298587793, 35.114173441186097 ], [ -83.876039924263907, 35.110346160340001 ], [ -83.883106526795501, 35.106102646298702 ], [ -83.887663512308507, 35.0991328273184 ], [ -83.895964398238206, 35.091871439507898 ], [ -83.905268743599294, 35.086626677581499 ], [ -83.9079749960611, 35.077987404031703 ], [ -83.916698222926399, 35.074565104347599 ], [ -83.922468986280506, 35.0742059975423 ], [ -83.9274155693425, 35.066749781964099 ], [ -83.931105400193601, 35.069429141610797 ], [ -83.933706594817906, 35.068897425077502 ], [ -83.934474869638805, 35.066044955491499 ], [ -83.943660995448397, 35.055957579616098 ], [ -83.948031584684898, 35.053941200169298 ], [ -83.956566063740695, 35.054258662310502 ], [ -83.960859248786605, 35.049203342925303 ], [ -83.963978936271005, 35.0481321457844 ], [ -83.962842279076796, 35.0459666138212 ], [ -83.966087636830807, 35.043981198508597 ], [ -83.958410111084305, 35.038892658288503 ], [ -83.960718648793801, 35.030880790340603 ], [ -83.9565105095717, 35.026285752080803 ], [ -83.964521277082198, 35.0186087405731 ], [ -83.971701455545102, 35.015353796903398 ], [ -83.9713049005789, 35.012360242576499 ], [ -83.979944045035396, 35.005802552984797 ], [ -83.984199683937106, 35.004861352692501 ], [ -83.999020320352301, 34.996199504483698 ], [ -84.003594808898598, 34.995471817443502 ], [ -84.004632569457797, 34.994228373516798 ], [ -84.003431555527101, 34.991393788022201 ], [ -84.005815041020796, 34.989256981792501 ], [ -84.005136144820497, 34.987181599657497 ], [ -84.321825934780605, 34.988413752691002 ], [ -84.290218699587896, 35.225438655671397 ], [ -84.288107273452695, 35.224352989847603 ], [ -84.283301249322804, 35.226466241996398 ], [ -84.275912937104806, 35.234210702531399 ], [ -84.260413063373093, 35.2418398757628 ], [ -84.258684087346197, 35.245352125266798 ], [ -84.253660484634196, 35.249002373678898 ], [ -84.242326514899702, 35.253633758024698 ], [ -84.232508457661197, 35.2642514442839 ], [ -84.224615076283101, 35.268865996716201 ], [ -84.211398987641402, 35.265627354421902 ], [ -84.202986370373495, 35.255298265429801 ], [ -84.199524088724502, 35.2438610446616 ], [ -84.193381165482805, 35.244786001985197 ], [ -84.188535799046093, 35.240076646717803 ], [ -84.178833649934703, 35.240517954922801 ], [ -84.170029851030606, 35.246466911898501 ], [ -84.161465410785596, 35.2435298988825 ], [ -84.159233089497306, 35.245727306893102 ], [ -84.147765195684599, 35.246870954411598 ], [ -84.139404388735798, 35.246104015701803 ], [ -84.133623138510501, 35.242383518250797 ], [ -84.127092105418896, 35.240779342016097 ], [ -84.125725034789298, 35.242127737934702 ], [ -84.126723275591402, 35.246312040178601 ], [ -84.125223943825105, 35.249878214134 ], [ -84.119930954190494, 35.2520562286104 ], [ -84.113558016108001, 35.248987680326401 ], [ -84.106481777376004, 35.251497518877201 ], [ -84.102567124493902, 35.248371763741297 ], [ -84.097508387241504, 35.247605215486203 ], [ -84.092322679927605, 35.249380767319501 ], [ -84.082534175387394, 35.256294640581103 ], [ -84.080856019941905, 35.2612583981646 ], [ -84.054792638993604, 35.268915540863503 ], [ -84.051011771333094, 35.273344510864597 ], [ -84.046891158386401, 35.274257117261399 ], [ -84.041061064220301, 35.2793423649522 ], [ -84.036242882851695, 35.288425125521002 ], [ -84.029070711132704, 35.292254668337698 ], [ -84.026496927107203, 35.288780839309702 ], [ -84.022533027173694, 35.286920371878601 ], [ -84.019831207983103, 35.279848812435198 ], [ -84.0160356930446, 35.277819234560603 ], [ -84.016447080443001, 35.276134900439899 ], [ -84.009652185875893, 35.273068523765303 ], [ -84.011019570551397, 35.257170634736397 ], [ -84.005889377094107, 35.253106869284203 ], [ -84.001836220973203, 35.252862316398399 ], [ -84.002402104212095, 35.250835757063399 ], [ -84.000924632418204, 35.249634658780998 ], [ -84.006429212343804, 35.241687936430701 ], [ -84.004004365474302, 35.239782038877998 ], [ -84.002778216957594, 35.234830497102998 ], [ -83.988926730197207, 35.229966363940903 ], [ -83.986091912545106, 35.230815193370702 ], [ -83.977367931238106, 35.225629737785397 ], [ -83.975249040465798, 35.220850831235097 ], [ -83.968535847046795, 35.218081199522601 ], [ -83.959210875998195, 35.216900209130898 ], [ -83.956939444490104, 35.218470034862897 ], [ -83.957327282790303, 35.220378573111098 ], [ -83.945389252123505, 35.2198372814523 ], [ -83.942811030036694, 35.220617555431602 ], [ -83.9434423899352, 35.222556264205103 ], [ -83.934128103295393, 35.223049560420499 ], [ -83.926013714410104, 35.228019780379697 ], [ -83.907044151489401, 35.233537610680202 ], [ -83.901098576949906, 35.238488392931998 ], [ -83.893399018041407, 35.233257739753299 ], [ -83.892350263249895, 35.234937721409899 ], [ -83.888001223998401, 35.2348218138767 ], [ -83.879700400589698, 35.238488305821697 ], [ -83.873742383079502, 35.2441120191897 ], [ -83.869171002642602, 35.243365697847501 ], [ -83.864709403234301, 35.247422941471299 ], [ -83.851231685268502, 35.249384262265004 ], [ -83.848668815001503, 35.253259777640501 ], [ -83.845154781938305, 35.255242642544097 ], [ -83.841281286613906, 35.254331504912003 ], [ -83.831066678572597, 35.256114434495402 ], [ -83.825637485735001, 35.251190323580097 ], [ -83.822336887054902, 35.250279585812301 ], [ -83.813493335404203, 35.254754719336802 ], [ -83.810174751283498, 35.252560527521801 ], [ -83.806642052744905, 35.2528193228815 ], [ -83.795163724061794, 35.257469711084703 ], [ -83.789882432659198, 35.255551099285199 ], [ -83.787919164538806, 35.252838232381201 ], [ -83.781427395280105, 35.2521730336817 ], [ -83.773551493161605, 35.245749880791998 ], [ -83.767211645436205, 35.248173181282603 ], [ -83.761614389098298, 35.247861043783701 ], [ -83.756771745742498, 35.242465447039002 ], [ -83.745467304496898, 35.245211303239898 ], [ -83.734219364027595, 35.245022869236301 ], [ -83.722668262930398, 35.253046446017798 ], [ -83.718791070031799, 35.253267160539501 ], [ -83.713148638002494, 35.257695437928298 ], [ -83.708595030259801, 35.257610119657002 ], [ -83.707852549227297, 35.255146137910401 ], [ -83.703167987793506, 35.251544508708498 ], [ -83.704361465404403, 35.249166974060302 ], [ -83.697820222138503, 35.2474491276583 ], [ -83.695173718065504, 35.2437836173359 ], [ -83.691668031133801, 35.242769260268503 ], [ -83.690475711651601, 35.234820251342697 ], [ -83.693264348144197, 35.232071977295597 ], [ -83.693929243334594, 35.228559736574702 ], [ -83.6984536304588, 35.223933796607703 ], [ -83.709992851127296, 35.218947469849901 ], [ -83.713047321748903, 35.213187005429603 ], [ -83.722655588883995, 35.209764677819201 ], [ -83.7288287925997, 35.200868566352902 ], [ -83.719471373620607, 35.1967599133947 ], [ -83.715938959679093, 35.1995362655476 ], [ -83.711341770725198, 35.195666079477803 ], [ -83.7118823716809, 35.1903609566969 ], [ -83.716198994203907, 35.186478217479497 ], [ -83.725262220707606, 35.183534099831803 ], [ -83.731539250307307, 35.178586279511698 ], [ -83.732305763205503, 35.174822776260498 ], [ -83.730570083903203, 35.171771998540301 ], [ -83.738133349765604, 35.155956472776097 ], [ -83.745491754836294, 35.160664441155902 ], [ -83.752747009945196, 35.160842977337602 ], [ -83.755924374878404, 35.157208576116297 ], [ -83.764796992017395, 35.155474131656703 ], [ -83.767911192564398, 35.1570256966626 ], [ -83.772770804986394, 35.155919583309398 ], [ -83.7783455833289, 35.1499581740824 ], [ -83.785024910525806, 35.147796601591203 ], [ -83.794830495211102, 35.148068823404202 ], [ -83.797123479384197, 35.144929515047401 ], [ -83.806620915672895, 35.144072090251598 ], [ -83.808108816188295, 35.141654534580901 ], [ -83.817785675616193, 35.138844682051598 ], [ -83.832860593355903, 35.140577044811501 ], [ -83.8346223929329, 35.142897571126497 ], [ -83.841301337207696, 35.143751192445301 ], [ -83.845259665445397, 35.141155984991897 ], [ -83.852872815942007, 35.139502253132498 ], [ -83.8626684005459, 35.132547192195503 ], [ -83.8655185973589, 35.127348684283497 ], [ -83.863348617699401, 35.121440690049901 ], [ -83.874240298587793, 35.114173441186097 ] ] ] } },
{ "type": "Feature", "properties": { "OBJECTID": 21, "County": "Chowan", "FIPS": "041", "Rec_Survey": "No recent survey data available", "NCGS_url": " ", "ck_date": "2011-11-29T00:00:00Z", "Shape__Area": 6513382302.9145508, "Shape__Length": 438858.65110547678, "GlobalID": "cb9a72b1-decd-4f4f-9a05-6d193b64c1a8" }, "geometry": { "type": "Polygon", "coordinates": [ [ [ -76.606216411156794, 35.978058673605403 ], [ -76.617612611363597, 35.984273805934997 ], [ -76.682536925747598, 36.030954250949598 ], [ -76.705898289757798, 36.062587806089802 ], [ -76.709949465702607, 36.073224282412099 ], [ -76.710547535744098, 36.098702324011398 ], [ -76.731064775643802, 36.132526139355399 ], [ -76.736934859201696, 36.150589853172498 ], [ -76.736128940958807, 36.1864745388812 ], [ -76.732669764614499, 36.197548977127902 ], [ -76.732977714811, 36.212608733151598 ], [ -76.727775478883103, 36.221066545129197 ], [ -76.716014827136306, 36.229042295999903 ], [ -76.709461439333694, 36.240835119246199 ], [ -76.690514797937794, 36.267817983588102 ], [ -76.689826075923193, 36.273242084462602 ], [ -76.694814968520404, 36.285030070861801 ], [ -76.696577725912107, 36.296188411323499 ], [ -76.683323780156798, 36.301476374854701 ], [ -76.680603852611796, 36.300017553902997 ], [ -76.675174017385302, 36.301403027613901 ], [ -76.675830014928394, 36.303243027852801 ], [ -76.672280286929606, 36.303788209549801 ], [ -76.675492069784397, 36.304446554267301 ], [ -76.675948666890605, 36.306267581965898 ], [ -76.672271573778005, 36.306997664301797 ], [ -76.674908225926998, 36.308961332957502 ], [ -76.673743743468407, 36.311080660346697 ], [ -76.672078585303694, 36.3105276048272 ], [ -76.672338278917906, 36.312456275341198 ], [ -76.669854143394303, 36.3153554269322 ], [ -76.667470976963102, 36.313806545419901 ], [ -76.665085763313797, 36.315983555773101 ], [ -76.664368937024804, 36.3136614058173 ], [ -76.662509640023401, 36.314516956685701 ], [ -76.659378143088702, 36.313130821663897 ], [ -76.657657271160204, 36.314702751170103 ], [ -76.654315696749407, 36.314198406847702 ], [ -76.654618188573806, 36.310690826265699 ], [ -76.651567168941199, 36.310622275982901 ], [ -76.649718071095506, 36.317957815059302 ], [ -76.646880375926102, 36.320090368353704 ], [ -76.642219510188994, 36.319808427183503 ], [ -76.642508731412903, 36.322942609450102 ], [ -76.6393127149815, 36.3298065736086 ], [ -76.622843507173499, 36.328860580075798 ], [ -76.613074369489098, 36.323972744517299 ], [ -76.5966056334385, 36.323266207074298 ], [ -76.594096917354904, 36.324796512294 ], [ -76.592787958545301, 36.330299117237203 ], [ -76.586037199120199, 36.333598781937603 ], [ -76.575956782773204, 36.335343915775603 ], [ -76.570790877998206, 36.3342520799726 ], [ -76.559662682956102, 36.351047376399997 ], [ -76.561301579178107, 36.344697384735902 ], [ -76.559821756452905, 36.336081456435203 ], [ -76.563489148287601, 36.326012338667198 ], [ -76.561777987856502, 36.322319451592399 ], [ -76.5676563190178, 36.315201961260399 ], [ -76.5687794520951, 36.309524105897097 ], [ -76.5655155142084, 36.293529206833398 ], [ -76.568006976647297, 36.287317880313097 ], [ -76.567476351931404, 36.278153617528602 ], [ -76.571538214848104, 36.267058398854402 ], [ -76.572616420056306, 36.257855358307403 ], [ -76.587126667075694, 36.248911286546999 ], [ -76.588168916909595, 36.241889883149703 ], [ -76.590115750239406, 36.2389050621316 ], [ -76.572663830167002, 36.110527879702701 ], [ -76.569952851809404, 36.107050067135901 ], [ -76.559780431175795, 36.101102915486997 ], [ -76.547539447441807, 36.0991971830111 ], [ -76.539065838719196, 36.094579113201902 ], [ -76.534084574977101, 36.096696959957001 ], [ -76.528777264494593, 36.095736639082901 ], [ -76.517534034556903, 36.097408554203099 ], [ -76.510253797421399, 36.093665848248598 ], [ -76.506964283314403, 36.088394492069 ], [ -76.499834736131604, 36.085478923930701 ], [ -76.490850373820294, 36.085027510768199 ], [ -76.478790800316304, 36.093561374478902 ], [ -76.473068238896502, 36.089791644120098 ], [ -76.462558183919, 36.088629766511602 ], [ -76.455056109703804, 36.079964554039002 ], [ -76.448589864281303, 36.080001574928701 ], [ -76.445592841434106, 36.075910692379203 ], [ -76.437282068619197, 36.077033876230999 ], [ -76.4302624106666, 36.0750549860009 ], [ -76.412374751003398, 36.075403220877597 ], [ -76.403884584255493, 36.074058587571699 ], [ -76.396785165434096, 36.026366956916497 ], [ -76.412987967101301, 36.0209420784307 ], [ -76.436946546575996, 36.004239172849701 ], [ -76.445452279760701, 35.999952105132003 ], [ -76.474173256503704, 35.990434089488701 ], [ -76.511901074788199, 35.9807335676294 ], [ -76.563164812700506, 35.9746615073513 ], [ -76.591538113340405, 35.974717302868498 ], [ -76.606216411156794, 35.978058673605403 ] ] ] } },
{ "type": "Feature", "properties": { "OBJECTID": 22, "County": "Clay", "FIPS": "043", "Rec_Survey": "No recent survey data available", "NCGS_url": " ", "ck_date": "2011-11-29T00:00:00Z", "Shape__Area": 6153362609.0449982, "Shape__Length": 449623.07132692594, "GlobalID": "99129a7a-62a3-4445-a370-928c6610ae51" }, "geometry": { "type": "Polygon", "coordinates": [ [ [ -83.863348617699401, 35.121440690049901 ], [ -83.8655185973589, 35.127348684283497 ], [ -83.8626684005459, 35.132547192195503 ], [ -83.852714511599004, 35.139585105603302 ], [ -83.845259665445397, 35.141155984991897 ], [ -83.841030336866496, 35.143825679095599 ], [ -83.8346223929329, 35.142897571126497 ], [ -83.832860593355903, 35.140577044811501 ], [ -83.817785675616193, 35.138844682051598 ], [ -83.808108816188295, 35.141654534580901 ], [ -83.806620915672895, 35.144072090251598 ], [ -83.797123479384197, 35.144929515047401 ], [ -83.794830495211102, 35.148068823404202 ], [ -83.785024910525806, 35.147796601591203 ], [ -83.7783455833289, 35.1499581740824 ], [ -83.772945570125302, 35.1558650314769 ], [ -83.767911192564398, 35.1570256966626 ], [ -83.764796992017395, 35.155474131656703 ], [ -83.755924374878404, 35.157208576116297 ], [ -83.752747009945196, 35.160842977337602 ], [ -83.749775739594398, 35.161183707053901 ], [ -83.742193912105904, 35.159210478640198 ], [ -83.726729920678196, 35.145252977966798 ], [ -83.714446389711398, 35.155289528891103 ], [ -83.699521279837597, 35.152470656589301 ], [ -83.693810972172599, 35.156122081884597 ], [ -83.687124365619795, 35.154118188997401 ], [ -83.6843766379546, 35.157773990945103 ], [ -83.677929027922403, 35.155558767163498 ], [ -83.673150485036601, 35.156976879946903 ], [ -83.669510868352802, 35.15425924206 ], [ -83.667806824015898, 35.150478421918798 ], [ -83.665921222068505, 35.150072885077897 ], [ -83.659418717377207, 35.154495887618303 ], [ -83.6598280862015, 35.160310377925903 ], [ -83.653685323991695, 35.157007441516797 ], [ -83.651951255277595, 35.153905624037101 ], [ -83.648111659921895, 35.152591014367502 ], [ -83.649195207211804, 35.147471399873602 ], [ -83.645030816781201, 35.145221334233497 ], [ -83.649400466181305, 35.140530459646797 ], [ -83.657619160926004, 35.140078342871803 ], [ -83.654933585523906, 35.1358148748891 ], [ -83.649536789059098, 35.134546815451699 ], [ -83.642020711324307, 35.139155579630199 ], [ -83.640176047129103, 35.138725458067398 ], [ -83.637026588150306, 35.134614863512397 ], [ -83.637720798297096, 35.132848179360103 ], [ -83.643928849809797, 35.132243970718598 ], [ -83.640283797139801, 35.130637306396402 ], [ -83.634931785548105, 35.121167798556399 ], [ -83.632353997149707, 35.125071753996501 ], [ -83.625004928955903, 35.125150367344602 ], [ -83.626605132173296, 35.131290830702497 ], [ -83.6236772065037, 35.128599999007101 ], [ -83.619045806168302, 35.128225317233003 ], [ -83.620034017509397, 35.126090980243902 ], [ -83.618895357448494, 35.119414490608001 ], [ -83.6168377216149, 35.119128910102603 ], [ -83.616727609951795, 35.115391755288499 ], [ -83.614575088699596, 35.113112940861697 ], [ -83.6187583134611, 35.1085982830445 ], [ -83.617912766730498, 35.105966340054998 ], [ -83.6113115023078, 35.1021301878285 ], [ -83.605593512892995, 35.101915610513402 ], [ -83.600988906850802, 35.099808747588497 ], [ -83.596592976810996, 35.0943279956428 ], [ -83.586620866626902, 35.091588602236797 ], [ -83.583392131408104, 35.086960329048701 ], [ -83.5850911975147, 35.081798701369301 ], [ -83.581891045912997, 35.078120392294601 ], [ -83.578733044237495, 35.0771336740085 ], [ -83.575313940709904, 35.0716582712435 ], [ -83.566851336515597, 35.070821008141301 ], [ -83.567997455982606, 35.066913253728003 ], [ -83.562202605938495, 35.059543010506999 ], [ -83.566720725812701, 35.051287408371401 ], [ -83.563113499165993, 35.048320425574097 ], [ -83.558415560588998, 35.039140646639801 ], [ -83.547800650758305, 35.039455561632103 ], [ -83.538546621551006, 35.036198885654301 ], [ -83.531109376344304, 35.026229076589203 ], [ -83.521254456753397, 35.018252598438202 ], [ -83.521936544809904, 35.013240641137898 ], [ -83.527084295800606, 35.009221079920302 ], [ -83.522009349293896, 35.003625772829501 ], [ -83.522647732195907, 34.999440475709598 ], [ -83.521010817427594, 34.996778928804297 ], [ -83.517988046293894, 34.997424278941203 ], [ -83.516680471390799, 35.001875808939097 ], [ -83.514085698822399, 35.004150861844899 ], [ -83.510364176926302, 35.005161873693098 ], [ -83.504603269988905, 35.000665378627097 ], [ -83.500073949402406, 35.001615608636399 ], [ -83.493284327047903, 34.998896339985102 ], [ -83.486460483889999, 34.998531532283401 ], [ -83.482952802201595, 34.993308153649998 ], [ -83.620055371084007, 34.992039184159403 ], [ -83.619953521646096, 34.986676059092403 ], [ -84.005136144820497, 34.987181599657497 ], [ -84.005815041020796, 34.989256981792501 ], [ -84.003431555527101, 34.991393788022201 ], [ -84.004632569457797, 34.994228373516798 ], [ -84.003594808898598, 34.995471817443502 ], [ -83.999020320352301, 34.996199504483698 ], [ -83.984199683937106, 35.004861352692501 ], [ -83.979944045035396, 35.005802552984797 ], [ -83.9713049005789, 35.012360242576499 ], [ -83.971701455545102, 35.015353796903398 ], [ -83.964521277082198, 35.0186087405731 ], [ -83.9565105095717, 35.026285752080803 ], [ -83.960718648793801, 35.030880790340603 ], [ -83.958410111084305, 35.038892658288503 ], [ -83.966087636830807, 35.043981198508597 ], [ -83.962842279076796, 35.0459666138212 ], [ -83.963978936271005, 35.0481321457844 ], [ -83.960859248786605, 35.049203342925303 ], [ -83.956566063740695, 35.054258662310502 ], [ -83.948031584684898, 35.053941200169298 ], [ -83.943660995448397, 35.055957579616098 ], [ -83.934474869638805, 35.066044955491499 ], [ -83.933706594817906, 35.068897425077502 ], [ -83.931105400193601, 35.069429141610797 ], [ -83.9274155693425, 35.066749781964099 ], [ -83.922468986280506, 35.0742059975423 ], [ -83.916698222926399, 35.074565104347599 ], [ -83.9079749960611, 35.077987404031703 ], [ -83.905268743599294, 35.086626677581499 ], [ -83.895964398238206, 35.091871439507898 ], [ -83.887663512308507, 35.0991328273184 ], [ -83.883106526795501, 35.106102646298702 ], [ -83.876039924263907, 35.110346160340001 ], [ -83.874240298587793, 35.114173441186097 ], [ -83.863348617699401, 35.121440690049901 ] ] ] } },
{ "type": "Feature", "properties": { "OBJECTID": 23, "County": "Cleveland", "FIPS": "045", "Rec_Survey": "Recorded survey data is available. Visit North Carolina Geodetic Survey for information. https://ncgs.state.nc.us", "NCGS_url": "https://ncem-gis.maps.arcgis.com/apps/webappviewer/index.html?id=8f3edbd62c004edd8b4fe3640f224738", "ck_date": "2025-01-13T00:00:00Z", "Shape__Area": 13048770390.581604, "Shape__Length": 517276.97241039213, "GlobalID": "c730cbbc-a6e3-4813-865b-cc627a22f18d" }, "geometry": { "type": "Polygon", "coordinates": [ [ [ -81.5376032910779, 35.564235072499002 ], [ -81.515424462109095, 35.558303898611797 ], [ -81.509221474001805, 35.550358744479603 ], [ -81.509466521096698, 35.536056835014101 ], [ -81.513076247298301, 35.523452321366698 ], [ -81.481336619934396, 35.471425614458298 ], [ -81.458633350835697, 35.423323843778398 ], [ -81.455326632940597, 35.418900313666903 ], [ -81.398923320530997, 35.353136060310298 ], [ -81.382835401758101, 35.346077635026703 ], [ -81.356686692504695, 35.330608284096698 ], [ -81.364053560648699, 35.3231688355093 ], [ -81.366637120444096, 35.315120619181997 ], [ -81.355376619113301, 35.296240320459198 ], [ -81.356267198620202, 35.2870244861355 ], [ -81.355155635935205, 35.279520210989403 ], [ -81.353650593261904, 35.277428538029703 ], [ -81.321731691208598, 35.260451026774803 ], [ -81.3242664908135, 35.241271374505203 ], [ -81.323670006019995, 35.189607010960799 ], [ -81.328084891609393, 35.163477887467799 ], [ -81.768105378628704, 35.1806182487624 ], [ -81.759544624615103, 35.222652823666202 ], [ -81.702856994570794, 35.357310665091703 ], [ -81.692170146489104, 35.546126080165102 ], [ -81.692676174163694, 35.582987459112097 ], [ -81.690178993017398, 35.584321620524001 ], [ -81.684685423121493, 35.577304301725597 ], [ -81.680257283872095, 35.576533335077997 ], [ -81.670972274644996, 35.566776937095099 ], [ -81.662193597696302, 35.567552416232701 ], [ -81.6603799630672, 35.565379827473002 ], [ -81.656749212245998, 35.565351377395203 ], [ -81.648931622729094, 35.5616046769658 ], [ -81.635439039099694, 35.564969614458299 ], [ -81.6334400206065, 35.567299181660097 ], [ -81.633016149219102, 35.565328571988303 ], [ -81.618638165403993, 35.567247361536097 ], [ -81.617247127525005, 35.565453539119602 ], [ -81.607344643510302, 35.566794242138499 ], [ -81.597799409147001, 35.571261467482998 ], [ -81.595166731198205, 35.5704597995923 ], [ -81.595521684433606, 35.567971221499299 ], [ -81.591382711501097, 35.565079586128299 ], [ -81.578527746091694, 35.567073765805503 ], [ -81.577105298905593, 35.565995593514202 ], [ -81.579099148880701, 35.562160900814803 ], [ -81.572949861899801, 35.558515944819902 ], [ -81.5670972963905, 35.558239252406999 ], [ -81.566408413124293, 35.560038800283003 ], [ -81.560915241514095, 35.562985512908 ], [ -81.555675304162506, 35.562235992474001 ], [ -81.546643967402801, 35.564796057166397 ], [ -81.5376032910779, 35.564235072499002 ] ] ] } },
{ "type": "Feature", "properties": { "OBJECTID": 24, "County": "Columbus", "FIPS": "047", "Rec_Survey": "No recent survey data available", "NCGS_url": " ", "ck_date": "2011-11-29T00:00:00Z", "Shape__Area": 26624763069.946228, "Shape__Length": 968274.87988026545, "GlobalID": "97e2ca77-860d-439c-9683-cd1b3287e45d" }, "geometry": { "type": "Polygon", "coordinates": [ [ [ -78.256087468779199, 34.399476229796903 ], [ -78.252633275215203, 34.391215193858997 ], [ -78.246618152369095, 34.393319436806401 ], [ -78.245002605211099, 34.389930298318397 ], [ -78.245602493016193, 34.385093940105499 ], [ -78.236712472556604, 34.380454823327199 ], [ -78.235158924960501, 34.374234911725203 ], [ -78.232679405679207, 34.373978278553203 ], [ -78.228800009025306, 34.378934631996202 ], [ -78.224782597545897, 34.373510291632797 ], [ -78.2105971988032, 34.368801686249803 ], [ -78.211752735364001, 34.362611291467502 ], [ -78.210196684863803, 34.357967084552399 ], [ -78.2025343862108, 34.3533126816722 ], [ -78.192890181549004, 34.3526818040514 ], [ -78.179275137668995, 34.355284881665902 ], [ -78.174694239114899, 34.351252924445099 ], [ -78.169809429457999, 34.356807461032801 ], [ -78.162194085058104, 34.357246751099503 ], [ -78.254133810845701, 34.2168441543784 ], [ -78.374297276560796, 34.204899425986802 ], [ -78.374650540684598, 34.2024103648695 ], [ -78.366020786632802, 34.189049771079098 ], [ -78.382729526439306, 34.181081690365801 ], [ -78.388112059124495, 34.175219059567802 ], [ -78.392816797184693, 34.172959072046098 ], [ -78.395351390894902, 34.1680862250549 ], [ -78.405704991514497, 34.1584269190067 ], [ -78.407165905439996, 34.1548278729868 ], [ -78.4136703858712, 34.150386460524999 ], [ -78.422923731242093, 34.139501031397202 ], [ -78.436065942510595, 34.1421311865749 ], [ -78.441890596338794, 34.146262877291903 ], [ -78.459136904494002, 34.1498197818931 ], [ -78.467198174840306, 34.154767470177703 ], [ -78.474559240174699, 34.1547142357784 ], [ -78.481680532052906, 34.158317323248802 ], [ -78.483985735826707, 34.157846476705203 ], [ -78.489287049016397, 34.163690867884597 ], [ -78.493621265762499, 34.164044203040397 ], [ -78.495458038434904, 34.167589588637803 ], [ -78.503650024847303, 34.169199378507301 ], [ -78.509858456275396, 34.168779557510099 ], [ -78.513081694821494, 34.165704709385103 ], [ -78.515218389257896, 34.165955006500603 ], [ -78.518981972551501, 34.158910813489697 ], [ -78.524822862007895, 34.153985065497999 ], [ -78.532940884811097, 34.153575406227297 ], [ -78.537105703008393, 34.146237778044103 ], [ -78.541046953886394, 34.148363255566203 ], [ -78.545304613506303, 34.145823825552398 ], [ -78.544338005710102, 34.142928441100999 ], [ -78.546458199740201, 34.1382478809753 ], [ -78.543478569780007, 34.138220046341097 ], [ -78.545820673598797, 34.137445591348097 ], [ -78.543601505866704, 34.1358507714978 ], [ -78.545823134226097, 34.134605995972301 ], [ -78.542510063337602, 34.131786033195503 ], [ -78.541938439899198, 34.128774334116898 ], [ -78.539335576621298, 34.127451981612097 ], [ -78.538788905021605, 34.124717586659997 ], [ -78.540030929450097, 34.122951235382303 ], [ -78.543253263897, 34.1243716048943 ], [ -78.542702236813, 34.126126804381002 ], [ -78.549040628468902, 34.125321832354899 ], [ -78.550853937410395, 34.122007641494001 ], [ -78.549366940591, 34.120327971483803 ], [ -78.551266327803702, 34.119742136448401 ], [ -78.548996254047296, 34.1189626920224 ], [ -78.554164691877503, 34.117846300932399 ], [ -78.553910912391203, 34.116130230915097 ], [ -78.555123777030801, 34.116818978146902 ], [ -78.552717578352201, 34.113863271739902 ], [ -78.553681009604404, 34.113041250580203 ], [ -78.551218611715399, 34.113396935149296 ], [ -78.551402245280102, 34.114898351757098 ], [ -78.549053204927901, 34.111545934016497 ], [ -78.553279304804605, 34.107274039300798 ], [ -78.552039522007703, 34.104505143867399 ], [ -78.554235092550897, 34.103792650836098 ], [ -78.548901322338807, 34.104242439672397 ], [ -78.5465843681515, 34.103102413550303 ], [ -78.547744713330601, 34.1003288795185 ], [ -78.5440865638882, 34.099995658390398 ], [ -78.547401162846796, 34.099032118776798 ], [ -78.548165559967302, 34.095291233995198 ], [ -78.552513693350505, 34.0950760200923 ], [ -78.553253628309093, 34.097211607486599 ], [ -78.558716071753693, 34.093605804998198 ], [ -78.557099166637101, 34.091632924693499 ], [ -78.560223335012196, 34.092014351601101 ], [ -78.558809148561593, 34.089395833331999 ], [ -78.5597344663271, 34.087926683329499 ], [ -78.556967541451598, 34.0836646454567 ], [ -78.561229410657702, 34.0823772091045 ], [ -78.562784360490994, 34.077215102682501 ], [ -78.558918235741302, 34.075185594002498 ], [ -78.557033816838199, 34.075949459359798 ], [ -78.558614566398504, 34.077638746369203 ], [ -78.554883656771295, 34.076722675225803 ], [ -78.553791037751694, 34.072283607735002 ], [ -78.555122831196499, 34.066996333852103 ], [ -78.559223075638798, 34.066285647641799 ], [ -78.558954413715, 34.061414128874397 ], [ -78.557049930646798, 34.0621087855152 ], [ -78.558305634863501, 34.060115456184597 ], [ -78.560369563615794, 34.060641591028201 ], [ -78.559504954390604, 34.0593455846602 ], [ -78.561199275586702, 34.059137521297401 ], [ -78.562562359444698, 34.054450394887397 ], [ -78.568305421738799, 34.053675655151601 ], [ -78.569756616893201, 34.056154864418403 ], [ -78.571149276734502, 34.053333737620598 ], [ -78.573471237104997, 34.056007340592203 ], [ -78.582121817125795, 34.049011736819402 ], [ -78.582910679660301, 34.043692655738901 ], [ -78.579091060527801, 34.04253572855 ], [ -78.579708233545404, 34.043811840866397 ], [ -78.5784262139004, 34.043959492 ], [ -78.577875673321003, 34.041392275546301 ], [ -78.579972962917594, 34.040499667406202 ], [ -78.579604518130793, 34.0364982965515 ], [ -78.582965750360898, 34.037431857317898 ], [ -78.585566661797301, 34.035980032370297 ], [ -78.582905903278203, 34.033779413797397 ], [ -78.584086968393393, 34.0313617597117 ], [ -78.588956398383701, 34.0322395304987 ], [ -78.587838273889204, 34.030431295758099 ], [ -78.590790459823907, 34.030163200368598 ], [ -78.590379814839196, 34.027735670839199 ], [ -78.591867973361204, 34.026997281392703 ], [ -78.594401510208101, 34.0296059654789 ], [ -78.598709031103596, 34.027994430499 ], [ -78.59943530276, 34.029409942524701 ], [ -78.600366760209397, 34.027782607557199 ], [ -78.600843889627896, 34.030010325843897 ], [ -78.601855017807594, 34.028631081233897 ], [ -78.600675303942296, 34.026561883162501 ], [ -78.603289377986798, 34.027666281733602 ], [ -78.603431557030902, 34.024679758609103 ], [ -78.607916924691907, 34.023981548044901 ], [ -78.606675421351596, 34.025560087870602 ], [ -78.609415781436098, 34.0247951756471 ], [ -78.609358177241305, 34.025942826629297 ], [ -78.6114263654122, 34.023314775438799 ], [ -78.613328864469807, 34.024290535841402 ], [ -78.612812067707907, 34.0221149206251 ], [ -78.616904281507601, 34.023454240786798 ], [ -78.619325814003503, 34.018738045487602 ], [ -78.622055367780405, 34.018048884114002 ], [ -78.625457809820105, 34.019757466313401 ], [ -78.6262505455026, 34.017594090892203 ], [ -78.629408492132995, 34.017896386668802 ], [ -78.630227981491402, 34.015775787641999 ], [ -78.640598283084003, 34.010412385767502 ], [ -78.640278490608395, 34.004214052386601 ], [ -78.632076615892501, 33.994379554207597 ], [ -78.629411889648793, 33.984591747988297 ], [ -78.626485900458704, 33.980312084910899 ], [ -78.627711686579104, 33.975953830327697 ], [ -78.624096921090498, 33.973488092846303 ], [ -78.625347519173104, 33.972263451515602 ], [ -78.630136467560305, 33.974896969359399 ], [ -78.630280954679407, 33.972357224525403 ], [ -78.633711555919305, 33.970500223390303 ], [ -78.639222701772994, 33.969191436739898 ], [ -78.6406503214547, 33.970456051158301 ], [ -78.642332212849894, 33.967261389031201 ], [ -78.648212217089693, 33.965679040004602 ], [ -78.646582092275295, 33.960482829175199 ], [ -78.643513582936905, 33.962067015364298 ], [ -78.644313223388906, 33.960032033618504 ], [ -78.641972363585893, 33.956315947578901 ], [ -78.643499493098105, 33.9544333472885 ], [ -78.644222546932397, 33.955623976022899 ], [ -78.645027913068304, 33.954059173949901 ], [ -78.646560216988306, 33.954605722950298 ], [ -78.644160007243599, 33.950138562727602 ], [ -78.647487997473704, 33.950024386061102 ], [ -78.646478301325402, 33.948121158412697 ], [ -78.649702769713301, 33.946550418532198 ], [ -78.650326009427104, 33.944356514670702 ], [ -79.0712142241359, 34.299348751763297 ], [ -79.068881821620295, 34.301187489850399 ], [ -79.070355519511295, 34.303477457943302 ], [ -79.067178126130699, 34.303633054415599 ], [ -79.069635540520807, 34.305023972573998 ], [ -79.0683602807988, 34.306983629033901 ], [ -79.065261976187102, 34.308693346590601 ], [ -79.0616258130745, 34.308282404400302 ], [ -79.060903341912905, 34.306720479147202 ], [ -79.058390063210297, 34.308883042048699 ], [ -79.054783502619699, 34.308965682017401 ], [ -79.0575628897722, 34.310858564203002 ], [ -79.052886336584393, 34.314640952142 ], [ -79.050400464507803, 34.314536782779697 ], [ -79.049463062153706, 34.311898279386398 ], [ -79.045407264727501, 34.310718041606499 ], [ -79.038331526956199, 34.313278440335502 ], [ -79.037221656301696, 34.316460021925302 ], [ -79.040331905748701, 34.317446583327502 ], [ -79.0365511411661, 34.321317073733297 ], [ -79.0353803943689, 34.319301826553001 ], [ -79.033832548256996, 34.324790511393601 ], [ -79.036923691129303, 34.326060488220399 ], [ -79.034915744516397, 34.327194350084902 ], [ -79.036466670947306, 34.328829032354598 ], [ -79.034760858996293, 34.329889951628502 ], [ -79.037151248482402, 34.333515689359999 ], [ -79.035006282726499, 34.333880594519499 ], [ -79.035651041434093, 34.336729762848698 ], [ -79.0335742743776, 34.337167471840502 ], [ -79.034462132988295, 34.338430005015397 ], [ -79.030445286515501, 34.340130978634399 ], [ -79.032250282175397, 34.342745116564302 ], [ -79.028720199795004, 34.3427541030143 ], [ -79.028740630151404, 34.345498225751903 ], [ -79.030428208876501, 34.346833453221997 ], [ -79.026820567483796, 34.348866090441703 ], [ -79.025064940674497, 34.348162220903099 ], [ -79.024968446997207, 34.351675379640398 ], [ -79.027114491134398, 34.3530753091447 ], [ -79.018522024944502, 34.352162215627601 ], [ -79.017175713399297, 34.350025394902303 ], [ -79.016776206467597, 34.351806299334697 ], [ -79.009081428479405, 34.352835148153702 ], [ -79.010729941897097, 34.355198689601004 ], [ -79.005551289733503, 34.359586410649399 ], [ -79.008067901233701, 34.361456166625103 ], [ -79.003824966787406, 34.361237812361502 ], [ -79.004059119193798, 34.362792003972103 ], [ -79.000781763358006, 34.364872429068399 ], [ -79.002830152753305, 34.364556706936398 ], [ -79.002840020483703, 34.368968369417601 ], [ -79.005112928226794, 34.369963964381498 ], [ -79.005669129304295, 34.372845687550601 ], [ -79.007229928377697, 34.372359921434601 ], [ -79.007472145948697, 34.376929982026901 ], [ -79.010095189770297, 34.376837173530099 ], [ -79.009559749311094, 34.379986170229699 ], [ -79.011613741307997, 34.380893626379297 ], [ -79.008477222323805, 34.382357228409802 ], [ -79.006914387917405, 34.381468210209498 ], [ -79.006367573765203, 34.383616939613702 ], [ -79.002125701498301, 34.384256138188 ], [ -78.998519901578405, 34.391202381997999 ], [ -78.995159658618206, 34.3902668789231 ], [ -78.994712938485407, 34.392656371825403 ], [ -78.983537529973702, 34.3938501686523 ], [ -78.982890352171395, 34.392294123982097 ], [ -78.978525151892299, 34.392654646126601 ], [ -78.979697829929904, 34.390867344302897 ], [ -78.977253115837996, 34.390357533610199 ], [ -78.973512687716806, 34.392135026258202 ], [ -78.975689099282803, 34.393932232899203 ], [ -78.975532148641804, 34.396062378870703 ], [ -78.973958385087897, 34.3947561646143 ], [ -78.969738108898994, 34.395218279693999 ], [ -78.970351635993197, 34.3966076735407 ], [ -78.968017841077796, 34.397616614784503 ], [ -78.969892163322001, 34.4012198683779 ], [ -78.9671786441004, 34.402145339710501 ], [ -78.967869507400593, 34.4056093759283 ], [ -78.969633568360805, 34.405961763102397 ], [ -78.967286793435505, 34.410786476993898 ], [ -78.970949682771106, 34.409981637550302 ], [ -78.967877739322105, 34.412990907152498 ], [ -78.969697922386402, 34.412991368811497 ], [ -78.970233090919706, 34.415260594371198 ], [ -78.968032642307804, 34.416612245205897 ], [ -78.971851341142099, 34.418067254613902 ], [ -78.967393870128404, 34.4221968421529 ], [ -78.969281166290301, 34.422447395488497 ], [ -78.969995220558701, 34.424346207536601 ], [ -78.968185673154807, 34.425095939564599 ], [ -78.971189129958105, 34.427476922743303 ], [ -78.966720054157904, 34.431356419444 ], [ -78.966070541907001, 34.435449882391197 ], [ -78.960785383494994, 34.439291872601203 ], [ -78.959834138065006, 34.442903603078101 ], [ -78.9562706422914, 34.442930152222999 ], [ -78.955376109828293, 34.444522826651998 ], [ -78.953958015331096, 34.443420168225998 ], [ -78.954280806228994, 34.445513416059001 ], [ -78.951810073263999, 34.448763288099101 ], [ -78.948323775431803, 34.449975125426299 ], [ -78.945732526156405, 34.449075612890397 ], [ -78.941127704658598, 34.453607655540701 ], [ -78.936758214890702, 34.451737736291598 ], [ -78.935053894490906, 34.453712736678902 ], [ -78.936827141440304, 34.455347882184803 ], [ -78.932938670596798, 34.4539047102597 ], [ -78.929370771553494, 34.455031752691198 ], [ -78.925214277830094, 34.4528304949255 ], [ -78.921646406651107, 34.453868170417103 ], [ -78.918619221156604, 34.4518159776121 ], [ -78.917076297934102, 34.453285708408004 ], [ -78.920889294296103, 34.458339453419697 ], [ -78.9199024628101, 34.459304468666801 ], [ -78.914058912179897, 34.459166723959797 ], [ -78.906856657985998, 34.455848370915803 ], [ -78.903717259441393, 34.458059495159198 ], [ -78.907282074419697, 34.460097637694297 ], [ -78.906334233848497, 34.462252268356799 ], [ -78.901128838963103, 34.459913657619197 ], [ -78.895534682255104, 34.462288139835003 ], [ -78.893140825242796, 34.465358823866502 ], [ -78.894521354422693, 34.468385314150296 ], [ -78.891064680643396, 34.467644178995897 ], [ -78.887741252480396, 34.470666101112201 ], [ -78.881824309749504, 34.472780859606402 ], [ -78.881592110964903, 34.475269548371699 ], [ -78.869965841209194, 34.482076612559702 ], [ -78.8689636169902, 34.484784966827299 ], [ -78.860321271329894, 34.483182951489503 ], [ -78.858061786094297, 34.474402409678099 ], [ -78.849916260081798, 34.473651463312798 ], [ -78.8447158162205, 34.468888566760697 ], [ -78.837638796802096, 34.4675678901786 ], [ -78.8303565989833, 34.462585662982299 ], [ -78.825863964611102, 34.461738463257099 ], [ -78.667555498702001, 34.469649228229599 ], [ -78.664267628629602, 34.462738666504499 ], [ -78.656449712352796, 34.460344978897602 ], [ -78.659284879953006, 34.453596394199202 ], [ -78.649182976540999, 34.460666984625398 ], [ -78.646827192044995, 34.460714755158897 ], [ -78.603772701994899, 34.441140323375002 ], [ -78.594014656313803, 34.431450143778903 ], [ -78.580358418366899, 34.428999402956002 ], [ -78.5527155817623, 34.420785283573402 ], [ -78.445322551836895, 34.377407336355702 ], [ -78.420103798993594, 34.378114960069297 ], [ -78.396917371862003, 34.370754124769199 ], [ -78.365705388735606, 34.372810512308398 ], [ -78.334571456671995, 34.367542512118597 ], [ -78.256087468779199, 34.399476229796903 ] ] ] } },
{ "type": "Feature", "properties": { "OBJECTID": 25, "County": "Craven", "FIPS": "049", "Rec_Survey": "Recorded survey data is available. Visit North Carolina Geodetic Survey for information. https://ncgs.state.nc.us", "NCGS_url": "https://ncem-gis.maps.arcgis.com/apps/webappviewer/index.html?id=8f3edbd62c004edd8b4fe3640f224738", "ck_date": "2025-01-13T00:00:00Z", "Shape__Area": 21545372537.003113, "Shape__Length": 968408.54112438671, "GlobalID": "5327cffb-fd46-46d3-84a9-5759aa620b9c" }, "geometry": { "type": "Polygon", "coordinates": [ [ [ -77.078266216117598, 34.811329324191 ], [ -77.073345268830906, 34.8176366946144 ], [ -77.068087426871898, 34.820169387673602 ], [ -77.047251774629899, 34.836423289103998 ], [ -77.108853192036193, 34.830786520207603 ], [ -77.103067121348502, 35.017800173285899 ], [ -77.102358236292702, 35.023365828478198 ], [ -77.098792331234193, 35.026935011037502 ], [ -77.106467621963802, 35.034301934073298 ], [ -77.107507856419204, 35.041740028903099 ], [ -77.110304008189203, 35.045682449323103 ], [ -77.107871243065404, 35.0542613436712 ], [ -77.110359371221904, 35.065160988996503 ], [ -77.109658350287901, 35.068615965569599 ], [ -77.116067618078802, 35.074114301858202 ], [ -77.118296684618599, 35.071592081468701 ], [ -77.118605717412194, 35.073290707619201 ], [ -77.130363846654504, 35.072377780028802 ], [ -77.132200136918598, 35.067229684358402 ], [ -77.135356317812096, 35.064116699486704 ], [ -77.139339918095203, 35.060804224398296 ], [ -77.140588874772305, 35.062117314835298 ], [ -77.144611924755395, 35.060522187974797 ], [ -77.147017633242697, 35.056562922909698 ], [ -77.149651416739005, 35.056498093558197 ], [ -77.148347345353898, 35.054682143425303 ], [ -77.152103163408299, 35.054727029765601 ], [ -77.149848844428604, 35.0576746529361 ], [ -77.154801535722498, 35.062744406297597 ], [ -77.159939131010205, 35.062346803952103 ], [ -77.164333172528998, 35.065508848155403 ], [ -77.168840385620001, 35.060282471117603 ], [ -77.171891565783397, 35.0608327889286 ], [ -77.173854472875504, 35.058165487115801 ], [ -77.180594538685696, 35.055220886770798 ], [ -77.1738761505665, 35.059126623150803 ], [ -77.179113594170104, 35.058231278262298 ], [ -77.182386269731097, 35.062622111653901 ], [ -77.185425222661806, 35.063175007539797 ], [ -77.189424121216703, 35.066676901694201 ], [ -77.191027066698794, 35.076550556889401 ], [ -77.187682325675993, 35.081094517450602 ], [ -77.329333446607194, 35.149878294691803 ], [ -77.451721592223706, 35.218711723297702 ], [ -77.473693956006699, 35.228991536487896 ], [ -77.473296080227399, 35.2310711062877 ], [ -77.465618584668107, 35.234625311845299 ], [ -77.464316781680694, 35.239161451625598 ], [ -77.4459091915827, 35.2465856246599 ], [ -77.433456006826702, 35.249656577545899 ], [ -77.426132743186997, 35.257552119251898 ], [ -77.426174724595, 35.262381697971399 ], [ -77.4286110307917, 35.264082960285201 ], [ -77.431829953530595, 35.271278808738202 ], [ -77.437658118307098, 35.276994055919303 ], [ -77.440591855954494, 35.284580954864197 ], [ -77.439932150943704, 35.289599518087599 ], [ -77.446598753994607, 35.293580013297301 ], [ -77.446415109316206, 35.296179649319399 ], [ -77.449615838662993, 35.299464472392401 ], [ -77.448861352169402, 35.302013969926698 ], [ -77.440161916797507, 35.303824200850599 ], [ -77.438506286196699, 35.311764062594698 ], [ -77.431135433787503, 35.312914334020697 ], [ -77.432296984136798, 35.324486394788302 ], [ -77.431271973911393, 35.3298288034146 ], [ -77.423351237923796, 35.328750563344599 ], [ -77.421351747727797, 35.331337623823202 ], [ -77.414689568588898, 35.330420455225003 ], [ -77.414217323733794, 35.333976276458301 ], [ -77.410500507486603, 35.331875377957303 ], [ -77.410946694689997, 35.338038749749103 ], [ -77.3951606208133, 35.343030636416401 ], [ -77.391906785858097, 35.3391159713576 ], [ -77.381752348803005, 35.3340500067834 ], [ -77.365436988999505, 35.333193461203102 ], [ -77.352944695129494, 35.3274319317348 ], [ -77.294342317125995, 35.379144371044497 ], [ -77.279382649765296, 35.375667350838498 ], [ -77.269294834535302, 35.369160519042502 ], [ -77.267902299215393, 35.366002991750896 ], [ -77.270349213929904, 35.360084718429199 ], [ -77.266561376650003, 35.353879547516797 ], [ -77.259424649154596, 35.351598906823703 ], [ -77.247776392354496, 35.354462246459903 ], [ -77.237946515997095, 35.361549307186401 ], [ -77.2393533257911, 35.366437622264897 ], [ -77.236812230527406, 35.371793806941596 ], [ -77.238469786469395, 35.3755616079468 ], [ -77.238125426376897, 35.380085915723498 ], [ -77.239651260772604, 35.381367918938601 ], [ -77.237258696834701, 35.383408314890197 ], [ -77.236481444177997, 35.388882975590001 ], [ -77.234686488930606, 35.391021888005596 ], [ -77.227108502414694, 35.3932104062376 ], [ -77.228511604482307, 35.395264700918602 ], [ -77.227129459854694, 35.399852966650499 ], [ -77.221914004352996, 35.400334400491602 ], [ -77.220058212264604, 35.402048048908497 ], [ -77.211218823905199, 35.398191804701099 ], [ -77.201561739409897, 35.398671790807803 ], [ -77.189121272789706, 35.418370448109499 ], [ -76.958889216289705, 35.301019969517903 ], [ -76.895926225461096, 35.253899161759698 ], [ -76.906087185961994, 35.235945275573002 ], [ -76.9325920790628, 35.230293280663297 ], [ -76.942550675192507, 35.219695218368898 ], [ -76.942631821263305, 35.213330847608802 ], [ -76.944513268829695, 35.210909922947401 ], [ -76.952411812868505, 35.207817765267002 ], [ -76.959475203541302, 35.202848994911299 ], [ -76.962932507619598, 35.197863545347602 ], [ -76.966202095509601, 35.182866750484003 ], [ -76.971407378732394, 35.176652514738699 ], [ -76.969244017911905, 35.171090832607803 ], [ -76.971761823248897, 35.1664414356121 ], [ -76.970196168500706, 35.162156163935798 ], [ -76.976879741870604, 35.155478777854597 ], [ -76.987571331623698, 35.1546563581228 ], [ -76.984903228641798, 35.145069435880799 ], [ -76.977987354366803, 35.138357866592898 ], [ -76.975142190103696, 35.133175506193702 ], [ -76.968467288188407, 35.129279539738697 ], [ -76.959144792571607, 35.127625192237403 ], [ -76.955644259824297, 35.125444892623698 ], [ -76.94869367498022, 35.123728137396064 ], [ -76.948737022102407, 35.1234287557728 ], [ -76.947875884762396, 35.124095593729898 ], [ -76.947038242712694, 35.121350761326198 ], [ -76.943548706265005, 35.121313414889499 ], [ -76.940821039167503, 35.119109610165403 ], [ -76.942082199707002, 35.115719449166498 ], [ -76.940231853243702, 35.114713007920898 ], [ -76.930867355114401, 35.116826201245502 ], [ -76.937610101394995, 35.114597147170997 ], [ -76.937878245915599, 35.112889557033803 ], [ -76.9358743539686, 35.111857464176197 ], [ -76.936236404759498, 35.108148107943599 ], [ -76.932823655773305, 35.105617815810099 ], [ -76.936663551616306, 35.1053060166549 ], [ -76.937382619690894, 35.102931859677497 ], [ -76.940232267721996, 35.103132342936803 ], [ -76.936831652167498, 35.101616875992597 ], [ -76.9377340358418, 35.0980116917844 ], [ -76.935926154125497, 35.0970522540335 ], [ -76.937677982658698, 35.097164447396601 ], [ -76.938427322478802, 35.094727961908902 ], [ -76.937166367271601, 35.090635435770999 ], [ -76.938540181862606, 35.0887445484192 ], [ -76.936421358040306, 35.086804321658903 ], [ -76.937984280795902, 35.085051356577203 ], [ -76.935207893182906, 35.085204828471902 ], [ -76.935954992665799, 35.083099257114903 ], [ -76.933294670833106, 35.081948239720397 ], [ -76.933633104377094, 35.077573783256902 ], [ -76.937522133746597, 35.075809180736798 ], [ -76.935120475087203, 35.071272646646598 ], [ -76.936263233676101, 35.061651282474003 ], [ -76.941061920989199, 35.057702066214901 ], [ -76.941623602006203, 35.052091458403602 ], [ -76.953240542441407, 35.051533537161902 ], [ -76.967358136781996, 35.040405232100603 ], [ -76.953062776273697, 35.0205686915846 ], [ -76.907728184575902, 34.987381500438801 ], [ -76.896970500561494, 34.981659847190798 ], [ -76.820323340739193, 34.952525483004997 ], [ -76.780050049406199, 34.950294774885499 ], [ -76.763983416406802, 34.953139355834303 ], [ -76.756032105273803, 34.955983368433102 ], [ -76.711582227132695, 34.9817747546847 ], [ -76.685365213709304, 34.964247129312199 ], [ -76.652573105598094, 34.937601454737397 ], [ -76.662677376695498, 34.911859468920497 ], [ -76.669569721338405, 34.905142010664697 ], [ -76.682976427660805, 34.899275653319499 ], [ -76.686264927876607, 34.895377623486702 ], [ -76.686773049006007, 34.888708516289597 ], [ -76.691037473610294, 34.882393429972502 ], [ -76.693020107952805, 34.869187293259898 ], [ -76.758010654265107, 34.846292162538298 ], [ -76.766432338193496, 34.848801407700797 ], [ -76.771768243865196, 34.846683254647502 ], [ -76.883203056730594, 34.844900414594598 ], [ -76.882196904874206, 34.836710667236297 ], [ -76.954776012309196, 34.824515040106199 ], [ -76.954440496635996, 34.809073615041498 ], [ -77.078266216117598, 34.811329324191 ] ] ] } },
{ "type": "Feature", "properties": { "OBJECTID": 26, "County": "Cumberland", "FIPS": "051", "Rec_Survey": "Recorded survey data is available. Visit North Carolina Geodetic Survey for information. https://ncgs.state.nc.us", "NCGS_url": "https://ncem-gis.maps.arcgis.com/apps/webappviewer/index.html?id=8f3edbd62c004edd8b4fe3640f224738", "ck_date": "2011-11-29T00:00:00Z", "Shape__Area": 18352591602.453369, "Shape__Length": 717940.27354353934, "GlobalID": "0fcddb67-8ec4-4164-94bd-93222106cedf" }, "geometry": { "type": "Polygon", "coordinates": [ [ [ -78.904222608159301, 34.834868541984299 ], [ -78.924007977608795, 34.858607593442102 ], [ -78.927081766999194, 34.865332615719602 ], [ -78.921595281430896, 34.870669671421098 ], [ -78.925710473508602, 34.884756751405298 ], [ -78.929957194208299, 34.8904939309638 ], [ -78.938667371233194, 34.897720893115299 ], [ -78.940847171340394, 34.903375199850501 ], [ -78.953106165541897, 34.909304454088797 ], [ -78.954876543089, 34.913270042760402 ], [ -79.038751321590496, 34.952720804134103 ], [ -79.035559016588905, 34.9552042291796 ], [ -79.037585702918193, 34.957544288243497 ], [ -79.034777966387693, 34.963126327337498 ], [ -79.037274081417706, 34.9670519404727 ], [ -79.040989236572898, 34.967740537032903 ], [ -79.043471364190097, 34.975250107776901 ], [ -79.047027349831893, 34.978285589182597 ], [ -79.049702226131899, 34.991960628437901 ], [ -79.056772596959306, 34.9982886489341 ], [ -79.061388614039799, 35.007913669993499 ], [ -79.071394273434393, 35.014517385163302 ], [ -79.072258848981093, 35.018015490717403 ], [ -79.084231955146805, 35.035465363680999 ], [ -79.090294184220198, 35.042037438597703 ], [ -79.089766501312297, 35.045453710477197 ], [ -79.091785584793797, 35.047612824666302 ], [ -79.088156448597402, 35.049553949936097 ], [ -79.088193232138906, 35.051695640624501 ], [ -79.093168862689396, 35.056452858118902 ], [ -79.090390916079102, 35.0593815108653 ], [ -79.092090614693802, 35.063953727322399 ], [ -79.089412086134203, 35.073371921374303 ], [ -79.090503318056705, 35.077853109003797 ], [ -79.093430927908798, 35.079604917564303 ], [ -79.091739009004399, 35.082910970624198 ], [ -79.093178783567893, 35.090356210343998 ], [ -79.098460842216994, 35.094351784178698 ], [ -79.0995587549438, 35.0989557975848 ], [ -79.098325127204902, 35.101003953212697 ], [ -79.099829656600605, 35.103039233503502 ], [ -79.098980279681797, 35.105518502570298 ], [ -79.100760104070304, 35.108070054600397 ], [ -79.101268441618203, 35.1146129452531 ], [ -79.1054577969105, 35.121459998322401 ], [ -79.109124409926494, 35.124677453556401 ], [ -79.111867464551494, 35.1241908123665 ], [ -79.1129236289039, 35.125657673655297 ], [ -79.096264331590604, 35.177865286531201 ], [ -79.098736935787599, 35.183859019916902 ], [ -79.096903339467204, 35.191469369925002 ], [ -78.998040206708197, 35.214136209352702 ], [ -78.977990070808005, 35.211914703181698 ], [ -78.941656306320297, 35.219255185180202 ], [ -78.935644871358704, 35.2187655216363 ], [ -78.929246696694506, 35.222396797422697 ], [ -78.9254966012751, 35.221901823899302 ], [ -78.924711308090195, 35.223899585550598 ], [ -78.9202141212768, 35.2202834316587 ], [ -78.916693406861, 35.223812206554399 ], [ -78.905437880337701, 35.226979221938599 ], [ -78.898047781877494, 35.231175006891903 ], [ -78.893266552088207, 35.228652541706801 ], [ -78.888595909261994, 35.230797125666101 ], [ -78.8804110434004, 35.230447146012899 ], [ -78.874034240280096, 35.235983738295403 ], [ -78.876059725123795, 35.241542583417697 ], [ -78.868100916325005, 35.245106360395297 ], [ -78.859735260135196, 35.242455434192898 ], [ -78.854505923655793, 35.2483892249356 ], [ -78.848099505948895, 35.250229031824198 ], [ -78.847160526080202, 35.252992529246399 ], [ -78.842909351463504, 35.252453305703703 ], [ -78.838470723116103, 35.253966663239098 ], [ -78.834671954015107, 35.252360204137702 ], [ -78.832314119619994, 35.255573292511102 ], [ -78.828279522447005, 35.255115978401697 ], [ -78.825552071520207, 35.259450698633401 ], [ -78.819429461608607, 35.260468207430598 ], [ -78.805880329824404, 35.256614994783 ], [ -78.801462353398804, 35.262958363475398 ], [ -78.798662890222303, 35.262009371874399 ], [ -78.797671890139696, 35.264840827705001 ], [ -78.794283093414606, 35.266107953941599 ], [ -78.786968099137894, 35.263558726881399 ], [ -78.782386846337005, 35.263737627398903 ], [ -78.783735326783599, 35.262549317462103 ], [ -78.782127482919904, 35.260945106222799 ], [ -78.778262389279206, 35.263565895429601 ], [ -78.771045110768398, 35.262106244979996 ], [ -78.769618778228093, 35.259311488603799 ], [ -78.765886289807099, 35.258236770208903 ], [ -78.764184043792, 35.258666873322099 ], [ -78.763686798193206, 35.261444269791703 ], [ -78.760997287026896, 35.261078574219901 ], [ -78.762998013556299, 35.263167426086298 ], [ -78.759977090992606, 35.263946163156099 ], [ -78.760649464281897, 35.262154559900402 ], [ -78.759211522546806, 35.261526687099398 ], [ -78.757532325637897, 35.263512438788602 ], [ -78.754497283107497, 35.2634196352424 ], [ -78.754136474582893, 35.259563862420897 ], [ -78.750200153088699, 35.261572277295897 ], [ -78.750033068567404, 35.2634834857177 ], [ -78.741098410402302, 35.263825100331097 ], [ -78.736196791231706, 35.261624668209301 ], [ -78.730031930474595, 35.263267136148102 ], [ -78.725566765802995, 35.2669068317376 ], [ -78.7205089126426, 35.264942644903101 ], [ -78.718836529396796, 35.259838249690503 ], [ -78.713644999271693, 35.259698334291002 ], [ -78.711946378510902, 35.257449708240998 ], [ -78.707704320516001, 35.259200544519103 ], [ -78.704555840788004, 35.256733881542203 ], [ -78.617129427706502, 35.245585207908498 ], [ -78.615124098456604, 35.238743835742703 ], [ -78.619015486435998, 35.234069156631499 ], [ -78.617063714822194, 35.2280922784634 ], [ -78.619534507465204, 35.223463359273801 ], [ -78.622477475883102, 35.222812303361302 ], [ -78.630103171108104, 35.215212958196503 ], [ -78.631806719800693, 35.211426892951899 ], [ -78.6303709334952, 35.208068681712398 ], [ -78.625369569717407, 35.205750453073101 ], [ -78.624518597564801, 35.203425561746897 ], [ -78.626968977932606, 35.201171142146102 ], [ -78.632132404365393, 35.201129256365398 ], [ -78.636952858030796, 35.197893308601301 ], [ -78.642603697558201, 35.200929746371301 ], [ -78.646800018649301, 35.1977111583709 ], [ -78.640134328989603, 35.192450985476199 ], [ -78.635897885233305, 35.192019952005303 ], [ -78.640043761472398, 35.185934940391903 ], [ -78.638838427583707, 35.182057086263697 ], [ -78.635203938762501, 35.179696343314397 ], [ -78.634865053875501, 35.177179970627201 ], [ -78.630245075208506, 35.174081898658699 ], [ -78.629467628901907, 35.1716267531312 ], [ -78.631963706851906, 35.1698706485302 ], [ -78.635625643315507, 35.170948231310298 ], [ -78.638910728748797, 35.167241855852502 ], [ -78.637840400295005, 35.1651573641361 ], [ -78.632361783308696, 35.163945672916697 ], [ -78.633666996867206, 35.157121870160999 ], [ -78.638054545782595, 35.157382451084899 ], [ -78.639925339899193, 35.155075380892903 ], [ -78.636021764714698, 35.150773133504302 ], [ -78.637990542586707, 35.148438002485499 ], [ -78.636890799299195, 35.1417830185081 ], [ -78.634663280441799, 35.139920492831997 ], [ -78.635532586069104, 35.137387532201899 ], [ -78.638371589739506, 35.132650609344303 ], [ -78.641749737862696, 35.131737099048102 ], [ -78.642901564317995, 35.127958290549103 ], [ -78.648716749117298, 35.125185403743998 ], [ -78.652541327834697, 35.121021178716298 ], [ -78.651835093573297, 35.118844922606897 ], [ -78.649321885713206, 35.117812387216397 ], [ -78.641447094054101, 35.121214498849398 ], [ -78.639276437793697, 35.1160462128747 ], [ -78.643082294581006, 35.113139967448902 ], [ -78.650651374166202, 35.113070880949998 ], [ -78.653811578622495, 35.111422738300199 ], [ -78.654016995650593, 35.107889907073996 ], [ -78.6519299286375, 35.103698221090802 ], [ -78.654358423574195, 35.100714428030599 ], [ -78.657929058410403, 35.101387435180101 ], [ -78.659029522096006, 35.1000323888982 ], [ -78.658240464097005, 35.094472814296502 ], [ -78.663611290582807, 35.092170525669601 ], [ -78.667267303346193, 35.093683732629202 ], [ -78.670480395861304, 35.0927434658417 ], [ -78.670539555624103, 35.087666763603899 ], [ -78.672310646949995, 35.085387447954297 ], [ -78.669204379415902, 35.080488292004603 ], [ -78.665559085476701, 35.080537288205399 ], [ -78.662979038692001, 35.078073422124902 ], [ -78.662484271754295, 35.069507646927299 ], [ -78.664082108995103, 35.067277340601699 ], [ -78.660646727473093, 35.063281861199599 ], [ -78.661574134960802, 35.059937131368201 ], [ -78.653937231257103, 35.049679972246203 ], [ -78.658381328887103, 35.041791200434901 ], [ -78.653471421437104, 35.0345523915108 ], [ -78.655866796051001, 35.034600116229598 ], [ -78.649651596383293, 35.026866983516697 ], [ -78.650056583148199, 35.023802945021998 ], [ -78.652879221960504, 35.0206368907279 ], [ -78.650017563946093, 35.018739549188901 ], [ -78.650209739057502, 35.015102710350597 ], [ -78.644995090007598, 35.009956087098097 ], [ -78.647557709138098, 35.005604168764101 ], [ -78.645779451256999, 35.003410169295499 ], [ -78.647616606496996, 34.993225362988802 ], [ -78.643788914063407, 34.989181645624598 ], [ -78.636336341585903, 34.9878334112313 ], [ -78.634591775455803, 34.985662039954398 ], [ -78.637160606916396, 34.981105994042203 ], [ -78.634119988102796, 34.977681911429201 ], [ -78.6323475964642, 34.9780784066078 ], [ -78.627647861637897, 34.974478798679499 ], [ -78.627169895070196, 34.971643679447503 ], [ -78.623773283017201, 34.968672055144502 ], [ -78.620524502895506, 34.968256209559001 ], [ -78.620707995776201, 34.9667972736152 ], [ -78.614900140422293, 34.962836853474101 ], [ -78.613619108756197, 34.9596888433652 ], [ -78.6112036159723, 34.960915717296302 ], [ -78.610779241211901, 34.957823350535101 ], [ -78.607538429195799, 34.9536194914959 ], [ -78.605189919429804, 34.954299694263597 ], [ -78.602109403695707, 34.951352893693901 ], [ -78.597162338994394, 34.951301189651701 ], [ -78.591012972842904, 34.946502520268403 ], [ -78.591177688570696, 34.9445966683666 ], [ -78.588287704215503, 34.9420987185798 ], [ -78.584572458780698, 34.941814489501702 ], [ -78.583596180655704, 34.938392840788197 ], [ -78.572835054099798, 34.9375218157167 ], [ -78.572693222321902, 34.929833569225998 ], [ -78.570310437048505, 34.926829729308501 ], [ -78.564468077328002, 34.925073498779497 ], [ -78.561845300264196, 34.917608911833597 ], [ -78.557706098913599, 34.915350590266598 ], [ -78.5506075886519, 34.914912739232101 ], [ -78.547993184475999, 34.916950667321103 ], [ -78.544487257593204, 34.9148280271814 ], [ -78.542031915152705, 34.911289263085301 ], [ -78.543091103947503, 34.909410213564399 ], [ -78.541890375220802, 34.908139985180497 ], [ -78.545821063602801, 34.9050884414414 ], [ -78.545731676731293, 34.902639092034597 ], [ -78.547518361190598, 34.902352545733102 ], [ -78.546863191623302, 34.900626510927701 ], [ -78.536919870991397, 34.8952379218983 ], [ -78.535095343152605, 34.895616780074498 ], [ -78.534972244071, 34.893666345180797 ], [ -78.5265177136516, 34.891179267942398 ], [ -78.524668605632996, 34.883979274221097 ], [ -78.519686057201596, 34.882343986842301 ], [ -78.519686719336093, 34.883825752057298 ], [ -78.517649357070098, 34.883817614447302 ], [ -78.515556171297803, 34.8816431760916 ], [ -78.513919378516704, 34.881965862166901 ], [ -78.514633857924395, 34.880914016247601 ], [ -78.512701325555597, 34.8806026602036 ], [ -78.515095740124096, 34.875102018336399 ], [ -78.512753495579602, 34.872365719303197 ], [ -78.513215149637603, 34.869229130973501 ], [ -78.502558797501095, 34.8646168358746 ], [ -78.502211685882301, 34.861682744138903 ], [ -78.499382078838295, 34.8592065579912 ], [ -78.495093868923206, 34.859106324812998 ], [ -78.494707249866394, 34.856189125656201 ], [ -78.506290293551402, 34.8525799162365 ], [ -78.515913878129297, 34.8458714583278 ], [ -78.533635573688301, 34.851136090072302 ], [ -78.799599460388393, 34.850863628899504 ], [ -78.842861129554194, 34.847417922976497 ], [ -78.904222608159301, 34.834868541984299 ] ] ] } },
{ "type": "Feature", "properties": { "OBJECTID": 27, "County": "Currituck", "FIPS": "053", "Rec_Survey": "Recorded survey data is available. Visit North Carolina Geodetic Survey for information. https://ncgs.state.nc.us", "NCGS_url": "https://ncem-gis.maps.arcgis.com/apps/webappviewer/index.html?id=8f3edbd62c004edd8b4fe3640f224738", "ck_date": "2025-01-13T00:00:00Z", "Shape__Area": 12397289020.440186, "Shape__Length": 656420.03229704162, "GlobalID": "a1821d0a-8eb1-48f4-a50f-87cc6554b9a0" }, "geometry": { "type": "Polygon", "coordinates": [ [ [ -75.840047691503599, 36.028841458107799 ], [ -75.864670913848101, 36.036171353559098 ], [ -75.874808328514803, 36.041796038504003 ], [ -75.8895359027822, 36.055346428907697 ], [ -75.901962292531195, 36.074115406286701 ], [ -75.906292663937705, 36.0858797274512 ], [ -75.896707762817499, 36.125165579737697 ], [ -75.887581217541694, 36.1500195236084 ], [ -75.887980466689399, 36.1633136483524 ], [ -75.891777622694903, 36.171954706458202 ], [ -75.897630508839796, 36.179216151063798 ], [ -75.918960674341093, 36.192421185653998 ], [ -75.926580180398204, 36.200396020393498 ], [ -75.929556666669697, 36.207238192370298 ], [ -75.929630740357496, 36.219965703717698 ], [ -75.934507993014904, 36.237942352083103 ], [ -75.942486139871306, 36.243030155389697 ], [ -75.952865544124194, 36.253200054081901 ], [ -75.963228609706306, 36.258473717786401 ], [ -75.963739157900093, 36.263963477940798 ], [ -75.962261161943701, 36.267167695119902 ], [ -75.951661838330196, 36.2714943473392 ], [ -75.948974994992497, 36.2740391069038 ], [ -75.950448338308206, 36.279847610159202 ], [ -75.948772987519803, 36.2858542450032 ], [ -75.955351436859004, 36.289381687013602 ], [ -75.961464238825798, 36.287439455546298 ], [ -75.966626579872894, 36.289560429839497 ], [ -75.969738408033095, 36.295708759446597 ], [ -75.969620342487403, 36.306315148529301 ], [ -75.973105135799202, 36.3097756317026 ], [ -75.990602137820105, 36.308290153716499 ], [ -75.999641160464094, 36.311170809453003 ], [ -76.001867315656796, 36.3151305041388 ], [ -76.002356464411903, 36.3242089906812 ], [ -76.007908762588102, 36.3286509514055 ], [ -76.016384959929894, 36.327259242732097 ], [ -76.020422043656396, 36.3328053151495 ], [ -76.016921531927807, 36.338216627480499 ], [ -76.0168060414141, 36.344454376592303 ], [ -76.019581513698, 36.345893045935 ], [ -76.022842014723807, 36.345197038545301 ], [ -76.025472681348603, 36.340576970325799 ], [ -76.031668943749693, 36.338599738102303 ], [ -76.033440904467895, 36.341315065116099 ], [ -76.0286779260326, 36.344083272379798 ], [ -76.028417922445598, 36.348205393726197 ], [ -76.036408097370597, 36.355176866258098 ], [ -76.041769332062103, 36.355388924662499 ], [ -76.046024873646402, 36.358348713428597 ], [ -76.0492560330445, 36.356451174911399 ], [ -76.050374881433399, 36.359519088746801 ], [ -76.053557996580395, 36.360165176033497 ], [ -76.055991499803895, 36.358193181190202 ], [ -76.055550506693905, 36.355362084114901 ], [ -76.058173904858094, 36.3545522119284 ], [ -76.059203708619293, 36.352004434316903 ], [ -76.064706107266403, 36.351300138257898 ], [ -76.062814451852802, 36.349178525553498 ], [ -76.063683417416001, 36.347453724786 ], [ -76.068923093428197, 36.347873008936702 ], [ -76.068261052547697, 36.349529290430503 ], [ -76.071871211496202, 36.349973804873201 ], [ -76.073912609547506, 36.346127076750697 ], [ -76.075986069673206, 36.346847178584703 ], [ -76.074869386271899, 36.348602908452797 ], [ -76.078279225868201, 36.347067179930399 ], [ -76.079887248167793, 36.348883210666699 ], [ -76.081444885512397, 36.348107190570197 ], [ -76.084882332168206, 36.352134860315303 ], [ -76.086421912692103, 36.349667890026303 ], [ -76.090543676202699, 36.3521268245185 ], [ -76.093204400123298, 36.350742896342602 ], [ -76.097676382854104, 36.353490097571601 ], [ -76.106648324353998, 36.354533430045599 ], [ -76.114439638203507, 36.3576384357564 ], [ -76.121813170399307, 36.371095312301101 ], [ -76.147628502593605, 36.3944703981076 ], [ -76.157475232264304, 36.3981858197685 ], [ -76.158547053770306, 36.425352837151898 ], [ -76.313305305468802, 36.550527365723397 ], [ -75.867495964115903, 36.550418327053698 ], [ -75.855245619996595, 36.492144053342102 ], [ -75.833104305005307, 36.416303398022002 ], [ -75.813941124894995, 36.341728965207601 ], [ -75.795298427570899, 36.287487240616898 ], [ -75.772848997889596, 36.2316447805716 ], [ -75.813123273941301, 36.223590228859102 ], [ -75.799193539690094, 36.201337610143 ], [ -75.801873649750405, 36.188456172964401 ], [ -75.798680298640704, 36.182536437421398 ], [ -75.789138852584202, 36.172049930473499 ], [ -75.790402349149502, 36.159608177365897 ], [ -75.789372928299699, 36.1547710479853 ], [ -75.780276287405201, 36.144398863077598 ], [ -75.777302977848393, 36.138490470689 ], [ -75.773807913752407, 36.115057408419801 ], [ -75.774602986194793, 36.105094267558101 ], [ -75.765606368818396, 36.083894355630001 ], [ -75.763277066728406, 36.072456592650198 ], [ -75.763355737701701, 36.065334384785501 ], [ -75.766311906159004, 36.056883575434497 ], [ -75.775516417519896, 36.049633066806699 ], [ -75.840047691503599, 36.028841458107799 ] ] ] } },
{ "type": "Feature", "properties": { "OBJECTID": 28, "County": "Dare", "FIPS": "055", "Rec_Survey": "No recent survey data available", "NCGS_url": " ", "ck_date": "2011-11-29T00:00:00Z", "Shape__Area": 34291143995.310669, "Shape__Length": 947582.51214445359, "GlobalID": "fdc8278a-a3d0-4dad-a87a-0e7ccc0998d4" }, "geometry": { "type": "Polygon", "coordinates": [ [ [ -76.027480896017707, 35.668856323474799 ], [ -76.020504444611305, 35.687357284836096 ], [ -76.027416693276294, 35.718901609507597 ], [ -76.019552188271504, 35.751561394291102 ], [ -76.022588616462201, 35.809775972153602 ], [ -76.018135599054403, 35.863670415703403 ], [ -76.009154316034994, 35.8946467219697 ], [ -75.995497840932003, 35.906718668702297 ], [ -75.986817317471207, 35.917612310695397 ], [ -75.981444167860602, 35.956474334110901 ], [ -75.973141639963302, 35.976676183738299 ], [ -75.965584001447994, 35.983419255528297 ], [ -75.954375937396904, 35.990070880984398 ], [ -75.777997136907004, 36.048429881445301 ], [ -75.767683931680097, 36.055267706816203 ], [ -75.764728449235193, 36.060145982388498 ], [ -75.763266847101605, 36.066131010845901 ], [ -75.763614515215295, 36.075171656888202 ], [ -75.765606368818396, 36.083894355630001 ], [ -75.774602986194793, 36.105094267558101 ], [ -75.773807913752407, 36.115057408419801 ], [ -75.7770873343364, 36.1377922076705 ], [ -75.780276287405201, 36.144398863077598 ], [ -75.789372928299699, 36.1547710479853 ], [ -75.790402349149502, 36.159608177365897 ], [ -75.789138852584202, 36.172049930473499 ], [ -75.798680298640704, 36.182536437421398 ], [ -75.801873649750405, 36.188456172964401 ], [ -75.799193539690094, 36.201337610143 ], [ -75.813123273941301, 36.223590228859102 ], [ -75.772848997889596, 36.2316447805716 ], [ -75.751835117624495, 36.187244170262197 ], [ -75.7372043613302, 36.1514728765708 ], [ -75.715912388949306, 36.110695159346299 ], [ -75.695737106652103, 36.0760633683009 ], [ -75.660949231362807, 36.024989199157197 ], [ -75.633478839259993, 35.977651814842297 ], [ -75.5752649911568, 35.8736968626501 ], [ -75.548391023361802, 35.815829299565699 ], [ -75.503320787815298, 35.743802155392103 ], [ -75.488855014652103, 35.710909147147397 ], [ -75.474316015764401, 35.664626328183701 ], [ -75.461047660655197, 35.596096302626698 ], [ -75.459761866646204, 35.5767565950635 ], [ -75.464791675806296, 35.543510425250197 ], [ -75.479397453816901, 35.479808539914004 ], [ -75.4868866280341, 35.393247367316398 ], [ -75.489589437165606, 35.381660054674299 ], [ -75.493651454672602, 35.372965522709698 ], [ -75.508383193767799, 35.314894782356099 ], [ -75.518618627023699, 35.2568607197774 ], [ -75.521681127594903, 35.252794425029002 ], [ -75.524000103483502, 35.245181740235601 ], [ -75.528663901455204, 35.219130231509801 ], [ -75.531986797867901, 35.217582057605 ], [ -75.529573890606798, 35.222195431858196 ], [ -75.533683421526106, 35.225717971835799 ], [ -75.557575130129607, 35.233921564161001 ], [ -75.577035372151201, 35.235092905727697 ], [ -75.602405888495198, 35.232867951679999 ], [ -75.655621623085295, 35.2203617767886 ], [ -75.750646820364395, 35.188660883716899 ], [ -75.768852810738906, 35.249274415465798 ], [ -75.8140233406927, 35.500188946072299 ], [ -75.868688051088796, 35.578657998206303 ], [ -75.880099990184803, 35.607079337788697 ], [ -75.876920946694597, 35.623897923063502 ], [ -75.877429661156597, 35.6294655910202 ], [ -75.883846661024606, 35.632821133932502 ], [ -75.889240588507107, 35.640227428422001 ], [ -75.888671213509397, 35.641867419603898 ], [ -75.891932314116303, 35.643605344863197 ], [ -75.890219920427697, 35.646752481377497 ], [ -75.890463228092898, 35.651722332657002 ], [ -75.9003024181646, 35.664027908276701 ], [ -75.901343914216298, 35.668958938934601 ], [ -76.027480896017707, 35.668856323474799 ] ] ] } },
{ "type": "Feature", "properties": { "OBJECTID": 29, "County": "Davidson", "FIPS": "057", "Rec_Survey": "No recent survey data available", "NCGS_url": " ", "ck_date": "2026-01-22T00:00:00Z", "Shape__Area": 15816070103.043945, "Shape__Length": 644169.55399371195, "GlobalID": "9c64e79d-6cf4-4cdc-b3e7-bc9390fa6fa2" }, "geometry": { "type": "Polygon", "coordinates": [ [ [ -80.182565505979497, 35.504156394772401 ], [ -80.184702181159594, 35.508151330078498 ], [ -80.184042509348203, 35.517295989135697 ], [ -80.190947573324607, 35.526150368362401 ], [ -80.197013378486403, 35.529551337405998 ], [ -80.1953201101405, 35.5368947988717 ], [ -80.198818485582393, 35.545457776639303 ], [ -80.209797097599093, 35.552270117684401 ], [ -80.210330913980599, 35.557023131580998 ], [ -80.207160700532597, 35.570626724171703 ], [ -80.208566273943902, 35.580616008517303 ], [ -80.231092809867306, 35.596016533068301 ], [ -80.233783356755396, 35.598909103507999 ], [ -80.237029605254307, 35.607851969939098 ], [ -80.243450142700794, 35.614437230181203 ], [ -80.256278352365797, 35.622307882284197 ], [ -80.263863923577702, 35.629150377904899 ], [ -80.288656700897604, 35.6356760480068 ], [ -80.295327127462599, 35.645067645753798 ], [ -80.304940207288297, 35.654129941186298 ], [ -80.308324720551994, 35.666908438267697 ], [ -80.315060887008102, 35.671891430088998 ], [ -80.325670232641798, 35.674723137460298 ], [ -80.330605072303101, 35.678805683246502 ], [ -80.334028176404701, 35.686581448389497 ], [ -80.3344250025321, 35.693579278025297 ], [ -80.332219725556897, 35.697442471714801 ], [ -80.324844760783805, 35.703714085928702 ], [ -80.324148419498798, 35.706709065495403 ], [ -80.325890581280305, 35.711948452261403 ], [ -80.333037579914404, 35.719453758332897 ], [ -80.341011413618006, 35.721285656508996 ], [ -80.372090332359406, 35.716397306743303 ], [ -80.382318534310301, 35.719728566127202 ], [ -80.389171709383504, 35.719420734680099 ], [ -80.392954490886197, 35.7240816590717 ], [ -80.395740027150893, 35.725171720477803 ], [ -80.406697119669801, 35.722179820922896 ], [ -80.415193482820996, 35.722987010763703 ], [ -80.442718093159399, 35.734978550409302 ], [ -80.451801960579701, 35.734262250103598 ], [ -80.455127248510294, 35.735817644673403 ], [ -80.459489014926604, 35.7466302761663 ], [ -80.457428979089798, 35.754040858023899 ], [ -80.452644251914293, 35.758270840124602 ], [ -80.450794185063501, 35.7670975050439 ], [ -80.454995221234, 35.7730562062834 ], [ -80.471650741317404, 35.783110728402001 ], [ -80.476705691913395, 35.7891000870111 ], [ -80.474787175482007, 35.796874247768301 ], [ -80.465862298683504, 35.801206872983897 ], [ -80.464757529963194, 35.806634305084998 ], [ -80.472340139718099, 35.825549726985599 ], [ -80.477503589470004, 35.830671845976397 ], [ -80.485773699539905, 35.8306234676093 ], [ -80.487556736465393, 35.833240963980899 ], [ -80.482829150553002, 35.840058368277603 ], [ -80.476431942406904, 35.843849724512303 ], [ -80.472590150189305, 35.841382143169398 ], [ -80.462559079805203, 35.826971471221398 ], [ -80.455171203202298, 35.827289401120098 ], [ -80.446447445711101, 35.836667069152497 ], [ -80.438357637326703, 35.832131117882902 ], [ -80.4361870326413, 35.828505604699203 ], [ -80.432015727127805, 35.828283463904803 ], [ -80.427661519978898, 35.833289616687303 ], [ -80.424197404995795, 35.851053562228103 ], [ -80.420736032638303, 35.852669132737198 ], [ -80.414151987539299, 35.851493885996398 ], [ -80.407598897857696, 35.845467224878398 ], [ -80.398826278903499, 35.841353824408998 ], [ -80.393601167948106, 35.841684894542198 ], [ -80.388920654929294, 35.844648735288501 ], [ -80.385787367675505, 35.8545944153365 ], [ -80.390044259409507, 35.868284322051998 ], [ -80.395378974179906, 35.871603208293799 ], [ -80.407206742637996, 35.8747949439392 ], [ -80.416648514947596, 35.881038432150397 ], [ -80.410663918952196, 35.890110186245202 ], [ -80.407862732496099, 35.891488214859699 ], [ -80.390890474907593, 35.892141923123901 ], [ -80.378422424116394, 35.885325703211699 ], [ -80.373135385589407, 35.884446514816297 ], [ -80.368880281754798, 35.886997900192 ], [ -80.365130246999399, 35.893674304603103 ], [ -80.375030165534397, 35.911838876509002 ], [ -80.374027608435, 35.916940665190403 ], [ -80.369414258931499, 35.923407785256799 ], [ -80.368347500045303, 35.927587051155399 ], [ -80.375298781503702, 35.939650898921897 ], [ -80.374582471504596, 35.954805093325902 ], [ -80.378331052459501, 35.9625653450302 ], [ -80.390057502190103, 35.966959511866797 ], [ -80.394309777204597, 35.972769385357701 ], [ -80.345626629555397, 35.990875102833002 ], [ -80.330210910242101, 35.9910439605652 ], [ -80.330301934287405, 35.996563674243397 ], [ -80.213845377806095, 35.996706306667498 ], [ -80.213732884474396, 36.0268149967036 ], [ -80.149410047611894, 36.0267752278328 ], [ -80.043271166088999, 36.010612573682103 ], [ -80.047084343396307, 35.914589713064601 ], [ -80.059937460812293, 35.678685203666198 ], [ -80.066828655303098, 35.5058479891076 ], [ -80.182565505979497, 35.504156394772401 ] ] ] } },
{ "type": "Feature", "properties": { "OBJECTID": 30, "County": "Davie", "FIPS": "059", "Rec_Survey": "Recorded survey data is available. Visit North Carolina Geodetic Survey for information. https://ncgs.state.nc.us", "NCGS_url": "https://ncem-gis.maps.arcgis.com/apps/webappviewer/index.html?id=8f3edbd62c004edd8b4fe3640f224738", "ck_date": "2025-01-13T00:00:00Z", "Shape__Area": 7430140625.7437744, "Shape__Length": 480031.62069001101, "GlobalID": "00224493-750b-4496-9b4c-96f16755f617" }, "geometry": { "type": "Polygon", "coordinates": [ [ [ -80.458887071209801, 35.743038421363799 ], [ -80.461874171019502, 35.750691041762302 ], [ -80.468762046257098, 35.757388988812103 ], [ -80.471420942494802, 35.767841080816297 ], [ -80.478302663218301, 35.774778486907501 ], [ -80.484891829250003, 35.775647651230003 ], [ -80.487264919929103, 35.771106841562897 ], [ -80.487221190675001, 35.766292981584201 ], [ -80.489629778364403, 35.769607018828403 ], [ -80.491893161800803, 35.778738634291898 ], [ -80.496576945570396, 35.782754875177602 ], [ -80.501923523597995, 35.782986375020201 ], [ -80.508136610605106, 35.774616107461497 ], [ -80.514983193513899, 35.7782814337912 ], [ -80.520738118018301, 35.784421989139197 ], [ -80.528073646260793, 35.783412133871202 ], [ -80.532887898262899, 35.7852554759436 ], [ -80.534243424423394, 35.787064014767097 ], [ -80.533644566453304, 35.791249586212103 ], [ -80.537651516401098, 35.790145426048198 ], [ -80.543286773620196, 35.792562197356801 ], [ -80.546804998528103, 35.7983595086856 ], [ -80.554779790230498, 35.8004278326299 ], [ -80.562178896636198, 35.809941045588999 ], [ -80.568279267017601, 35.812303751612497 ], [ -80.570385856571093, 35.816303370918298 ], [ -80.586708112117904, 35.823180436163803 ], [ -80.590216653934505, 35.821262145982701 ], [ -80.587520645484503, 35.819247404553003 ], [ -80.591332007991397, 35.817439883897599 ], [ -80.594503566911101, 35.823767174670401 ], [ -80.594222953644305, 35.827390758566203 ], [ -80.599521656261999, 35.827300447626399 ], [ -80.601579458097603, 35.823408349363902 ], [ -80.6035350762684, 35.8263140311659 ], [ -80.604170998595706, 35.823681997529299 ], [ -80.609583043972904, 35.823188124984597 ], [ -80.612618260673898, 35.825646468020601 ], [ -80.610113966111101, 35.828793546201901 ], [ -80.611071738719005, 35.831399328904901 ], [ -80.622538734773102, 35.839112941823601 ], [ -80.631056705680507, 35.838608024254597 ], [ -80.631498556130197, 35.845748048630803 ], [ -80.642317071378301, 35.844199632136799 ], [ -80.650047453498303, 35.846494590195597 ], [ -80.660091044993905, 35.844793381812899 ], [ -80.671300387331399, 35.846538817423699 ], [ -80.672931395687598, 35.849854706850699 ], [ -80.669513221644195, 35.852394842635498 ], [ -80.668813174860404, 35.856326880536997 ], [ -80.672107173565195, 35.855822732199798 ], [ -80.6744050652933, 35.857778488777399 ], [ -80.676861402148702, 35.855945194292801 ], [ -80.687370141795796, 35.859774787108002 ], [ -80.691812945372703, 35.863515693264098 ], [ -80.693246701864993, 35.853694834378402 ], [ -80.696521547719996, 35.854577759480698 ], [ -80.700041151784603, 35.850501917988304 ], [ -80.707473581430506, 35.852072372172302 ], [ -80.693200220641899, 36.051267289986001 ], [ -80.495553784220505, 36.045971625011298 ], [ -80.491911967433595, 36.043373265667398 ], [ -80.488403627934005, 36.0430277434007 ], [ -80.474724874469601, 36.050401427835702 ], [ -80.475048305291907, 36.057059309120397 ], [ -80.473024351843605, 36.060323576436602 ], [ -80.464224243495394, 36.062662022798101 ], [ -80.4591996139401, 36.058632848940803 ], [ -80.455892362514206, 36.047532961271799 ], [ -80.447127525016995, 36.038888166242401 ], [ -80.442396465345098, 36.031105266584099 ], [ -80.418394974651406, 36.016312132441001 ], [ -80.413405601087206, 36.001617607712902 ], [ -80.421775829770496, 35.994239660533502 ], [ -80.4217705974918, 35.988014624045803 ], [ -80.410469004457198, 35.979639295895304 ], [ -80.393684986094399, 35.972415367289301 ], [ -80.390057502190103, 35.966959511866797 ], [ -80.380261478745595, 35.964087353033698 ], [ -80.375298931265505, 35.956591188034601 ], [ -80.374148992742903, 35.952692443188297 ], [ -80.375298781503702, 35.939650898921897 ], [ -80.368347500045303, 35.927587051155399 ], [ -80.369414258931499, 35.923407785256799 ], [ -80.374027608435, 35.916940665190403 ], [ -80.375030165534397, 35.911838876509002 ], [ -80.365083054681605, 35.8939147548043 ], [ -80.368560346086298, 35.887397881737499 ], [ -80.372252967083995, 35.8845399020191 ], [ -80.378035296625399, 35.885163177184999 ], [ -80.389892636380694, 35.8918612208723 ], [ -80.396711925713404, 35.892763873079097 ], [ -80.409365618125406, 35.8909701430754 ], [ -80.415866765303804, 35.883582367448902 ], [ -80.416536164295394, 35.880476432317003 ], [ -80.4114795934764, 35.877030070346898 ], [ -80.393399034884396, 35.870812185807601 ], [ -80.390044259409507, 35.868284322051998 ], [ -80.385770914476694, 35.853634897537503 ], [ -80.388639933427598, 35.845079632404598 ], [ -80.392456488212403, 35.842136102775498 ], [ -80.399959577645106, 35.841726784971101 ], [ -80.407598897857696, 35.845467224878398 ], [ -80.414151987539299, 35.851493885996398 ], [ -80.420736032638303, 35.852669132737198 ], [ -80.424197404995795, 35.851053562228103 ], [ -80.427661519978898, 35.833289616687303 ], [ -80.432015727127805, 35.828283463904803 ], [ -80.4361870326413, 35.828505604699203 ], [ -80.438357637326703, 35.832131117882902 ], [ -80.446447445711101, 35.836667069152497 ], [ -80.455171203202298, 35.827289401120098 ], [ -80.462559079805203, 35.826971471221398 ], [ -80.472590150189305, 35.841382143169398 ], [ -80.476431942406904, 35.843849724512303 ], [ -80.482829150553002, 35.840058368277603 ], [ -80.487236190162804, 35.833912513922598 ], [ -80.486134804258995, 35.830765111491097 ], [ -80.478471451755794, 35.831087808355498 ], [ -80.472340139718099, 35.825549726985599 ], [ -80.464757529963194, 35.806634305084998 ], [ -80.465862298683504, 35.801206872983897 ], [ -80.474787175482007, 35.796874247768301 ], [ -80.476705691913395, 35.7891000870111 ], [ -80.471650741317404, 35.783110728402001 ], [ -80.454995221234, 35.7730562062834 ], [ -80.450794185063501, 35.7670975050439 ], [ -80.452644251914293, 35.758270840124602 ], [ -80.458287709211206, 35.752006760045802 ], [ -80.458887071209801, 35.743038421363799 ] ] ] } },
{ "type": "Feature", "properties": { "OBJECTID": 31, "County": "Duplin", "FIPS": "061", "Rec_Survey": "Recorded survey data is available. Visit North Carolina Geodetic Survey for information. https://ncgs.state.nc.us", "NCGS_url": "https://ncem-gis.maps.arcgis.com/apps/webappviewer/index.html?id=8f3edbd62c004edd8b4fe3640f224738", "ck_date": "2025-01-13T00:00:00Z", "Shape__Area": 22861374053.407959, "Shape__Length": 673190.90881299984, "GlobalID": "e8b27a41-dace-459e-aeca-d33bdcca997b" }, "geometry": { "type": "Polygon", "coordinates": [ [ [ -78.020247598964801, 35.1937489613304 ], [ -78.017091305664096, 35.190891951420397 ], [ -78.006446787483299, 35.1907994235209 ], [ -78.000901931408507, 35.188978331651697 ], [ -77.994637720751797, 35.183163911803398 ], [ -77.984275840840695, 35.183894301904999 ], [ -77.981503677199598, 35.180264720364299 ], [ -77.978327723114404, 35.1707924508191 ], [ -77.970111364419495, 35.165929144964501 ], [ -77.953457283675505, 35.165521607318198 ], [ -77.945064567559399, 35.172404379713299 ], [ -77.936041404991997, 35.170987979002497 ], [ -77.930034500268803, 35.173563885212602 ], [ -77.925673260156501, 35.172926740937598 ], [ -77.913226672604694, 35.166153641325302 ], [ -77.909609328835501, 35.1623251836848 ], [ -77.908948791436899, 35.157124090685102 ], [ -77.903967757758295, 35.154607621574399 ], [ -77.898145092932594, 35.148883085657403 ], [ -77.892201336576207, 35.146322183947902 ], [ -77.891285186085, 35.1469651977295 ], [ -77.893597445456805, 35.1499201184808 ], [ -77.893910049682503, 35.154203903585 ], [ -77.887399299448006, 35.160715472974601 ], [ -77.834263928326806, 35.177858683834799 ], [ -77.769179284453998, 35.145581569587002 ], [ -77.749574364099502, 35.108615772060098 ], [ -77.747508486519294, 35.058230692633302 ], [ -77.749182867877707, 35.0581842731197 ], [ -77.748902147360894, 35.051335945355703 ], [ -77.747227974433898, 35.051382279675799 ], [ -77.746038736925101, 35.022344808025998 ], [ -77.731027728991904, 35.008143104205303 ], [ -77.674807094073898, 34.973905815715597 ], [ -77.680083442316899, 34.971146908656699 ], [ -77.653354483162801, 34.940541139444697 ], [ -77.651046441820597, 34.923346758320001 ], [ -77.666072158393504, 34.839576800763297 ], [ -77.677052232417395, 34.799631164254798 ], [ -77.678876796226206, 34.784879545851503 ], [ -77.680130107794696, 34.720602679456199 ], [ -77.921535113278196, 34.719751144390401 ], [ -77.930560320592093, 34.722998437028401 ], [ -77.935915158906695, 34.722410510759801 ], [ -77.935396250276895, 34.720752828660501 ], [ -77.937580198009698, 34.720237596444498 ], [ -77.938448725267605, 34.7233925696261 ], [ -77.940937167229805, 34.721031516661 ], [ -77.939702526414393, 34.720065272145703 ], [ -77.951609390459097, 34.717868321709197 ], [ -77.951997707521102, 34.7147244180725 ], [ -77.956013938080602, 34.715152256736303 ], [ -77.956085629948205, 34.716460310958198 ], [ -77.958815863777204, 34.715870004629302 ], [ -77.961538719077694, 34.719964005137001 ], [ -77.970057364965697, 34.7177423429887 ], [ -77.970248883257099, 34.719457173029902 ], [ -77.974056410484394, 34.719148398067396 ], [ -77.975436681504405, 34.718471037162402 ], [ -77.973216830298597, 34.717726449039098 ], [ -77.974622581069895, 34.714593315484002 ], [ -77.979399650686005, 34.7169397129842 ], [ -77.978674313149895, 34.715100134473602 ], [ -77.980985869608105, 34.713898207584698 ], [ -77.981594487763104, 34.715934290833303 ], [ -77.984766448386495, 34.714902739535901 ], [ -77.987275629927197, 34.717465785277199 ], [ -77.991949532699195, 34.715987264164397 ], [ -77.994471140702004, 34.717133345947097 ], [ -77.997911540653305, 34.721764931459298 ], [ -78.003064757557496, 34.724034060656898 ], [ -78.002634131925106, 34.726115073243001 ], [ -78.008195317305805, 34.726480946926102 ], [ -78.0075504099527, 34.728671849573502 ], [ -78.010478095877502, 34.729808044103201 ], [ -78.009532223634594, 34.731532763200498 ], [ -78.012683908627196, 34.7326363908481 ], [ -78.014333410997907, 34.731194632956402 ], [ -78.016075847908098, 34.732562407240998 ], [ -78.023521436987906, 34.730451645037 ], [ -78.025253606627103, 34.726326882621201 ], [ -78.028825774442396, 34.726784631020401 ], [ -78.029698673528202, 34.724762860694497 ], [ -78.032438136372804, 34.727554222442699 ], [ -78.036019589337698, 34.725813049954503 ], [ -78.036715471878196, 34.7274069719493 ], [ -78.0392299036791, 34.726150340540201 ], [ -78.040613019252504, 34.727622610454297 ], [ -78.052003235958196, 34.725127538705301 ], [ -78.056327291430804, 34.727026647725097 ], [ -78.066199654365505, 34.727873496242999 ], [ -78.081569783020697, 34.7225855199964 ], [ -78.087135490879803, 34.726076055591001 ], [ -78.094099814487393, 34.724020583912001 ], [ -78.1020041033415, 34.725611661176799 ], [ -78.113511010098406, 34.722137058843799 ], [ -78.128600444886402, 34.7113250722348 ], [ -78.135204918495404, 34.710206987194802 ], [ -78.150547508633693, 34.721966502207799 ], [ -78.198646051970798, 34.7416384080027 ], [ -78.147131174427201, 34.9025128945906 ], [ -78.1598206001687, 35.079806626816499 ], [ -78.171848164537906, 35.093535404850599 ], [ -78.170720334012898, 35.114881933808 ], [ -78.163005386545294, 35.1372684743273 ], [ -78.164627566646899, 35.169116608272702 ], [ -78.163422884833906, 35.189723466390497 ], [ -78.077391721496397, 35.175142318534199 ], [ -78.044367895568499, 35.1925698140316 ], [ -78.033796609443698, 35.1918150223838 ], [ -78.020247598964801, 35.1937489613304 ] ] ] } },
{ "type": "Feature", "properties": { "OBJECTID": 32, "County": "Durham", "FIPS": "063", "Rec_Survey": "Recorded survey data is available. Visit North Carolina Geodetic Survey for information. https://ncgs.state.nc.us", "NCGS_url": "https://ncem-gis.maps.arcgis.com/apps/webappviewer/index.html?id=8f3edbd62c004edd8b4fe3640f224738", "ck_date": "2025-01-13T00:00:00Z", "Shape__Area": 8303354396.4638672, "Shape__Length": 430704.88455986569, "GlobalID": "c8b99220-ee9f-4282-90ab-f49cb3fce281" }, "geometry": { "type": "Polygon", "coordinates": [ [ [ -78.802337974620002, 36.235801593601998 ], [ -78.805318366684205, 36.093923306674903 ], [ -78.803057660350703, 36.089567393172999 ], [ -78.807577870318994, 36.087457512379203 ], [ -78.798314909330003, 36.084617275571802 ], [ -78.792580797987299, 36.085976190367901 ], [ -78.790816261012793, 36.081107237921302 ], [ -78.793092535889897, 36.0776968135198 ], [ -78.789337779983398, 36.078836438292399 ], [ -78.784888699820598, 36.076737654583397 ], [ -78.788115791193704, 36.072923332964002 ], [ -78.783797462091897, 36.070024817273399 ], [ -78.780416357721506, 36.072330639914497 ], [ -78.751276497898303, 36.070840427815199 ], [ -78.754288316233001, 36.056344927054198 ], [ -78.753597676080105, 36.031369612846802 ], [ -78.740191669089995, 36.023568090294397 ], [ -78.719955113838793, 36.029597150319503 ], [ -78.707441376670303, 36.011113022312301 ], [ -78.699319604630304, 36.011454824630498 ], [ -78.7170182283527, 35.9612721460907 ], [ -78.741711021975604, 35.933912432068801 ], [ -78.749902031649, 35.932932266476001 ], [ -78.759108616071799, 35.918400547971999 ], [ -78.804843391592598, 35.927550540393703 ], [ -78.829967927251204, 35.866984416454301 ], [ -78.906075143476997, 35.868103708433203 ], [ -79.016303641266703, 35.863216684505097 ], [ -78.950600122330698, 36.239327820603201 ], [ -78.802337974620002, 36.235801593601998 ] ] ] } },
{ "type": "Feature", "properties": { "OBJECTID": 33, "County": "Edgecombe", "FIPS": "065", "Rec_Survey": "No recent survey data available", "NCGS_url": " ", "ck_date": "2011-11-29T00:00:00Z", "Shape__Area": 14129036626.410278, "Shape__Length": 592139.86757307989, "GlobalID": "cefc6e9c-af6c-46ac-9a4b-d24935cdc8b1" }, "geometry": { "type": "Polygon", "coordinates": [ [ [ -77.665133775715105, 35.674941830837298 ], [ -77.674834912219396, 35.689105132509503 ], [ -77.7184385367662, 35.728829790309597 ], [ -77.750422460101504, 35.817885975992901 ], [ -77.749432444893998, 35.821066755995702 ], [ -77.751341555237701, 35.827800809713899 ], [ -77.806580413029195, 35.857478180163099 ], [ -77.821830342417698, 35.861851706825497 ], [ -77.828443639481605, 35.867166999789198 ], [ -77.819580082450699, 35.884070250643397 ], [ -77.778549848950504, 35.982518405355101 ], [ -77.770855371320906, 36.008755073306602 ], [ -77.741766930386007, 36.061396733040802 ], [ -77.707721137767095, 36.113691418302402 ], [ -77.705555160669405, 36.120851627481002 ], [ -77.7024836802143, 36.1478704104995 ], [ -77.697927626126003, 36.153145356354898 ], [ -77.693322038914999, 36.151007730767503 ], [ -77.686526412144701, 36.153155843544504 ], [ -77.682725483891403, 36.1514630282689 ], [ -77.682953141070101, 36.153410098146402 ], [ -77.679651865208399, 36.154545125913003 ], [ -77.677902663321404, 36.153930001888199 ], [ -77.678939300609301, 36.150730250427998 ], [ -77.672107478927401, 36.1485120361627 ], [ -77.676869347040594, 36.144209403820597 ], [ -77.671698850584704, 36.143048426317399 ], [ -77.672250370683599, 36.141074224082701 ], [ -77.668398191242304, 36.139476121064803 ], [ -77.670523544985301, 36.139124522114898 ], [ -77.6700642677133, 36.137144813469199 ], [ -77.668089514466104, 36.137766078780899 ], [ -77.667335818821797, 36.136477860672699 ], [ -77.665743881716494, 36.138804467267398 ], [ -77.663319899338205, 36.136034736565101 ], [ -77.661619956697095, 36.138365584976903 ], [ -77.659400140720905, 36.136800076167397 ], [ -77.655638373369101, 36.138997458086699 ], [ -77.655567322511402, 36.137097166316401 ], [ -77.652580478657697, 36.1378834705637 ], [ -77.651097609064493, 36.1352824790753 ], [ -77.650069898216302, 36.138096480491797 ], [ -77.648495119859206, 36.136960452574002 ], [ -77.643834981614603, 36.138058998253101 ], [ -77.643442167959094, 36.135472247205797 ], [ -77.640862018590596, 36.133237691207199 ], [ -77.636373440410296, 36.1317807084828 ], [ -77.635417095384, 36.129313168110201 ], [ -77.636607681310906, 36.127771291567797 ], [ -77.634592208124801, 36.127008261638302 ], [ -77.633553593863695, 36.128447278246298 ], [ -77.631839243116104, 36.127016719518103 ], [ -77.632084733150904, 36.124571904738701 ], [ -77.630278806792504, 36.123832866425403 ], [ -77.631615594303, 36.122792505523499 ], [ -77.629472402245796, 36.121942616618803 ], [ -77.631378857573196, 36.118981538567297 ], [ -77.6280801311988, 36.119602254104898 ], [ -77.630143707883207, 36.115434694086403 ], [ -77.627173558297301, 36.1150266796677 ], [ -77.628147703434493, 36.113699341032103 ], [ -77.626533225793096, 36.1114442467874 ], [ -77.625302545243002, 36.115201092953399 ], [ -77.624491535680406, 36.111783287749098 ], [ -77.622428357629005, 36.110770645387298 ], [ -77.620721131554106, 36.112186455781099 ], [ -77.619638447742503, 36.110554761589398 ], [ -77.614777033745497, 36.109438886114503 ], [ -77.610749726014802, 36.110101541179297 ], [ -77.610973328792994, 36.111255972553799 ], [ -77.6085632986116, 36.1105595508565 ], [ -77.610142325244198, 36.107663862820701 ], [ -77.605602353052802, 36.110417423636797 ], [ -77.604950073189798, 36.107473703270699 ], [ -77.600728015126194, 36.106517443850699 ], [ -77.599807522773602, 36.104204058512103 ], [ -77.595737273928506, 36.102487988576598 ], [ -77.5963954912215, 36.100879168404497 ], [ -77.594294590913094, 36.1012638181396 ], [ -77.593936040871895, 36.1044144261176 ], [ -77.592322632864295, 36.101965073247698 ], [ -77.590381334016698, 36.1022297967803 ], [ -77.589902612374104, 36.103893691150397 ], [ -77.587211845972504, 36.101753252234303 ], [ -77.586275502952105, 36.103433693423199 ], [ -77.5845141438719, 36.1026394653531 ], [ -77.5862319711255, 36.101972842996403 ], [ -77.585878235326305, 36.100233804860999 ], [ -77.583380955072798, 36.101686279880496 ], [ -77.581780318566302, 36.099462423659403 ], [ -77.5791942987601, 36.100771065586002 ], [ -77.579436069475506, 36.097956147010102 ], [ -77.576973548150505, 36.097712211358498 ], [ -77.576432288629704, 36.099748222585902 ], [ -77.574524372522703, 36.0998632960302 ], [ -77.5748792325453, 36.098266660352998 ], [ -77.570007960920094, 36.0969148372942 ], [ -77.569735263969605, 36.098564097530002 ], [ -77.563069980691907, 36.097378038864399 ], [ -77.560307332392298, 36.0944731982569 ], [ -77.557484920075098, 36.095454081513601 ], [ -77.557739460771003, 36.097440113728702 ], [ -77.553587556675893, 36.097982295970603 ], [ -77.553211696454198, 36.100085805483999 ], [ -77.541846813362596, 36.095301144096801 ], [ -77.540783643471698, 36.096185379960801 ], [ -77.538314272111194, 36.0940268394179 ], [ -77.538548408894798, 36.091094701257099 ], [ -77.535710098758798, 36.0921222315893 ], [ -77.533435575123505, 36.091058168659501 ], [ -77.533722942050602, 36.085132393426697 ], [ -77.531493835141305, 36.083777237064901 ], [ -77.532855911699897, 36.081266367941602 ], [ -77.534926130213506, 36.081485585982797 ], [ -77.533633385303006, 36.080190285408399 ], [ -77.535924084371999, 36.0803473296939 ], [ -77.534393828855798, 36.078951987400401 ], [ -77.535689378233499, 36.077898302211999 ], [ -77.5329091112458, 36.077249370661399 ], [ -77.532484149364294, 36.075397455466501 ], [ -77.530795732149002, 36.0761223922025 ], [ -77.532605956379399, 36.074183904066103 ], [ -77.530457514606994, 36.072797288864301 ], [ -77.528013267295506, 36.073415894785398 ], [ -77.525437391777999, 36.069237607896099 ], [ -77.529524989797807, 36.068863098569899 ], [ -77.536064031272204, 36.063314524529098 ], [ -77.538948180897293, 36.064807041328798 ], [ -77.540173989343501, 36.060982229030998 ], [ -77.535440773661307, 36.054818122314899 ], [ -77.532406066972001, 36.056142552077098 ], [ -77.531400928696897, 36.053311631569798 ], [ -77.533569893953498, 36.052446651317098 ], [ -77.531446211867305, 36.049731901890098 ], [ -77.529484019720499, 36.050501158081197 ], [ -77.529161209739996, 36.0473866582131 ], [ -77.526618311415405, 36.046512871314803 ], [ -77.525630321394701, 36.047825330486702 ], [ -77.522622114294506, 36.045100014646401 ], [ -77.524137253606696, 36.0441343109147 ], [ -77.524564621148102, 36.040003495823903 ], [ -77.5286766946585, 36.0407793166491 ], [ -77.529305980376293, 36.039428448068499 ], [ -77.526675482219503, 36.039208162604403 ], [ -77.526662317596703, 36.037581535919998 ], [ -77.522375833648397, 36.038816933720398 ], [ -77.517648058431405, 36.036782620679702 ], [ -77.474853858400294, 36.037782650492403 ], [ -77.467387300811495, 36.031629053794703 ], [ -77.454082431680305, 36.029629146694603 ], [ -77.439303063613394, 36.021219082353099 ], [ -77.437990455016603, 36.018504874564599 ], [ -77.4416402687512, 36.014690150705498 ], [ -77.435179332785907, 36.0131901698701 ], [ -77.427965521025897, 36.005298245445999 ], [ -77.421166053127607, 36.003613266945003 ], [ -77.408540172857698, 36.007002634803698 ], [ -77.402616827868201, 36.004973592297603 ], [ -77.4092022134476, 35.998694998076601 ], [ -77.342420277109298, 35.905269502938403 ], [ -77.344417672455904, 35.875335412094699 ], [ -77.349435373106502, 35.8674214362334 ], [ -77.350371185451394, 35.819235244651999 ], [ -77.390158573624802, 35.8330690463916 ], [ -77.391310140459794, 35.829307542511302 ], [ -77.397097305323001, 35.825200623648797 ], [ -77.409616409685199, 35.826410951067999 ], [ -77.4124975387288, 35.825105477139502 ], [ -77.413994388140196, 35.823047945390101 ], [ -77.414050955892705, 35.817723378602601 ], [ -77.417905415091596, 35.811214453030502 ], [ -77.425086794461293, 35.805513660795199 ], [ -77.445339923045097, 35.808912714237898 ], [ -77.448914837667601, 35.8068343981097 ], [ -77.452291200383797, 35.799907530925097 ], [ -77.472288539913393, 35.801102339560899 ], [ -77.516242990805296, 35.7613531673585 ], [ -77.545538739855502, 35.746083375214901 ], [ -77.665133775715105, 35.674941830837298 ] ] ] } },
{ "type": "Feature", "properties": { "OBJECTID": 34, "County": "Forsyth", "FIPS": "067", "Rec_Survey": "Recorded survey data is available. Visit North Carolina Geodetic Survey for information. https://ncgs.state.nc.us", "NCGS_url": "https://ncem-gis.maps.arcgis.com/apps/webappviewer/index.html?id=8f3edbd62c004edd8b4fe3640f224738", "ck_date": "2026-01-22T00:00:00Z", "Shape__Area": 11500356502.736298, "Shape__Length": 491894.5872532092, "GlobalID": "69b1f075-a103-466f-90d3-588d3db5a5c7" }, "geometry": { "type": "Polygon", "coordinates": [ [ [ -80.035122231594102, 36.257191316257497 ], [ -80.043271166088999, 36.010612573682103 ], [ -80.149410047611894, 36.0267752278328 ], [ -80.213732884474396, 36.0268149967036 ], [ -80.213845377806095, 35.996706306667498 ], [ -80.330301934287405, 35.996563674243397 ], [ -80.330210910242101, 35.9910439605652 ], [ -80.345626629555397, 35.990875102833002 ], [ -80.394309777204597, 35.972769385357701 ], [ -80.410469004457198, 35.979639295895304 ], [ -80.4217705974918, 35.988014624045803 ], [ -80.421775829770496, 35.994239660533502 ], [ -80.413405601087206, 36.001617607712902 ], [ -80.418150944585804, 36.015990546428498 ], [ -80.442396465345098, 36.031105266584099 ], [ -80.447127525016995, 36.038888166242401 ], [ -80.455892362514206, 36.047532961271799 ], [ -80.458936750631196, 36.058138480867797 ], [ -80.462615739659995, 36.062098831858897 ], [ -80.467674207205803, 36.062632775840697 ], [ -80.473024351843605, 36.060323576436602 ], [ -80.475048305291907, 36.057059309120397 ], [ -80.474724874469601, 36.050401427835702 ], [ -80.487673612701002, 36.043121581375203 ], [ -80.492755255540104, 36.043751268993802 ], [ -80.505319393203195, 36.052657598907999 ], [ -80.507859005236597, 36.056244206089801 ], [ -80.509517989139894, 36.072237385715901 ], [ -80.516685265293106, 36.084055073647399 ], [ -80.515583097571493, 36.093395136560403 ], [ -80.5101928952853, 36.098028623600101 ], [ -80.507282210530903, 36.107865321218299 ], [ -80.488032889727705, 36.116092859125899 ], [ -80.473289883964995, 36.1187770947719 ], [ -80.462329957453505, 36.118137605079397 ], [ -80.454007391273393, 36.122462507301599 ], [ -80.449449783590495, 36.129514909984898 ], [ -80.439049774071705, 36.137792460008903 ], [ -80.443035920848402, 36.1512675554401 ], [ -80.442863077210504, 36.1558955315964 ], [ -80.439097135410506, 36.160884576473102 ], [ -80.4368263678505, 36.169303138805198 ], [ -80.438527647635098, 36.175539979869498 ], [ -80.443683458983401, 36.180757544483001 ], [ -80.439589963792898, 36.1904874637981 ], [ -80.446370204825996, 36.207205898067201 ], [ -80.442890495811895, 36.212984744790397 ], [ -80.433127710825701, 36.2155901842833 ], [ -80.432147189945297, 36.217514239445002 ], [ -80.4374515136452, 36.229891311222303 ], [ -80.452325500441603, 36.241425968690798 ], [ -80.451699758959407, 36.261509403872601 ], [ -80.035122231594102, 36.257191316257497 ] ] ] } },
{ "type": "Feature", "properties": { "OBJECTID": 35, "County": "Franklin", "FIPS": "069", "Rec_Survey": "Recorded survey data is available. Visit North Carolina Geodetic Survey for information. https://ncgs.state.nc.us", "NCGS_url": "https://ncem-gis.maps.arcgis.com/apps/webappviewer/index.html?id=8f3edbd62c004edd8b4fe3640f224738", "ck_date": "2025-06-23T00:00:00Z", "Shape__Area": 13787248884.716675, "Shape__Length": 586071.13792459643, "GlobalID": "78d68274-46e0-4549-9e91-3deb4564a3f9" }, "geometry": { "type": "Polygon", "coordinates": [ [ [ -78.255976362606503, 35.818127553588099 ], [ -78.255136046401304, 35.822460523941501 ], [ -78.256917185305397, 35.823599573307398 ], [ -78.254714322842204, 35.824370554987098 ], [ -78.253913305265797, 35.828125749771303 ], [ -78.258194822283698, 35.831045733705501 ], [ -78.269826724959401, 35.844996703778499 ], [ -78.270176106830505, 35.850863918810198 ], [ -78.278016704896004, 35.867342116691901 ], [ -78.281107682016199, 35.868135809031003 ], [ -78.284318358755897, 35.874585375543802 ], [ -78.289943952587507, 35.876603686869103 ], [ -78.291083710682898, 35.880572592484903 ], [ -78.295375375942101, 35.881391919714197 ], [ -78.297023742938705, 35.886835385185698 ], [ -78.301332341173904, 35.887777717438198 ], [ -78.303025315007503, 35.890595610838702 ], [ -78.305074241567894, 35.891055230617802 ], [ -78.303658350964795, 35.892151603141002 ], [ -78.307729552767896, 35.894812116251302 ], [ -78.3071272225108, 35.896725377081999 ], [ -78.312992424908501, 35.897328455612602 ], [ -78.319523525888997, 35.894276871550097 ], [ -78.3206244534409, 35.896009082867899 ], [ -78.328503012233796, 35.896733144775702 ], [ -78.331523595036799, 35.897941464174899 ], [ -78.335510410481902, 35.905826343133903 ], [ -78.343906550333401, 35.906805010061298 ], [ -78.350377256655904, 35.909524462175803 ], [ -78.353279685818194, 35.931063692216398 ], [ -78.394333340178903, 35.9368833594921 ], [ -78.426866406025098, 35.975018936785403 ], [ -78.493436987254597, 36.002636659434401 ], [ -78.546416991356196, 36.021832843575098 ], [ -78.544814239625296, 36.080853532345202 ], [ -78.495552444488197, 36.175527372654699 ], [ -78.495347087103895, 36.181059416509498 ], [ -78.492352838884202, 36.183948946792199 ], [ -78.484532186427501, 36.179015565631801 ], [ -78.485611033517998, 36.175100716269398 ], [ -78.4668045556148, 36.172563907715002 ], [ -78.460814297901294, 36.1700511867081 ], [ -78.460418779959298, 36.165955436761102 ], [ -78.457911330448695, 36.163668581328103 ], [ -78.454016153722307, 36.168004173106901 ], [ -78.449860586675499, 36.169117450146899 ], [ -78.431820074440594, 36.166693082613499 ], [ -78.432359480771098, 36.164383667547803 ], [ -78.421525997945494, 36.164423285199803 ], [ -78.422011598844804, 36.168098156142698 ], [ -78.418131622618205, 36.167465683225402 ], [ -78.4165560519059, 36.169342643595598 ], [ -78.412098155455794, 36.169604290747301 ], [ -78.378142220951503, 36.235071871112901 ], [ -78.3381108426004, 36.234455542259902 ], [ -78.332623155126697, 36.241646790259999 ], [ -78.314898602052494, 36.256134127939397 ], [ -78.306973627447803, 36.266198002062097 ], [ -78.235707475925807, 36.258288134768399 ], [ -78.230375745586997, 36.255952491650397 ], [ -78.224791412935602, 36.256554321516603 ], [ -78.2157313375901, 36.251906890190597 ], [ -78.198386656084196, 36.251587971941603 ], [ -78.193924931518296, 36.246779512095401 ], [ -78.188944368466693, 36.2477305057729 ], [ -78.173174471326206, 36.255498509154002 ], [ -78.161950600869503, 36.247864917622202 ], [ -78.160877073187706, 36.245610206155 ], [ -78.156985965152103, 36.2444228862893 ], [ -78.148729357197197, 36.246923883015697 ], [ -78.142343769616105, 36.246044957060697 ], [ -78.137643679670603, 36.247576453943203 ], [ -78.136259439014395, 36.245925770185202 ], [ -78.132741214774299, 36.246288224402399 ], [ -78.130762899697501, 36.240431592297703 ], [ -78.124972990144698, 36.235248437948599 ], [ -78.126622351822505, 36.233288028509399 ], [ -78.125706666455002, 36.226331476430801 ], [ -78.123028020187604, 36.226265422023701 ], [ -78.121702928837607, 36.224000560835997 ], [ -78.118909867274596, 36.224167441528202 ], [ -78.114841618718998, 36.216699922068997 ], [ -78.112029603155094, 36.217506043539601 ], [ -78.110552806214102, 36.216078528567799 ], [ -78.110071673357496, 36.2102110446151 ], [ -78.104909577574901, 36.210685061211599 ], [ -78.102684216914298, 36.208946973630603 ], [ -78.098367806014593, 36.210833864659598 ], [ -78.097430619468398, 36.208928051883603 ], [ -78.094272345801699, 36.210321541559203 ], [ -78.091608331916106, 36.207694496876798 ], [ -78.084917432074903, 36.2092386064569 ], [ -78.082790250886006, 36.212764714059702 ], [ -78.077017127826693, 36.211471802084198 ], [ -78.074720805079906, 36.214898108272301 ], [ -78.071330821882995, 36.215285693415296 ], [ -78.071012377321296, 36.216591859480502 ], [ -78.069307163538596, 36.215044041480198 ], [ -78.064203530335107, 36.215659451769497 ], [ -78.063738465250907, 36.213914401547697 ], [ -78.060919421352594, 36.214247023451698 ], [ -78.056808392349197, 36.210929219228198 ], [ -78.044911814960301, 36.215471194882099 ], [ -78.043302672701799, 36.214051662722298 ], [ -78.045431828508299, 36.212553067346597 ], [ -78.037205082058307, 36.210511039083499 ], [ -78.038948140984104, 36.2088324205547 ], [ -78.035597210943493, 36.206980943805398 ], [ -78.031180496647593, 36.209012280193498 ], [ -78.030470716113101, 36.2145460322972 ], [ -78.028762654794306, 36.2102869638721 ], [ -78.024695405772803, 36.209487202673103 ], [ -78.025172889128697, 36.208133220791801 ], [ -78.023835834120604, 36.208329192506397 ], [ -78.021424959310295, 36.205033552373301 ], [ -78.018561126234403, 36.2050696623932 ], [ -78.016719570148496, 36.207829503395999 ], [ -78.015817144752006, 36.206218490711898 ], [ -78.014470205068307, 36.207221083459999 ], [ -78.014094989218094, 36.205166622767003 ], [ -78.011669028669104, 36.206101455222097 ], [ -78.008722228664098, 36.204990423876502 ], [ -78.006553347884093, 36.2026398380535 ], [ -78.1821894440601, 35.938753591104103 ], [ -78.255976362606503, 35.818127553588099 ] ] ] } },
{ "type": "Feature", "properties": { "OBJECTID": 36, "County": "Gaston", "FIPS": "071", "Rec_Survey": "Recorded survey data is available. Visit North Carolina Geodetic Survey for information. https://ncgs.state.nc.us", "NCGS_url": "https://ncem-gis.maps.arcgis.com/apps/webappviewer/index.html?id=8f3edbd62c004edd8b4fe3640f224738", "ck_date": "2026-02-26T00:00:00Z", "Shape__Area": 10141017359.744263, "Shape__Length": 496464.06758506142, "GlobalID": "50519780-f252-44f1-85ec-943db1ef8be1" }, "geometry": { "type": "Polygon", "coordinates": [ [ [ -80.954692962425298, 35.3942847582423 ], [ -80.956843856744996, 35.391465132064802 ], [ -80.967975443622194, 35.387572930030998 ], [ -80.977536466991097, 35.382105166555199 ], [ -80.986139869354801, 35.3805886721996 ], [ -80.986787162060494, 35.375696818258 ], [ -80.983703023365706, 35.368357586078098 ], [ -80.979620356346501, 35.365226080684401 ], [ -80.973836404980801, 35.363946494874902 ], [ -80.968096362460301, 35.367681341370201 ], [ -80.964024935541204, 35.374198830786703 ], [ -80.960164187719499, 35.375419601977399 ], [ -80.957707551880702, 35.374593727289998 ], [ -80.954932408671198, 35.369815000393402 ], [ -80.951061292732803, 35.367011313613098 ], [ -80.935879880070402, 35.362116751876101 ], [ -80.926846377192803, 35.3625196348912 ], [ -80.923045486098502, 35.359923422300199 ], [ -80.926476074614499, 35.357886198533102 ], [ -80.934202445614403, 35.356941231943303 ], [ -80.942927298426, 35.350755084790599 ], [ -80.954558363260702, 35.350682329613498 ], [ -80.962144715409494, 35.347053106054197 ], [ -80.967091033577105, 35.3508010768087 ], [ -80.970624575373805, 35.351330171344202 ], [ -80.973005467201304, 35.349886137047697 ], [ -80.975115652236695, 35.344716280555602 ], [ -80.984897693252606, 35.340065800479501 ], [ -80.985306035652897, 35.3372262030014 ], [ -80.981307084842896, 35.332279694561002 ], [ -80.980947643062393, 35.328829301273601 ], [ -80.990167212012594, 35.3195582263265 ], [ -80.995390070399395, 35.309478960193999 ], [ -81.001164650154394, 35.304935260764601 ], [ -81.008999347528203, 35.281049538145702 ], [ -81.015052985487102, 35.268662266633299 ], [ -81.013953184902704, 35.258008910693597 ], [ -81.008237179145297, 35.2484802384513 ], [ -81.0141563193975, 35.2221262589091 ], [ -81.005377786749406, 35.2083913016926 ], [ -81.0061438215549, 35.195088939811697 ], [ -81.002443868083901, 35.182071430680601 ], [ -81.003415745983901, 35.171957904096303 ], [ -81.007309344058498, 35.165182346328798 ], [ -81.005809370603799, 35.157029682887099 ], [ -81.009807401273804, 35.153035390826098 ], [ -81.016874621007105, 35.154368520117004 ], [ -81.024724118019705, 35.148883548609 ], [ -81.033903150715503, 35.148698591414899 ], [ -81.1475160480733, 35.1559683450661 ], [ -81.328084891609393, 35.163477887467799 ], [ -81.323670006019995, 35.189607010960799 ], [ -81.3242664908135, 35.241271374505203 ], [ -81.321731691208598, 35.260451026774803 ], [ -81.353650593261904, 35.277428538029703 ], [ -81.355155635935205, 35.279520210989403 ], [ -81.356267198620202, 35.2870244861355 ], [ -81.355376619113301, 35.296240320459198 ], [ -81.366637120444096, 35.315120619181997 ], [ -81.364053560648699, 35.3231688355093 ], [ -81.356686692504695, 35.330608284096698 ], [ -81.382835401758101, 35.346077635026703 ], [ -81.398923320530997, 35.353136060310298 ], [ -81.455326632940597, 35.418900313666903 ], [ -81.203038704209206, 35.4108557216733 ], [ -80.955594641188597, 35.401363245210803 ], [ -80.954692962425298, 35.3942847582423 ] ] ] } },
{ "type": "Feature", "properties": { "OBJECTID": 37, "County": "Gates", "FIPS": "073", "Rec_Survey": "No recent survey data available", "NCGS_url": " ", "ck_date": "2011-11-29T00:00:00Z", "Shape__Area": 9640705372.4326172, "Shape__Length": 444604.36955903395, "GlobalID": "41188bc1-ec49-4293-90fc-dd494b3777f2" }, "geometry": { "type": "Polygon", "coordinates": [ [ [ -76.696577725912107, 36.296188411323499 ], [ -76.699592193495306, 36.299676540510298 ], [ -76.7133123618908, 36.3055861826765 ], [ -76.725944894411398, 36.318296774161901 ], [ -76.736479488002104, 36.324841847998698 ], [ -76.760202280451196, 36.351678794029802 ], [ -76.7685475020631, 36.353754055448597 ], [ -76.778318925911904, 36.362019720864303 ], [ -76.784768146568595, 36.362745911616699 ], [ -76.789932993317393, 36.3600844281832 ], [ -76.795410861306806, 36.359723983997597 ], [ -76.822693339940201, 36.364454301570603 ], [ -76.831736221964405, 36.371463508135101 ], [ -76.839172146607496, 36.374411190266898 ], [ -76.852146382694002, 36.375619071963797 ], [ -76.874093787594504, 36.383197538525302 ], [ -76.8828418436905, 36.383026092746199 ], [ -76.893607555610203, 36.390134705188203 ], [ -76.907889412934097, 36.390738683374103 ], [ -76.930019039209, 36.399935444093501 ], [ -76.943204134050006, 36.4094877477431 ], [ -76.947239686306503, 36.416081375514501 ], [ -76.9452032870621, 36.441446332376103 ], [ -76.949034539950603, 36.457290022253403 ], [ -76.946744717489295, 36.465769714830998 ], [ -76.950608501075905, 36.470797000524399 ], [ -76.947082683606297, 36.472357265057603 ], [ -76.934364687905898, 36.471275681629898 ], [ -76.933341676134603, 36.473429700305601 ], [ -76.936362979407093, 36.4801429898924 ], [ -76.935203384348895, 36.484019289975699 ], [ -76.925263713134001, 36.488268780919597 ], [ -76.920006913371395, 36.504887241063699 ], [ -76.912427814487401, 36.504413831346703 ], [ -76.9066597202483, 36.510155499616403 ], [ -76.906561450303798, 36.515681069359303 ], [ -76.903137715467494, 36.519102841728802 ], [ -76.904380592660999, 36.521883630749002 ], [ -76.916226450725603, 36.530753391095303 ], [ -76.922638555718294, 36.528790975696502 ], [ -76.924993184802403, 36.5307512797065 ], [ -76.923918361772394, 36.532324953659497 ], [ -76.920010603918797, 36.532345725423497 ], [ -76.921466601600997, 36.538456023114698 ], [ -76.916748490479605, 36.538548704841197 ], [ -76.914316875748995, 36.541679939589798 ], [ -76.914146581776805, 36.543471009032402 ], [ -76.917228566071401, 36.546259941894498 ], [ -76.915901503696503, 36.5521564201659 ], [ -76.541968134853505, 36.550660385667797 ], [ -76.491322558974602, 36.510670950483103 ], [ -76.491385489301194, 36.4686682675515 ], [ -76.453703342471997, 36.378101185925203 ], [ -76.539234543002195, 36.357273683822697 ], [ -76.556882803278796, 36.355211007747599 ], [ -76.570790877998206, 36.3342520799726 ], [ -76.575956782773204, 36.335343915775603 ], [ -76.586037199120199, 36.333598781937603 ], [ -76.592787958545301, 36.330299117237203 ], [ -76.594096917354904, 36.324796512294 ], [ -76.5966056334385, 36.323266207074298 ], [ -76.613074369489098, 36.323972744517299 ], [ -76.622843507173499, 36.328860580075798 ], [ -76.6393127149815, 36.3298065736086 ], [ -76.642508731412903, 36.322942609450102 ], [ -76.642219510188994, 36.319808427183503 ], [ -76.646880375926102, 36.320090368353704 ], [ -76.649718071095506, 36.317957815059302 ], [ -76.651567168941199, 36.310622275982901 ], [ -76.654618188573806, 36.310690826265699 ], [ -76.654315696749407, 36.314198406847702 ], [ -76.657657271160204, 36.314702751170103 ], [ -76.659378143088702, 36.313130821663897 ], [ -76.662509640023401, 36.314516956685701 ], [ -76.664368937024804, 36.3136614058173 ], [ -76.665085763313797, 36.315983555773101 ], [ -76.667470976963102, 36.313806545419901 ], [ -76.669854143394303, 36.3153554269322 ], [ -76.672338278917906, 36.312456275341198 ], [ -76.672078585303694, 36.3105276048272 ], [ -76.673743743468407, 36.311080660346697 ], [ -76.674908225926998, 36.308961332957502 ], [ -76.672271573778005, 36.306997664301797 ], [ -76.675948666890605, 36.306267581965898 ], [ -76.675492069784397, 36.304446554267301 ], [ -76.672280286929606, 36.303788209549801 ], [ -76.675830014928394, 36.303243027852801 ], [ -76.675174017385302, 36.301403027613901 ], [ -76.680603852611796, 36.300017553902997 ], [ -76.683323780156798, 36.301476374854701 ], [ -76.696577725912107, 36.296188411323499 ] ] ] } },
{ "type": "Feature", "properties": { "OBJECTID": 38, "County": "Graham", "FIPS": "075", "Rec_Survey": "No recent survey data available", "NCGS_url": " ", "ck_date": "2011-11-29T00:00:00Z", "Shape__Area": 8407157625.7972107, "Shape__Length": 476642.88635455485, "GlobalID": "d41cba84-bc27-404a-9f6e-3b836dd657a7" }, "geometry": { "type": "Polygon", "coordinates": [ [ [ -83.702779487126506, 35.248522604205597 ], [ -83.704361465404403, 35.249166974060302 ], [ -83.703167987793506, 35.251544508708498 ], [ -83.707852549227297, 35.255146137910401 ], [ -83.708595030259801, 35.257610119657002 ], [ -83.713148638002494, 35.257695437928298 ], [ -83.718791070031799, 35.253267160539501 ], [ -83.722668262930398, 35.253046446017798 ], [ -83.734219364027595, 35.245022869236301 ], [ -83.745467304496898, 35.245211303239898 ], [ -83.756771745742498, 35.242465447039002 ], [ -83.761614389098298, 35.247861043783701 ], [ -83.767211645436205, 35.248173181282603 ], [ -83.773551493161605, 35.245749880791998 ], [ -83.781427395280105, 35.2521730336817 ], [ -83.787919164538806, 35.252838232381201 ], [ -83.789882432659198, 35.255551099285199 ], [ -83.795163724061794, 35.257469711084703 ], [ -83.806642052744905, 35.2528193228815 ], [ -83.810174751283498, 35.252560527521801 ], [ -83.813493335404203, 35.254754719336802 ], [ -83.822336887054902, 35.250279585812301 ], [ -83.825637485735001, 35.251190323580097 ], [ -83.831066678572597, 35.256114434495402 ], [ -83.841281286613906, 35.254331504912003 ], [ -83.845154781938305, 35.255242642544097 ], [ -83.848668815001503, 35.253259777640501 ], [ -83.851231685268502, 35.249384262265004 ], [ -83.864709403234301, 35.247422941471299 ], [ -83.869171002642602, 35.243365697847501 ], [ -83.873742383079502, 35.2441120191897 ], [ -83.879700400589698, 35.238488305821697 ], [ -83.888001223998401, 35.2348218138767 ], [ -83.892350263249895, 35.234937721409899 ], [ -83.893399018041407, 35.233257739753299 ], [ -83.901098576949906, 35.238488392931998 ], [ -83.907044151489401, 35.233537610680202 ], [ -83.926013714410104, 35.228019780379697 ], [ -83.934128103295393, 35.223049560420499 ], [ -83.9434423899352, 35.222556264205103 ], [ -83.942811030036694, 35.220617555431602 ], [ -83.945389252123505, 35.2198372814523 ], [ -83.957327282790303, 35.220378573111098 ], [ -83.956939444490104, 35.218470034862897 ], [ -83.959210875998195, 35.216900209130898 ], [ -83.968535847046795, 35.218081199522601 ], [ -83.975249040465798, 35.220850831235097 ], [ -83.977367931238106, 35.225629737785397 ], [ -83.986091912545106, 35.230815193370702 ], [ -83.988706746224906, 35.229928542438302 ], [ -84.001050740188504, 35.233295134283402 ], [ -84.004011509241494, 35.236512248739103 ], [ -84.004099377084103, 35.239946627023002 ], [ -84.006429212343804, 35.241687936430701 ], [ -84.001089153855403, 35.248986183863103 ], [ -84.001836220973203, 35.252862316398399 ], [ -84.005889377094107, 35.253106869284203 ], [ -84.011078412278195, 35.257363170910999 ], [ -84.009652185875893, 35.273068523765303 ], [ -84.016447080443001, 35.276134900439899 ], [ -84.0160356930446, 35.277819234560603 ], [ -84.019831207983103, 35.279848812435198 ], [ -84.022533027173694, 35.286920371878601 ], [ -84.029195027356394, 35.291611644566103 ], [ -84.023382344027098, 35.2963149688361 ], [ -84.021490101826103, 35.301613957241102 ], [ -84.026301916051906, 35.306328026621998 ], [ -84.026973634909993, 35.309678408559499 ], [ -84.034118914750593, 35.311189929285 ], [ -84.036026945569205, 35.3137835918495 ], [ -84.034496561075301, 35.322563989440397 ], [ -84.029261613453798, 35.333107099722902 ], [ -84.031478812148293, 35.336536078238098 ], [ -84.036199115070502, 35.337664962021798 ], [ -84.033966369125594, 35.343102295762002 ], [ -84.038885895482196, 35.348215262244899 ], [ -84.038364906041195, 35.351000988325197 ], [ -84.023338440369798, 35.354318937419102 ], [ -84.015061351897899, 35.364988199812302 ], [ -84.007398767298895, 35.3716558324451 ], [ -84.008746467544796, 35.372824845854701 ], [ -84.008305366119302, 35.3787733444263 ], [ -84.011400159723607, 35.3846074479276 ], [ -84.008226066187603, 35.390581288358597 ], [ -84.012517507994403, 35.392198813184599 ], [ -84.013871615852096, 35.397891409731997 ], [ -84.018716032888506, 35.400002987413401 ], [ -84.023429334526696, 35.411588204906401 ], [ -84.013893912173202, 35.412717640844903 ], [ -83.999486234703497, 35.425947845935902 ], [ -83.999942883942794, 35.428241168011702 ], [ -83.997959590001003, 35.4307384733698 ], [ -83.999394639837107, 35.431247637717597 ], [ -83.999597429944004, 35.433900196005297 ], [ -83.994716111700399, 35.435186488916699 ], [ -83.991781131732793, 35.440680892916298 ], [ -83.988923156789994, 35.439093517750102 ], [ -83.987986917460006, 35.4409275131462 ], [ -83.983453056760695, 35.440816916147199 ], [ -83.979961405824298, 35.4481809826584 ], [ -83.976098686356195, 35.446544168490803 ], [ -83.975132095088597, 35.4480176176016 ], [ -83.972749559789705, 35.4472370292807 ], [ -83.973293589741701, 35.452768963327401 ], [ -83.971099954133393, 35.453013941924603 ], [ -83.971655072198104, 35.455122454790697 ], [ -83.964628396797096, 35.454118741305997 ], [ -83.965697172563296, 35.456244986503997 ], [ -83.962785808367002, 35.456622540551599 ], [ -83.9610842691215, 35.464145152135103 ], [ -83.958931999228298, 35.4642977859667 ], [ -83.954576316842093, 35.462861260244601 ], [ -83.945005780844397, 35.451284740557398 ], [ -83.938609129879893, 35.448466839241 ], [ -83.928752823767894, 35.449951792830198 ], [ -83.914081089479197, 35.465060922743497 ], [ -83.908288600751305, 35.466520700814499 ], [ -83.895379662395996, 35.461497987475099 ], [ -83.882050905943601, 35.463182029343599 ], [ -83.873798071411599, 35.460419791531002 ], [ -83.868035434884803, 35.455185320814202 ], [ -83.865770589226102, 35.448286679059002 ], [ -83.844332277811802, 35.453118121941998 ], [ -83.837903221828299, 35.448748594869301 ], [ -83.831392278526394, 35.450965369671998 ], [ -83.819128862309398, 35.450385447035302 ], [ -83.815511811105907, 35.446162778584402 ], [ -83.808122004717404, 35.443974492428701 ], [ -83.804404324378496, 35.450027507859502 ], [ -83.8047942496041, 35.4538601206024 ], [ -83.801229059284793, 35.455854716271297 ], [ -83.775570112919894, 35.4436121155777 ], [ -83.756681354723696, 35.441716159696497 ], [ -83.732823432997705, 35.447412976743301 ], [ -83.7211128521067, 35.442975316121498 ], [ -83.713833405661404, 35.4420541636973 ], [ -83.707969091980004, 35.443792429000197 ], [ -83.703022406952101, 35.443238845622098 ], [ -83.674800363774494, 35.435612728517697 ], [ -83.669865126664902, 35.435650032235401 ], [ -83.664635192587795, 35.431167525902197 ], [ -83.657893789811098, 35.432267989316401 ], [ -83.652228318285097, 35.426482582337698 ], [ -83.645863024053995, 35.429460607947497 ], [ -83.644607094557998, 35.4417823555466 ], [ -83.642424537680498, 35.443624795976902 ], [ -83.632254900904101, 35.441949149867099 ], [ -83.623492043936096, 35.436682266938703 ], [ -83.618004899784594, 35.435839986172397 ], [ -83.6138240093006, 35.429021324443497 ], [ -83.610817754701799, 35.4270519293974 ], [ -83.600296754027596, 35.4313803787038 ], [ -83.594396517055003, 35.4317858075486 ], [ -83.589747881285007, 35.434925121553498 ], [ -83.5857602134286, 35.434839402814902 ], [ -83.585184994452902, 35.426011894108399 ], [ -83.589034493905103, 35.418943435167797 ], [ -83.585090846380595, 35.418211343701302 ], [ -83.585209343207296, 35.413341211809403 ], [ -83.582390099156598, 35.409637352156899 ], [ -83.583027398433799, 35.407424264598099 ], [ -83.585221517177501, 35.406591212486497 ], [ -83.586010926192102, 35.400942717605602 ], [ -83.588302034275998, 35.398087952511403 ], [ -83.592948311781001, 35.383053622233803 ], [ -83.595372681147495, 35.381083287429298 ], [ -83.593096532357706, 35.376992982123703 ], [ -83.596885769113001, 35.371878756949798 ], [ -83.601005911059801, 35.370530868546098 ], [ -83.613630159253205, 35.357270580251097 ], [ -83.616998686565196, 35.3490705017404 ], [ -83.620762989753004, 35.345295805533503 ], [ -83.628571940057398, 35.343925291325398 ], [ -83.638954399012306, 35.3388247868482 ], [ -83.645020690952407, 35.340218151464001 ], [ -83.651760213935503, 35.336871099626997 ], [ -83.660511104704398, 35.3356328905776 ], [ -83.668285497345394, 35.331235528438697 ], [ -83.670180336798296, 35.328583185170103 ], [ -83.678586386101102, 35.328225177701299 ], [ -83.685049299702996, 35.323804084568003 ], [ -83.690597929228403, 35.317165285727299 ], [ -83.691246464788406, 35.310022638774697 ], [ -83.6946287897876, 35.305541208650801 ], [ -83.695347499998903, 35.297542463230698 ], [ -83.684591643095303, 35.288706840593001 ], [ -83.681639683448395, 35.284657476042298 ], [ -83.6820834649874, 35.281039722444 ], [ -83.6801184828537, 35.279506894795098 ], [ -83.684068528433301, 35.276362134996702 ], [ -83.684803719980493, 35.272752399718499 ], [ -83.692293916180006, 35.263290916179002 ], [ -83.694807866870605, 35.257310322996702 ], [ -83.702779487126506, 35.248522604205597 ] ] ] } },
{ "type": "Feature", "properties": { "OBJECTID": 39, "County": "Granville", "FIPS": "077", "Rec_Survey": "Recorded survey data is available. Visit North Carolina Geodetic Survey for information. https://ncgs.state.nc.us", "NCGS_url": "https://ncem-gis.maps.arcgis.com/apps/webappviewer/index.html?id=8f3edbd62c004edd8b4fe3640f224738", "ck_date": "2025-06-23T00:00:00Z", "Shape__Area": 14988500131.565063, "Shape__Length": 573526.55289012939, "GlobalID": "61a60229-ae08-4034-8030-f6e8f6070e4e" }, "geometry": { "type": "Polygon", "coordinates": [ [ [ -78.546416991356196, 36.021832843575098 ], [ -78.6036823136685, 36.0424208962664 ], [ -78.6832267074561, 36.074491598162098 ], [ -78.715879789252895, 36.076092380553597 ], [ -78.751276497898303, 36.070840427815199 ], [ -78.780592670851306, 36.072322998383498 ], [ -78.783467736866996, 36.069958303885102 ], [ -78.788115791193704, 36.072923332964002 ], [ -78.785021064119306, 36.076844753497603 ], [ -78.789337779983398, 36.078836438292399 ], [ -78.793092535889897, 36.0776968135198 ], [ -78.790816261012793, 36.081107237921302 ], [ -78.792580797987299, 36.085976190367901 ], [ -78.798314909330003, 36.084617275571802 ], [ -78.807539486264602, 36.0873744990053 ], [ -78.803057660350703, 36.089567393172999 ], [ -78.805318366684205, 36.093923306674903 ], [ -78.794847985271204, 36.526446273280001 ], [ -78.796276917937604, 36.541748529666599 ], [ -78.510900004537007, 36.541055579817197 ], [ -78.456915328482594, 36.542548112299698 ], [ -78.457304968366202, 36.541469949217898 ], [ -78.453479697920699, 36.540293919297802 ], [ -78.455998856209504, 36.538319213378202 ], [ -78.454912962397103, 36.5357115958289 ], [ -78.455859751758794, 36.533422488593501 ], [ -78.458441527793397, 36.533558505380398 ], [ -78.458859728204501, 36.531819599622999 ], [ -78.464000034631496, 36.5336347729842 ], [ -78.467132904334093, 36.532140278937099 ], [ -78.469315646392999, 36.526692330948201 ], [ -78.465126488308798, 36.525581936507002 ], [ -78.466575844741598, 36.523983759293898 ], [ -78.468292700451798, 36.523593894143701 ], [ -78.470208408582295, 36.525817331672599 ], [ -78.470503498971098, 36.522678301053901 ], [ -78.472910135325805, 36.521238681579902 ], [ -78.475461326869194, 36.522063871143899 ], [ -78.480246960822896, 36.517974577370801 ], [ -78.485471635352198, 36.5167685450321 ], [ -78.486259947552497, 36.518192441529798 ], [ -78.493327361897997, 36.518314415177201 ], [ -78.493799404680502, 36.516060429340499 ], [ -78.497736896336804, 36.514676258019797 ], [ -78.495997278194096, 36.510443432478702 ], [ -78.496889672323306, 36.508364324507298 ], [ -78.494906752424598, 36.508073654497601 ], [ -78.500225460345902, 36.504007716711399 ], [ -78.501537664371796, 36.501654851210702 ], [ -78.500561009647697, 36.498277358699802 ], [ -78.502317964963396, 36.498153601392097 ], [ -78.504205726949905, 36.4951678284962 ], [ -78.5044808518076, 36.491853319805699 ], [ -78.502347294091606, 36.4910982742065 ], [ -78.504063330022205, 36.488288019967698 ], [ -78.500932238462397, 36.486963735449002 ], [ -78.511226676480803, 36.454814921672998 ], [ -78.508334415606598, 36.182930425175897 ], [ -78.499302202853698, 36.175777556178701 ], [ -78.496616483337704, 36.175206045693699 ], [ -78.544814239625296, 36.080853532345202 ], [ -78.546416991356196, 36.021832843575098 ] ] ] } },
{ "type": "Feature", "properties": { "OBJECTID": 40, "County": "Greene", "FIPS": "079", "Rec_Survey": "Recorded survey data is available. Visit North Carolina Geodetic Survey for information. https://ncgs.state.nc.us", "NCGS_url": "https://ncem-gis.maps.arcgis.com/apps/webappviewer/index.html?id=8f3edbd62c004edd8b4fe3640f224738", "ck_date": "2025-01-13T00:00:00Z", "Shape__Area": 7448402232.1055908, "Shape__Length": 415403.57606358954, "GlobalID": "6d3744af-4a09-4892-8038-14fa93e27a51" }, "geometry": { "type": "Polygon", "coordinates": [ [ [ -77.806249434113397, 35.368766460326803 ], [ -77.802853584456898, 35.372885549087201 ], [ -77.799863907429298, 35.382283286834401 ], [ -77.803865891391496, 35.395302131968997 ], [ -77.804895125898398, 35.406209482154502 ], [ -77.8121949096669, 35.413031287702402 ], [ -77.818044170746305, 35.415481484167103 ], [ -77.821838720115593, 35.421205863687902 ], [ -77.8267633224241, 35.423450996026801 ], [ -77.8225131641003, 35.585389502509997 ], [ -77.815060612882704, 35.588288090770199 ], [ -77.806293196280805, 35.583443249945802 ], [ -77.753501402147293, 35.615966352536198 ], [ -77.700694878264997, 35.652301932983598 ], [ -77.694810635383902, 35.651845442379802 ], [ -77.688282001114601, 35.6489516575582 ], [ -77.680437104404206, 35.638722987879902 ], [ -77.682669691824302, 35.633736013736197 ], [ -77.681624505588701, 35.6307688003876 ], [ -77.673631379452502, 35.623244936633 ], [ -77.662440169583803, 35.619258621457199 ], [ -77.628821878252197, 35.585980289525601 ], [ -77.621499287739994, 35.582138949262202 ], [ -77.610372375026202, 35.567559246873998 ], [ -77.601420993871002, 35.566886385166399 ], [ -77.591376126950706, 35.563204266759897 ], [ -77.581479306081206, 35.553647367533998 ], [ -77.570834933036593, 35.548848911742901 ], [ -77.566366411272995, 35.539881030333198 ], [ -77.557805486948595, 35.531917536546302 ], [ -77.541189616386205, 35.533066291662401 ], [ -77.534566893956793, 35.529554788204003 ], [ -77.530991367345607, 35.530386766559801 ], [ -77.530137854060101, 35.527997815295699 ], [ -77.525168300345399, 35.528344272824597 ], [ -77.525544801167101, 35.525214878066798 ], [ -77.523524565240095, 35.525967470269599 ], [ -77.522382774960803, 35.523821895399401 ], [ -77.525290404074994, 35.519670139158102 ], [ -77.522368632641601, 35.517771656734297 ], [ -77.518445039426993, 35.517266267608498 ], [ -77.517339054348696, 35.519006777133399 ], [ -77.512918562756198, 35.518001254475799 ], [ -77.510399969630498, 35.519789760111699 ], [ -77.507308921220897, 35.5169773192588 ], [ -77.503410859427106, 35.517982462471501 ], [ -77.507119070585105, 35.510888580364998 ], [ -77.505808403826805, 35.510236936368997 ], [ -77.511322890009694, 35.508194784141303 ], [ -77.505898503602793, 35.5048597725837 ], [ -77.507038589046104, 35.502233695337097 ], [ -77.511616697751293, 35.498948934294098 ], [ -77.511589527965, 35.4970420616797 ], [ -77.507150427071906, 35.496152290092603 ], [ -77.507064992040597, 35.494041331757998 ], [ -77.502024595441895, 35.491600584479997 ], [ -77.502478522548003, 35.489605219829102 ], [ -77.500868335010196, 35.489334764085498 ], [ -77.502734147459606, 35.4858497581968 ], [ -77.5007543278318, 35.486377303053899 ], [ -77.501094167544807, 35.483832175677698 ], [ -77.498763770817106, 35.479805054700201 ], [ -77.494118695971096, 35.477430386615197 ], [ -77.494305595845105, 35.473445729328297 ], [ -77.490320332544698, 35.468126594468998 ], [ -77.493462240852097, 35.462326139246002 ], [ -77.484123943417003, 35.457859210684397 ], [ -77.486324673237704, 35.455442662832297 ], [ -77.485408001260495, 35.4527474976368 ], [ -77.480482794004899, 35.451467750138796 ], [ -77.482052277594704, 35.450515711614102 ], [ -77.482201470548503, 35.447278226580501 ], [ -77.484353535964104, 35.447457667642901 ], [ -77.484403729890403, 35.445243042694997 ], [ -77.481943388670203, 35.444950795694901 ], [ -77.481649164716998, 35.443473623007598 ], [ -77.480046870720699, 35.446760979821399 ], [ -77.476912518393505, 35.445515972395 ], [ -77.479565377849895, 35.439313849673901 ], [ -77.474348017634497, 35.439437151843002 ], [ -77.4767006625611, 35.434110168369301 ], [ -77.475690503281697, 35.4266327279569 ], [ -77.482882764979905, 35.422438931370799 ], [ -77.481762364505997, 35.4145234972898 ], [ -77.493943006767907, 35.4116456241359 ], [ -77.498721273863495, 35.413844521047302 ], [ -77.498437308793399, 35.417007415731497 ], [ -77.5007242892639, 35.418304562856797 ], [ -77.507529800785605, 35.419103688316802 ], [ -77.506175540395404, 35.421740027130397 ], [ -77.510559624117505, 35.421401777647802 ], [ -77.519279460132907, 35.416667804746297 ], [ -77.520648174160002, 35.417338145418697 ], [ -77.520623415408295, 35.414651998397098 ], [ -77.528473466140895, 35.4142644554043 ], [ -77.527210931290398, 35.413016188441503 ], [ -77.5283972946728, 35.408889243077297 ], [ -77.531369083163, 35.408108590022103 ], [ -77.533605679736496, 35.403064244977202 ], [ -77.531771668742493, 35.401350441477803 ], [ -77.537184710626903, 35.396643826741297 ], [ -77.561462241296297, 35.387281663246299 ], [ -77.564373409002201, 35.387723599586899 ], [ -77.565212059100205, 35.383505400395599 ], [ -77.576825354128601, 35.379848161485903 ], [ -77.580057078178498, 35.380240103337698 ], [ -77.5814926247442, 35.3779197321035 ], [ -77.584699138743701, 35.379620721284198 ], [ -77.588110380856705, 35.374830207584097 ], [ -77.602476224339497, 35.374916033497598 ], [ -77.606627420431906, 35.3792283163855 ], [ -77.611742109825599, 35.3785372514564 ], [ -77.626407842511995, 35.3674319171812 ], [ -77.637639242634293, 35.354351374869097 ], [ -77.647659686782504, 35.3552617267448 ], [ -77.653278172320995, 35.3523953052349 ], [ -77.6586366492092, 35.353557027703999 ], [ -77.671324381174003, 35.3484407904118 ], [ -77.680053398385397, 35.347699036467098 ], [ -77.690829521672597, 35.361092606022297 ], [ -77.690069220131306, 35.364111722157404 ], [ -77.694552843491905, 35.366457025387597 ], [ -77.696902488903802, 35.371033320569602 ], [ -77.696225171825802, 35.375409634896201 ], [ -77.697506143258593, 35.377105474562697 ], [ -77.777701792929605, 35.367551725067301 ], [ -77.806249434113397, 35.368766460326803 ] ] ] } },
{ "type": "Feature", "properties": { "OBJECTID": 41, "County": "Guilford", "FIPS": "081", "Rec_Survey": "Recorded survey data is available. Visit North Carolina Geodetic Survey for information. https://ncgs.state.nc.us", "NCGS_url": "https://ncem-gis.maps.arcgis.com/apps/webappviewer/index.html?id=8f3edbd62c004edd8b4fe3640f224738", "ck_date": "2025-06-23T00:00:00Z", "Shape__Area": 18482778874.283974, "Shape__Length": 546990.82954468648, "GlobalID": "ecae87e7-0f2a-41fd-a07d-0e3940cae37e" }, "geometry": { "type": "Polygon", "coordinates": [ [ [ -79.532057589701594, 36.246091135482096 ], [ -79.538010524715901, 36.114596827704702 ], [ -79.541763710280094, 35.899566045416897 ], [ -80.046870972451899, 35.920700326394503 ], [ -80.037435014178499, 36.1616433135043 ], [ -80.035122231594102, 36.257191316257497 ], [ -79.532057589701594, 36.246091135482096 ] ] ] } },
{ "type": "Feature", "properties": { "OBJECTID": 42, "County": "Halifax", "FIPS": "083", "Rec_Survey": "No recent survey data available", "NCGS_url": " ", "ck_date": "2011-11-29T00:00:00Z", "Shape__Area": 20359795428.596924, "Shape__Length": 897018.40280211298, "GlobalID": "ea326d1b-161f-416d-81b4-6dfc0c022555" }, "geometry": { "type": "Polygon", "coordinates": [ [ [ -77.327571012148297, 36.071368315353503 ], [ -77.3314285003717, 36.068086102029 ], [ -77.339725211883902, 36.066229936201303 ], [ -77.339286321989505, 36.064708731730697 ], [ -77.402616827868201, 36.004973592297603 ], [ -77.408540172857698, 36.007002634803698 ], [ -77.4108654546841, 36.005437363705603 ], [ -77.424540895254097, 36.003952449926302 ], [ -77.428348700645998, 36.0056023501417 ], [ -77.435471734923695, 36.0133906432957 ], [ -77.4416402687512, 36.014690150705498 ], [ -77.437990455016603, 36.018504874564599 ], [ -77.439303063613394, 36.021219082353099 ], [ -77.454082431680305, 36.029629146694603 ], [ -77.467387300811495, 36.031629053794703 ], [ -77.474853858400294, 36.037782650492403 ], [ -77.517648058431405, 36.036782620679702 ], [ -77.522375833648397, 36.038816933720398 ], [ -77.526662317596703, 36.037581535919998 ], [ -77.526675482219503, 36.039208162604403 ], [ -77.529305980376293, 36.039428448068499 ], [ -77.5286766946585, 36.0407793166491 ], [ -77.524564621148102, 36.040003495823903 ], [ -77.524137253606696, 36.0441343109147 ], [ -77.522622114294506, 36.045100014646401 ], [ -77.525630321394701, 36.047825330486702 ], [ -77.526618311415405, 36.046512871314803 ], [ -77.529161209739996, 36.0473866582131 ], [ -77.529484019720499, 36.050501158081197 ], [ -77.531446211867305, 36.049731901890098 ], [ -77.533569893953498, 36.052446651317098 ], [ -77.531400928696897, 36.053311631569798 ], [ -77.532406066972001, 36.056142552077098 ], [ -77.535440773661307, 36.054818122314899 ], [ -77.540173989343501, 36.060982229030998 ], [ -77.538948180897293, 36.064807041328798 ], [ -77.536064031272204, 36.063314524529098 ], [ -77.529524989797807, 36.068863098569899 ], [ -77.525437391777999, 36.069237607896099 ], [ -77.528013267295506, 36.073415894785398 ], [ -77.530457514606994, 36.072797288864301 ], [ -77.532605956379399, 36.074183904066103 ], [ -77.530795732149002, 36.0761223922025 ], [ -77.532484149364294, 36.075397455466501 ], [ -77.5329091112458, 36.077249370661399 ], [ -77.535689378233499, 36.077898302211999 ], [ -77.534393828855798, 36.078951987400401 ], [ -77.535924084371999, 36.0803473296939 ], [ -77.533633385303006, 36.080190285408399 ], [ -77.534926130213506, 36.081485585982797 ], [ -77.532855911699897, 36.081266367941602 ], [ -77.531493835141305, 36.083777237064901 ], [ -77.533722942050602, 36.085132393426697 ], [ -77.533435575123505, 36.091058168659501 ], [ -77.535710098758798, 36.0921222315893 ], [ -77.538548408894798, 36.091094701257099 ], [ -77.538314272111194, 36.0940268394179 ], [ -77.540783643471698, 36.096185379960801 ], [ -77.541846813362596, 36.095301144096801 ], [ -77.553211696454198, 36.100085805483999 ], [ -77.553587556675893, 36.097982295970603 ], [ -77.557739460771003, 36.097440113728702 ], [ -77.557484920075098, 36.095454081513601 ], [ -77.560307332392298, 36.0944731982569 ], [ -77.563069980691907, 36.097378038864399 ], [ -77.569735263969605, 36.098564097530002 ], [ -77.570007960920094, 36.0969148372942 ], [ -77.5748792325453, 36.098266660352998 ], [ -77.574524372522703, 36.0998632960302 ], [ -77.576432288629704, 36.099748222585902 ], [ -77.576973548150505, 36.097712211358498 ], [ -77.579436069475506, 36.097956147010102 ], [ -77.5791942987601, 36.100771065586002 ], [ -77.581780318566302, 36.099462423659403 ], [ -77.583380955072798, 36.101686279880496 ], [ -77.585878235326305, 36.100233804860999 ], [ -77.5862319711255, 36.101972842996403 ], [ -77.5845141438719, 36.1026394653531 ], [ -77.586275502952105, 36.103433693423199 ], [ -77.587211845972504, 36.101753252234303 ], [ -77.589902612374104, 36.103893691150397 ], [ -77.590381334016698, 36.1022297967803 ], [ -77.592322632864295, 36.101965073247698 ], [ -77.593936040871895, 36.1044144261176 ], [ -77.594294590913094, 36.1012638181396 ], [ -77.5963954912215, 36.100879168404497 ], [ -77.595737273928506, 36.102487988576598 ], [ -77.599807522773602, 36.104204058512103 ], [ -77.600728015126194, 36.106517443850699 ], [ -77.604950073189798, 36.107473703270699 ], [ -77.605602353052802, 36.110417423636797 ], [ -77.610142325244198, 36.107663862820701 ], [ -77.6085632986116, 36.1105595508565 ], [ -77.610973328792994, 36.111255972553799 ], [ -77.610749726014802, 36.110101541179297 ], [ -77.614777033745497, 36.109438886114503 ], [ -77.619638447742503, 36.110554761589398 ], [ -77.620721131554106, 36.112186455781099 ], [ -77.622428357629005, 36.110770645387298 ], [ -77.624491535680406, 36.111783287749098 ], [ -77.625302545243002, 36.115201092953399 ], [ -77.626533225793096, 36.1114442467874 ], [ -77.628147703434493, 36.113699341032103 ], [ -77.627173558297301, 36.1150266796677 ], [ -77.630143707883207, 36.115434694086403 ], [ -77.6280801311988, 36.119602254104898 ], [ -77.631378857573196, 36.118981538567297 ], [ -77.629472402245796, 36.121942616618803 ], [ -77.631615594303, 36.122792505523499 ], [ -77.630278806792504, 36.123832866425403 ], [ -77.632084733150904, 36.124571904738701 ], [ -77.631839243116104, 36.127016719518103 ], [ -77.633553593863695, 36.128447278246298 ], [ -77.634592208124801, 36.127008261638302 ], [ -77.636607681310906, 36.127771291567797 ], [ -77.635417095384, 36.129313168110201 ], [ -77.636373440410296, 36.1317807084828 ], [ -77.640862018590596, 36.133237691207199 ], [ -77.643442167959094, 36.135472247205797 ], [ -77.643834981614603, 36.138058998253101 ], [ -77.648495119859206, 36.136960452574002 ], [ -77.650069898216302, 36.138096480491797 ], [ -77.651097609064493, 36.1352824790753 ], [ -77.652580478657697, 36.1378834705637 ], [ -77.655567322511402, 36.137097166316401 ], [ -77.655638373369101, 36.138997458086699 ], [ -77.659400140720905, 36.136800076167397 ], [ -77.661619956697095, 36.138365584976903 ], [ -77.663319899338205, 36.136034736565101 ], [ -77.665743881716494, 36.138804467267398 ], [ -77.667335818821797, 36.136477860672699 ], [ -77.668089514466104, 36.137766078780899 ], [ -77.6700642677133, 36.137144813469199 ], [ -77.670523544985301, 36.139124522114898 ], [ -77.668398191242304, 36.139476121064803 ], [ -77.672250370683599, 36.141074224082701 ], [ -77.671698850584704, 36.143048426317399 ], [ -77.676869347040594, 36.144209403820597 ], [ -77.672107478927401, 36.1485120361627 ], [ -77.678939300609301, 36.150730250427998 ], [ -77.678535630290597, 36.1543799122962 ], [ -77.682953141070101, 36.153410098146402 ], [ -77.682725483891403, 36.1514630282689 ], [ -77.686526412144701, 36.153155843544504 ], [ -77.691772732993499, 36.150947418509197 ], [ -77.698718642061195, 36.1532423231736 ], [ -77.702645473129493, 36.150494268546403 ], [ -77.704926946503505, 36.150920476785899 ], [ -77.707031778015704, 36.148287027643597 ], [ -77.706462659148798, 36.146793149604498 ], [ -77.711876131110799, 36.145348791947001 ], [ -77.715898638199604, 36.146429212943502 ], [ -77.721584435216101, 36.141424105870897 ], [ -77.7164341644405, 36.136387499369803 ], [ -77.721334341708697, 36.1338020344988 ], [ -77.726257998333097, 36.138006844709103 ], [ -77.7315307837288, 36.139324913517299 ], [ -77.729389666758493, 36.148993025684597 ], [ -77.732448186530206, 36.147439324621203 ], [ -77.737187424174195, 36.153755720247801 ], [ -77.741663305868101, 36.155157453401699 ], [ -77.745939650970598, 36.153084967596399 ], [ -77.750070840439307, 36.1574752028964 ], [ -77.753231628193703, 36.156880154238003 ], [ -77.753204497436599, 36.151990251678498 ], [ -77.757023293078902, 36.1489923214708 ], [ -77.769317042113798, 36.1461842175542 ], [ -77.772569375456996, 36.1470340568629 ], [ -77.774152776648904, 36.142534032095803 ], [ -77.778498047417898, 36.144038062472397 ], [ -77.783104321394802, 36.1413937946514 ], [ -77.792488208504693, 36.145146506653901 ], [ -77.7992653483998, 36.144482763342303 ], [ -77.804337504599104, 36.149738430781298 ], [ -77.805901587699694, 36.1470986189969 ], [ -77.805163850701803, 36.141623323095303 ], [ -77.808068231773603, 36.138227947806399 ], [ -77.8155222800997, 36.140006872606797 ], [ -77.821603554604096, 36.144729662664801 ], [ -77.847773594432596, 36.1450424201592 ], [ -77.856082513639905, 36.146044809859902 ], [ -77.861860151575897, 36.149107320093002 ], [ -77.871628137864604, 36.145230448529098 ], [ -77.878926967056103, 36.144727814537703 ], [ -77.878962120302404, 36.143151857232503 ], [ -77.8820266420541, 36.146854408015201 ], [ -77.884233826021301, 36.147305579077198 ], [ -77.887242250037303, 36.143846924286798 ], [ -77.892356798153401, 36.151186041821397 ], [ -77.901198341351005, 36.156355830482397 ], [ -77.900741750690301, 36.1627040508181 ], [ -77.909531304990395, 36.165342140449503 ], [ -77.915870745396205, 36.163569761820398 ], [ -77.922662890343801, 36.166321870687199 ], [ -77.9231160422393, 36.168738045428903 ], [ -77.917709607999399, 36.180500165261499 ], [ -77.9240695067774, 36.188979747905499 ], [ -77.926095202940402, 36.1831752119691 ], [ -77.930823532519696, 36.182313386102201 ], [ -77.940856587103198, 36.192225083265001 ], [ -77.944006438419507, 36.192598699802197 ], [ -77.944520818353993, 36.188315045438699 ], [ -77.943030302336396, 36.186519353371999 ], [ -77.944370627745101, 36.182120850592398 ], [ -77.951218653877405, 36.180571616573303 ], [ -77.9673860169611, 36.194214532688498 ], [ -77.973022992955293, 36.194316899799198 ], [ -77.973033717355506, 36.189786908825702 ], [ -77.969597801308296, 36.1863720531559 ], [ -77.969054313467097, 36.183538323207998 ], [ -77.971510724537694, 36.177887216477899 ], [ -77.973541875087705, 36.176782656551403 ], [ -77.975804770334904, 36.177671876631102 ], [ -77.977814582294499, 36.175255086865398 ], [ -77.979767755261406, 36.178873017843003 ], [ -77.9840904834859, 36.180870067992998 ], [ -77.983342104229195, 36.186894382314797 ], [ -77.987544403852496, 36.189561950438097 ], [ -77.991213665185001, 36.186600207141502 ], [ -77.990657185007905, 36.185172390192001 ], [ -77.992527237906003, 36.185533922543698 ], [ -77.993791237829996, 36.1907886369778 ], [ -77.996745966694604, 36.192555862854498 ], [ -77.997793769353393, 36.197293949877199 ], [ -77.996703789782998, 36.198519529060803 ], [ -78.001711614553798, 36.198958225053502 ], [ -78.006553347884093, 36.2026398380535 ], [ -77.942408014186299, 36.298532960173297 ], [ -77.911965329283802, 36.382452812407003 ], [ -77.912066924482005, 36.424866696140199 ], [ -77.918030536762402, 36.4295099299027 ], [ -77.920112206136594, 36.4360029194793 ], [ -77.917330697853799, 36.440740910114201 ], [ -77.911797218664006, 36.442813890317801 ], [ -77.909247528363494, 36.473944357403703 ], [ -77.905572255671899, 36.490944147302599 ], [ -77.898815496227897, 36.506079292944001 ], [ -77.892357296044906, 36.5120778756094 ], [ -77.887569563591299, 36.509830350600303 ], [ -77.884897899167399, 36.506441378114801 ], [ -77.876038998728703, 36.506108150973702 ], [ -77.869392285405695, 36.503611315917702 ], [ -77.866054577879197, 36.503387856474298 ], [ -77.858295855664906, 36.506654731691498 ], [ -77.834215382082405, 36.5011407410381 ], [ -77.817455744400505, 36.500489441707501 ], [ -77.805204939825899, 36.497215199608 ], [ -77.794422860679106, 36.491876796257301 ], [ -77.789170785687404, 36.491233283432301 ], [ -77.775474097210207, 36.482296773712697 ], [ -77.767916519963094, 36.480052138753301 ], [ -77.765144563330097, 36.482239706217797 ], [ -77.753755990435707, 36.478939994826703 ], [ -77.745932019953202, 36.4789704251152 ], [ -77.730719090577907, 36.486483342378698 ], [ -77.725469877635604, 36.487542667229803 ], [ -77.710046348527698, 36.487157317122197 ], [ -77.694478255529603, 36.4818067234851 ], [ -77.681142353096604, 36.479184054885003 ], [ -77.661276131334006, 36.4792138348338 ], [ -77.650248611436496, 36.481371925246101 ], [ -77.644635715572406, 36.480559798590498 ], [ -77.639756724481302, 36.475175175395499 ], [ -77.630496001172304, 36.450119524808599 ], [ -77.626021818621695, 36.445706198598003 ], [ -77.621598873195197, 36.443211204329302 ], [ -77.616273330109195, 36.444113026505903 ], [ -77.609432119054603, 36.436643128398003 ], [ -77.597041090476793, 36.434234319713902 ], [ -77.592286805303701, 36.431624466255698 ], [ -77.5902973176822, 36.424544672009802 ], [ -77.587718765318598, 36.422416535549601 ], [ -77.580914848008305, 36.4241318443067 ], [ -77.573120774506506, 36.423059863604301 ], [ -77.553330339089598, 36.416854119321499 ], [ -77.549482911310406, 36.412058877822197 ], [ -77.544448543425304, 36.393902507569599 ], [ -77.547220142376105, 36.373314057935197 ], [ -77.549106751841506, 36.370764001300699 ], [ -77.555841320966096, 36.368429066500099 ], [ -77.561604037613094, 36.362731475832398 ], [ -77.576543832065596, 36.354387567263402 ], [ -77.585601631653603, 36.3373514268973 ], [ -77.5852771842317, 36.334973328394298 ], [ -77.577207895354704, 36.328524079384202 ], [ -77.5713887067363, 36.3140927215277 ], [ -77.556298596232494, 36.305215466373703 ], [ -77.542077594706399, 36.303182744149701 ], [ -77.523743956008801, 36.306782287658301 ], [ -77.495098340214497, 36.308388565678101 ], [ -77.485499215739594, 36.315968528690398 ], [ -77.476290322815601, 36.317237733679299 ], [ -77.466944157955197, 36.321792266801602 ], [ -77.445888647004296, 36.324895241100002 ], [ -77.440292911405095, 36.3236213861735 ], [ -77.434654382114502, 36.314387962663297 ], [ -77.413559364654802, 36.291944400197103 ], [ -77.413403094152997, 36.276044582112 ], [ -77.409686082762605, 36.263807343904098 ], [ -77.381368116320999, 36.249763920086401 ], [ -77.376936362509497, 36.245054137103402 ], [ -77.376626801332804, 36.237110948181197 ], [ -77.382195282287796, 36.227100313435798 ], [ -77.386596941073293, 36.213555546297201 ], [ -77.383613581609694, 36.208213390298603 ], [ -77.357872649266199, 36.197465766625498 ], [ -77.350973401455605, 36.191538886490903 ], [ -77.339040406920404, 36.1900343415967 ], [ -77.333005358765007, 36.192598782804502 ], [ -77.328885026032395, 36.192221842634702 ], [ -77.325731432701701, 36.186966069448097 ], [ -77.3193880621521, 36.181796767235802 ], [ -77.309054317269101, 36.180732232149097 ], [ -77.313312475115694, 36.173322705341 ], [ -77.311333750785394, 36.169867036697802 ], [ -77.307358615556495, 36.167346096183302 ], [ -77.2996010826743, 36.164912885549903 ], [ -77.287039353904802, 36.169207776679798 ], [ -77.281403586565801, 36.165564903136797 ], [ -77.276505000593602, 36.157381564155997 ], [ -77.263368601882306, 36.158948078705897 ], [ -77.263007462993301, 36.157224790567902 ], [ -77.267281111744296, 36.150548789631301 ], [ -77.265604232293001, 36.139841738483703 ], [ -77.250816280495798, 36.134578774789297 ], [ -77.250996772700304, 36.131093942924799 ], [ -77.254893664180301, 36.1248637357006 ], [ -77.254336273247304, 36.122542174257703 ], [ -77.239706595121504, 36.1202826089959 ], [ -77.241338390440802, 36.118485809084902 ], [ -77.250721892049697, 36.117701721647798 ], [ -77.251470759061803, 36.115058574642902 ], [ -77.244327033286396, 36.112115257962202 ], [ -77.234814947085795, 36.111144766386303 ], [ -77.230368058311896, 36.107559031525 ], [ -77.230585288092996, 36.104346901965897 ], [ -77.242787909173899, 36.097190661134498 ], [ -77.2689338526352, 36.100013254130801 ], [ -77.282189902589295, 36.097291119391997 ], [ -77.293127633361607, 36.0912349184755 ], [ -77.313227343824295, 36.089174671181802 ], [ -77.319992296908694, 36.078660877322697 ], [ -77.327558286234094, 36.076382929504902 ], [ -77.327571012148297, 36.071368315353503 ] ] ] } },
{ "type": "Feature", "properties": { "OBJECTID": 43, "County": "Harnett", "FIPS": "085", "Rec_Survey": "Recorded survey data is available. Visit North Carolina Geodetic Survey for information. https://ncgs.state.nc.us", "NCGS_url": "https://ncem-gis.maps.arcgis.com/apps/webappviewer/index.html?id=8f3edbd62c004edd8b4fe3640f224738", "ck_date": "2025-01-13T00:00:00Z", "Shape__Area": 16774305447.241943, "Shape__Length": 594485.90744290617, "GlobalID": "fce183b9-cd4b-4319-a655-0ae34c39d1cd" }, "geometry": { "type": "Polygon", "coordinates": [ [ [ -79.096228726714699, 35.191989875576397 ], [ -79.100763809547104, 35.196365509308301 ], [ -79.120513918582006, 35.204877980543202 ], [ -79.134650041229605, 35.206830400952903 ], [ -79.137950182293295, 35.2114255407161 ], [ -79.151258269170597, 35.2137062756115 ], [ -79.154069798516602, 35.219717056363997 ], [ -79.153883743867894, 35.2292327010177 ], [ -79.159542415446893, 35.233336063118102 ], [ -79.165103179366696, 35.240928842688497 ], [ -79.178638073460505, 35.247787771874101 ], [ -79.186935429022597, 35.247333350447299 ], [ -79.193600533780298, 35.250150976994199 ], [ -79.202482158769996, 35.2581582938544 ], [ -79.223025606010097, 35.268138506271796 ], [ -78.968731787113896, 35.522525391559697 ], [ -78.916070738754598, 35.5841071889826 ], [ -78.706302670241698, 35.518641791612303 ], [ -78.689520225982207, 35.515940942123699 ], [ -78.686896727113407, 35.501870837821897 ], [ -78.672967825061207, 35.495766391071001 ], [ -78.660577586067106, 35.496284895351998 ], [ -78.655791733111599, 35.490442463456297 ], [ -78.653376247217096, 35.483971202437097 ], [ -78.650302029788406, 35.482719483209998 ], [ -78.649777966761405, 35.471670833738301 ], [ -78.639089856637099, 35.461933343136103 ], [ -78.627060810705302, 35.458169065743 ], [ -78.621342875140201, 35.450636834553599 ], [ -78.619424898984704, 35.445118661838897 ], [ -78.614706122483497, 35.442160237861401 ], [ -78.614764665119594, 35.439905063250102 ], [ -78.607098878872804, 35.432455682193897 ], [ -78.610030529580996, 35.427346698419299 ], [ -78.598775739478896, 35.418266970181399 ], [ -78.597083031326605, 35.406255297978603 ], [ -78.592657340884799, 35.398607256481299 ], [ -78.584484175322004, 35.395926293414398 ], [ -78.584074017856295, 35.394117339789503 ], [ -78.572503298585502, 35.386489420126097 ], [ -78.571136224736804, 35.377940764698998 ], [ -78.568065882429295, 35.375706406477697 ], [ -78.569142711760804, 35.370825452937098 ], [ -78.567697714643998, 35.367694883349898 ], [ -78.562805277537805, 35.365627435661899 ], [ -78.562103750694703, 35.362046289862803 ], [ -78.534838613890599, 35.344770403849402 ], [ -78.530338091007906, 35.337065856816402 ], [ -78.530291396019393, 35.3337688865142 ], [ -78.537610702577396, 35.327202477334097 ], [ -78.535578460271296, 35.320108953940199 ], [ -78.5386181999868, 35.315877251874397 ], [ -78.547680700940006, 35.3110552516304 ], [ -78.555352213513601, 35.309650220013502 ], [ -78.559889646033398, 35.306340226735699 ], [ -78.557726467519799, 35.304713965457999 ], [ -78.564290344467807, 35.304456134702797 ], [ -78.570279236818607, 35.302125829353201 ], [ -78.572550207507504, 35.297687620934298 ], [ -78.576119249443195, 35.296011734140301 ], [ -78.580953389615701, 35.298218721042602 ], [ -78.583528474769096, 35.296824935151498 ], [ -78.582973972888396, 35.295418153941299 ], [ -78.585321799030694, 35.2935470940998 ], [ -78.583289600081798, 35.291116126406003 ], [ -78.585606385465397, 35.284656373625999 ], [ -78.583116357583904, 35.279149746322702 ], [ -78.584636853889194, 35.273322507668603 ], [ -78.598524300057605, 35.2649821533496 ], [ -78.599985075771798, 35.258409507478099 ], [ -78.6086694646647, 35.254382655647198 ], [ -78.617129427706502, 35.245585207908498 ], [ -78.704555840788004, 35.256733881542203 ], [ -78.707704320516001, 35.259200544519103 ], [ -78.711946378510902, 35.257449708240998 ], [ -78.713644999271693, 35.259698334291002 ], [ -78.718836529396796, 35.259838249690503 ], [ -78.7205089126426, 35.264942644903101 ], [ -78.725566765802995, 35.2669068317376 ], [ -78.730031930474595, 35.263267136148102 ], [ -78.736196791231706, 35.261624668209301 ], [ -78.741098410402302, 35.263825100331097 ], [ -78.750033068567404, 35.2634834857177 ], [ -78.750200153088699, 35.261572277295897 ], [ -78.754136474582893, 35.259563862420897 ], [ -78.754497283107497, 35.2634196352424 ], [ -78.757532325637897, 35.263512438788602 ], [ -78.759211522546806, 35.261526687099398 ], [ -78.760649464281897, 35.262154559900402 ], [ -78.759977090992606, 35.263946163156099 ], [ -78.762998013556299, 35.263167426086298 ], [ -78.760997287026896, 35.261078574219901 ], [ -78.763686798193206, 35.261444269791703 ], [ -78.764184043792, 35.258666873322099 ], [ -78.765886289807099, 35.258236770208903 ], [ -78.769618778228093, 35.259311488603799 ], [ -78.771045110768398, 35.262106244979996 ], [ -78.778262389279206, 35.263565895429601 ], [ -78.782127482919904, 35.260945106222799 ], [ -78.783735326783599, 35.262549317462103 ], [ -78.782386846337005, 35.263737627398903 ], [ -78.786968099137894, 35.263558726881399 ], [ -78.794283093414606, 35.266107953941599 ], [ -78.797671890139696, 35.264840827705001 ], [ -78.798662890222303, 35.262009371874399 ], [ -78.801462353398804, 35.262958363475398 ], [ -78.805880329824404, 35.256614994783 ], [ -78.819429461608607, 35.260468207430598 ], [ -78.825552071520207, 35.259450698633401 ], [ -78.828279522447005, 35.255115978401697 ], [ -78.832314119619994, 35.255573292511102 ], [ -78.834671954015107, 35.252360204137702 ], [ -78.838470723116103, 35.253966663239098 ], [ -78.842909351463504, 35.252453305703703 ], [ -78.847160526080202, 35.252992529246399 ], [ -78.848099505948895, 35.250229031824198 ], [ -78.854505923655793, 35.2483892249356 ], [ -78.859735260135196, 35.242455434192898 ], [ -78.868100916325005, 35.245106360395297 ], [ -78.876059725123795, 35.241542583417697 ], [ -78.874034240280096, 35.235983738295403 ], [ -78.8804110434004, 35.230447146012899 ], [ -78.888595909261994, 35.230797125666101 ], [ -78.893266552088207, 35.228652541706801 ], [ -78.898047781877494, 35.231175006891903 ], [ -78.905437880337701, 35.226979221938599 ], [ -78.916693406861, 35.223812206554399 ], [ -78.9202141212768, 35.2202834316587 ], [ -78.924711308090195, 35.223899585550598 ], [ -78.9254966012751, 35.221901823899302 ], [ -78.929246696694506, 35.222396797422697 ], [ -78.935644871358704, 35.2187655216363 ], [ -78.941656306320297, 35.219255185180202 ], [ -78.977990070808005, 35.211914703181698 ], [ -78.998040206708197, 35.214136209352702 ], [ -79.096228726714699, 35.191989875576397 ] ] ] } },
{ "type": "Feature", "properties": { "OBJECTID": 44, "County": "Haywood", "FIPS": "087", "Rec_Survey": "Recorded survey data is available. Visit North Carolina Geodetic Survey for information. https://ncgs.state.nc.us", "NCGS_url": "https://ncem-gis.maps.arcgis.com/apps/webappviewer/index.html?id=8f3edbd62c004edd8b4fe3640f224738", "ck_date": "2025-01-13T00:00:00Z", "Shape__Area": 15455121818.37442, "Shape__Length": 669791.12842473318, "GlobalID": "d222fa48-3f57-4662-8427-b0a75e4977c5" }, "geometry": { "type": "Polygon", "coordinates": [ [ [ -82.920884984907303, 35.292043941717097 ], [ -82.927515257278799, 35.302990275044799 ], [ -82.930710102654203, 35.303040128467401 ], [ -82.932605638796204, 35.305138990315299 ], [ -82.935443880823797, 35.303891011462198 ], [ -82.950411481941899, 35.306598942136198 ], [ -82.951074740215702, 35.312042417665801 ], [ -82.954544457859996, 35.313853336183897 ], [ -82.955188557518397, 35.316392487683203 ], [ -82.964729107297799, 35.315296147054703 ], [ -82.965763758201305, 35.319368722447003 ], [ -82.963528342778403, 35.325144041983798 ], [ -82.964764052504805, 35.333276124329302 ], [ -82.971673814209097, 35.342770201237798 ], [ -82.977719066408795, 35.344109485381303 ], [ -82.9765150975864, 35.349893002592502 ], [ -82.986251632093101, 35.355898997028497 ], [ -82.990188845765203, 35.367453184739801 ], [ -82.993404439348296, 35.3684674760948 ], [ -82.997221710435795, 35.373034610867499 ], [ -83.006571626913498, 35.377333892039402 ], [ -83.024815520648403, 35.3801877255246 ], [ -83.029917182007907, 35.387312038261499 ], [ -83.039645316225503, 35.393844689641 ], [ -83.043727458624403, 35.394401658942499 ], [ -83.042823843445504, 35.398163716031597 ], [ -83.044889674165802, 35.408633378023801 ], [ -83.044368909031505, 35.4151045612685 ], [ -83.0528883163269, 35.421122585312702 ], [ -83.053285092840298, 35.423831986934701 ], [ -83.056284891104298, 35.4259818928169 ], [ -83.061789865784306, 35.425337810923502 ], [ -83.067732196103606, 35.429144243887499 ], [ -83.075248377496393, 35.4305595045834 ], [ -83.077122682570803, 35.433628588687803 ], [ -83.079992616233497, 35.434509413203401 ], [ -83.078832130933307, 35.436884184388703 ], [ -83.080357335945607, 35.441528017774097 ], [ -83.079477293155904, 35.447572286108297 ], [ -83.089991715928704, 35.448382250216099 ], [ -83.091438978632596, 35.457538543149603 ], [ -83.108971518952302, 35.464112119382897 ], [ -83.122090388550106, 35.465471754641896 ], [ -83.132063230866507, 35.463094273462701 ], [ -83.137717782725602, 35.464083183517197 ], [ -83.136413387589201, 35.4730455902031 ], [ -83.138006667951799, 35.475617260943203 ], [ -83.136456877117794, 35.4791858063424 ], [ -83.140493246472403, 35.4843573262117 ], [ -83.137412781938494, 35.488825262899603 ], [ -83.138633975868302, 35.4912459345013 ], [ -83.142091013706803, 35.493656831174903 ], [ -83.161112187266596, 35.496199289372697 ], [ -83.160001157778296, 35.501993304930998 ], [ -83.164118032137495, 35.5094132168648 ], [ -83.174554914984, 35.5092719535836 ], [ -83.185901910543606, 35.511831653080797 ], [ -83.186325608306902, 35.514375200769102 ], [ -83.173913577976094, 35.521792100211499 ], [ -83.1731468878329, 35.5288624344727 ], [ -83.169954171992103, 35.531043453455602 ], [ -83.1717479553445, 35.533812559183097 ], [ -83.171613069907494, 35.537652878549103 ], [ -83.165368818840506, 35.538482040562201 ], [ -83.162926543741605, 35.548057471291102 ], [ -83.159680174950694, 35.548430678264403 ], [ -83.155838937167005, 35.552629362630398 ], [ -83.159519066474502, 35.558661598646601 ], [ -83.160059517094496, 35.5626158193664 ], [ -83.163346445107507, 35.564676257717998 ], [ -83.162068297147798, 35.568187039167498 ], [ -83.166753047763194, 35.578472190456303 ], [ -83.175213278507599, 35.580769308731597 ], [ -83.183545280428504, 35.586323523421299 ], [ -83.183162208194702, 35.589405576094897 ], [ -83.184642076151206, 35.591427324961202 ], [ -83.183202702416693, 35.596091364408998 ], [ -83.185375768195499, 35.599376506136402 ], [ -83.182658676962703, 35.605212149955697 ], [ -83.175984430423497, 35.6124574958598 ], [ -83.179018992219198, 35.614303373205303 ], [ -83.181637110820702, 35.618693644060897 ], [ -83.180710770734805, 35.622996041843798 ], [ -83.175875315370405, 35.627506646670099 ], [ -83.177102142715, 35.631961550017003 ], [ -83.187518297703804, 35.640827435924798 ], [ -83.199861812913497, 35.641194556067099 ], [ -83.202433696406999, 35.6445072223149 ], [ -83.202824925296795, 35.6495721087418 ], [ -83.196384935192, 35.654319610303098 ], [ -83.194669355533094, 35.660896221045903 ], [ -83.181981373010601, 35.6713338387001 ], [ -83.189358994124007, 35.673553819972298 ], [ -83.191979387134793, 35.677877454505399 ], [ -83.194618501988202, 35.677866133788399 ], [ -83.199723280191193, 35.681062794369502 ], [ -83.203776387671397, 35.679688997580499 ], [ -83.206948412558503, 35.681072746937502 ], [ -83.215134063390295, 35.692343885129503 ], [ -83.254261683870098, 35.695600369028902 ], [ -83.257434674376597, 35.705127023499998 ], [ -83.251572278968695, 35.708981166628597 ], [ -83.255360376693304, 35.715250558626302 ], [ -83.251511416847904, 35.7197586536616 ], [ -83.243253453415207, 35.722526799182901 ], [ -83.2408317827513, 35.726862484493502 ], [ -83.218086129275093, 35.725964529078801 ], [ -83.214568498733698, 35.724119786339699 ], [ -83.207387071564696, 35.726198096603298 ], [ -83.197483408910998, 35.725336974475098 ], [ -83.185599206926994, 35.730282477584403 ], [ -83.177796824413406, 35.744390072589098 ], [ -83.170289597911193, 35.746037380971899 ], [ -83.168327075205397, 35.7507651839177 ], [ -83.164794924118596, 35.753994837725202 ], [ -83.164975986622693, 35.759686932931203 ], [ -83.159589286361907, 35.764657817917403 ], [ -83.136475376400497, 35.765145875169203 ], [ -83.127468362202094, 35.768092616800097 ], [ -83.120613170457105, 35.766437537626103 ], [ -83.118243962950601, 35.769790390115702 ], [ -83.111208640832004, 35.770630631387803 ], [ -83.104607734031205, 35.7743842677096 ], [ -83.096758422273396, 35.776357595367102 ], [ -83.094584820398097, 35.779607138126401 ], [ -83.089306817767195, 35.781498321584401 ], [ -83.085269210571298, 35.785851109385703 ], [ -83.078507531272805, 35.789681625008498 ], [ -83.074205714392406, 35.790144002663901 ], [ -83.063751854020396, 35.786920551591002 ], [ -83.052825821909394, 35.789711921451499 ], [ -83.043066407918502, 35.785413464196203 ], [ -83.036046734723698, 35.787511084170902 ], [ -83.023890687032207, 35.783426470521903 ], [ -83.020352385075896, 35.780408694842301 ], [ -83.016029541410802, 35.782055821943402 ], [ -83.010907030679903, 35.778751690710401 ], [ -83.005992086502204, 35.778502594066701 ], [ -83.001295967320502, 35.773786317884102 ], [ -82.9959933053903, 35.773089251425802 ], [ -82.983929001520195, 35.778099491730401 ], [ -82.969703516898605, 35.789641879428203 ], [ -82.960156574460896, 35.790732066395897 ], [ -82.959566115860696, 35.786876159448298 ], [ -82.95681735526, 35.785096385693798 ], [ -82.957351272790703, 35.7825094425164 ], [ -82.955727731337603, 35.7827558658702 ], [ -82.951922500618295, 35.779494240057197 ], [ -82.952648467322604, 35.776639841954598 ], [ -82.949995280075498, 35.774494159633697 ], [ -82.952187528018499, 35.771104748412 ], [ -82.9500821194368, 35.766365448397202 ], [ -82.953141433671703, 35.762164788345999 ], [ -82.952691587977995, 35.759103444930801 ], [ -82.955546669790806, 35.759125502402597 ], [ -82.956869538850299, 35.757416366150998 ], [ -82.955098308943207, 35.750369775344502 ], [ -82.957180005522403, 35.746849553617999 ], [ -82.953371989196299, 35.745736024653503 ], [ -82.952934937597902, 35.742605996276403 ], [ -82.947883191777294, 35.738952316971599 ], [ -82.936137493930602, 35.744843164222203 ], [ -82.926475476009102, 35.744994912321097 ], [ -82.923015775020502, 35.746752349996598 ], [ -82.917653585999801, 35.744815166133201 ], [ -82.915566364751101, 35.737600556432902 ], [ -82.907693646553895, 35.727850523503001 ], [ -82.908570974952198, 35.724889210234203 ], [ -82.906721083732506, 35.720241666307999 ], [ -82.910412637853298, 35.716191249557497 ], [ -82.901874638407904, 35.709221977466598 ], [ -82.898618252791593, 35.703742617943099 ], [ -82.900503820215107, 35.695619013711102 ], [ -82.898263414155096, 35.691199769273403 ], [ -82.898628374844407, 35.687021903221897 ], [ -82.901074801883098, 35.684935568238899 ], [ -82.883913035609396, 35.678241365904803 ], [ -82.888012507896605, 35.672729158985497 ], [ -82.876798869998296, 35.666213279790902 ], [ -82.878045571096195, 35.6625325033541 ], [ -82.872169256912898, 35.657449551987902 ], [ -82.874620082340499, 35.651443451203001 ], [ -82.868692604682295, 35.645257670951501 ], [ -82.869015283808395, 35.641855798779801 ], [ -82.865074183808403, 35.6348023182181 ], [ -82.855289247410397, 35.636810764043702 ], [ -82.851774352262396, 35.635429738396802 ], [ -82.850908057544004, 35.632871988570997 ], [ -82.852059794325598, 35.630099249946703 ], [ -82.850448080052502, 35.627726047008998 ], [ -82.851672116054303, 35.617278577107101 ], [ -82.846093841597593, 35.614316052522099 ], [ -82.844871375485098, 35.616517620593598 ], [ -82.836189027607205, 35.621383731819897 ], [ -82.831813546177898, 35.619641674876803 ], [ -82.828994489188403, 35.6202074499151 ], [ -82.826441959644796, 35.622859902364702 ], [ -82.821187413349307, 35.623171075718602 ], [ -82.814445969107595, 35.627748132632298 ], [ -82.811604667112704, 35.627272335111698 ], [ -82.809755884311201, 35.625006555579503 ], [ -82.809621531981506, 35.617847658564102 ], [ -82.803493540542902, 35.610865842849798 ], [ -82.801908394938096, 35.6025264999097 ], [ -82.799197636743301, 35.597857195990798 ], [ -82.784056368077401, 35.591251926196001 ], [ -82.777181045562003, 35.582416086075 ], [ -82.778515533778105, 35.577886975253897 ], [ -82.7705538687661, 35.575938567386402 ], [ -82.765897228656996, 35.567502255442299 ], [ -82.772657502326695, 35.562570312506701 ], [ -82.777528010991006, 35.555625607982797 ], [ -82.771246637064905, 35.550404478953503 ], [ -82.765952193221906, 35.539005827683702 ], [ -82.767771414170397, 35.535221154167097 ], [ -82.774149122351801, 35.531886760184697 ], [ -82.780215268583703, 35.525718145879999 ], [ -82.778015560322601, 35.519932219683902 ], [ -82.785000744305293, 35.507462068343898 ], [ -82.782450702320602, 35.504300720454602 ], [ -82.786533404438401, 35.498130746511201 ], [ -82.785805294964106, 35.4948498715776 ], [ -82.793377433932903, 35.484075268852898 ], [ -82.797458701594493, 35.471360347813601 ], [ -82.799640975581895, 35.471041098930797 ], [ -82.794119243349698, 35.469060311965102 ], [ -82.794641143770306, 35.465468538185903 ], [ -82.786187650449605, 35.457034572251601 ], [ -82.784073518892001, 35.444011506752503 ], [ -82.781694725548107, 35.4395484580416 ], [ -82.768576504108594, 35.432448789259098 ], [ -82.765990937518794, 35.432486722082103 ], [ -82.7560653234802, 35.425203066742903 ], [ -82.748542324907007, 35.425536006834001 ], [ -82.7452501186402, 35.423459718774801 ], [ -82.749506726927393, 35.413018495268901 ], [ -82.746062726125601, 35.4102108530167 ], [ -82.745623890302596, 35.407352070734902 ], [ -82.750132063809104, 35.406695840956999 ], [ -82.754373917408003, 35.403024490396902 ], [ -82.759819464837193, 35.402306642480099 ], [ -82.764610657425905, 35.396245221470799 ], [ -82.7736839941429, 35.393884816955001 ], [ -82.777320590134906, 35.388649108187003 ], [ -82.7817304758604, 35.386813281896202 ], [ -82.782588565346501, 35.382891082434597 ], [ -82.787652554378894, 35.381132392160502 ], [ -82.791680859290594, 35.367221119376801 ], [ -82.796029313526901, 35.364433692524301 ], [ -82.7975472474414, 35.358788964579702 ], [ -82.801267851088397, 35.356252343110299 ], [ -82.803201345868601, 35.3501861641452 ], [ -82.805328627479497, 35.3478540001826 ], [ -82.814711185557499, 35.344398975703001 ], [ -82.813193981602097, 35.339535384845099 ], [ -82.815078500541006, 35.336084719636197 ], [ -82.823024112995299, 35.331944514269999 ], [ -82.825110796466504, 35.3278480634118 ], [ -82.824961068844203, 35.324175580092003 ], [ -82.829462788718601, 35.322726142155602 ], [ -82.831875255111797, 35.318394484663202 ], [ -82.845266273426205, 35.319031171250103 ], [ -82.857900636557702, 35.317004431251199 ], [ -82.861239124203294, 35.314421362841401 ], [ -82.869183037658701, 35.315849283627301 ], [ -82.872836542682407, 35.313989304547199 ], [ -82.876869855986499, 35.314510781539198 ], [ -82.885010949453502, 35.308051214692398 ], [ -82.892899049954295, 35.3077292606092 ], [ -82.894942005212101, 35.305493750305203 ], [ -82.899758561076396, 35.305284516571902 ], [ -82.908408898825698, 35.2991326809708 ], [ -82.9144616940128, 35.297363418828702 ], [ -82.917632280576498, 35.291690904372103 ], [ -82.920884984907303, 35.292043941717097 ] ] ] } },
{ "type": "Feature", "properties": { "OBJECTID": 45, "County": "Henderson", "FIPS": "089", "Rec_Survey": "Recorded survey data is available. Visit North Carolina Geodetic Survey for information. https://ncgs.state.nc.us", "NCGS_url": "https://ncem-gis.maps.arcgis.com/apps/webappviewer/index.html?id=8f3edbd62c004edd8b4fe3640f224738", "ck_date": "2011-11-29T00:00:00Z", "Shape__Area": 10457322037.599243, "Shape__Length": 599031.94556793699, "GlobalID": "2bcd320d-cb79-4803-8ccd-5b0401f14f8a" }, "geometry": { "type": "Polygon", "coordinates": [ [ [ -82.577632075153105, 35.146361347933897 ], [ -82.577284287770894, 35.148103249959902 ], [ -82.579211286456299, 35.1499605601322 ], [ -82.585374450865203, 35.151783818220999 ], [ -82.586687636063203, 35.155894286820299 ], [ -82.585798265618706, 35.158757404247403 ], [ -82.589244956284205, 35.159685544861198 ], [ -82.590965629816594, 35.162811722750199 ], [ -82.603971996723502, 35.221797407900503 ], [ -82.604271203143, 35.2589470741597 ], [ -82.611018330602107, 35.261515153635798 ], [ -82.614409324666497, 35.2595152173459 ], [ -82.616198079543395, 35.260252239427601 ], [ -82.610190364205195, 35.2882060223235 ], [ -82.619037735153199, 35.288435844662402 ], [ -82.624000097975298, 35.297074791897899 ], [ -82.622218062160698, 35.302962991737203 ], [ -82.619252278063598, 35.303714533261697 ], [ -82.650531498183099, 35.331831292025498 ], [ -82.7451430001707, 35.422973681522699 ], [ -82.741889241096501, 35.4253294798593 ], [ -82.739628599357403, 35.429684439228502 ], [ -82.731522382046705, 35.431857975999499 ], [ -82.7303650757963, 35.435573842247798 ], [ -82.725442189411098, 35.437565328658003 ], [ -82.715771843671007, 35.447815383179197 ], [ -82.711968644502093, 35.448433717345097 ], [ -82.705655671728195, 35.4526415590054 ], [ -82.700573278418801, 35.4543441103813 ], [ -82.699347448293594, 35.453043263590097 ], [ -82.695294058602101, 35.454532972595899 ], [ -82.679809832351694, 35.4540698475965 ], [ -82.673103104330195, 35.459499381506298 ], [ -82.665399143951703, 35.457236864351501 ], [ -82.660610345726099, 35.452782970686698 ], [ -82.652929672731702, 35.455010468949503 ], [ -82.650627297667, 35.451940847027899 ], [ -82.644078492656604, 35.449071047090797 ], [ -82.641967538688206, 35.444298387186898 ], [ -82.635235430873195, 35.442868402821297 ], [ -82.621752385511698, 35.435699877753301 ], [ -82.618081986671697, 35.440236838881901 ], [ -82.614409315183096, 35.439847431947598 ], [ -82.608424751266597, 35.443259410350798 ], [ -82.595017922464507, 35.435712052656903 ], [ -82.590357279773102, 35.437886591226402 ], [ -82.584275806357198, 35.433891093286299 ], [ -82.570611639669494, 35.431051613881699 ], [ -82.567988366277604, 35.435011255170103 ], [ -82.567943315679699, 35.437923158463597 ], [ -82.561904651338693, 35.4375977275784 ], [ -82.561192354544602, 35.443185870340301 ], [ -82.548823903233895, 35.444330031690399 ], [ -82.549372629133401, 35.440605452678398 ], [ -82.546629677817506, 35.440565680273501 ], [ -82.542484716973405, 35.431293524091402 ], [ -82.546954080713704, 35.425165848801797 ], [ -82.543855778159397, 35.423218053636496 ], [ -82.539715254571306, 35.4230651863529 ], [ -82.538531858642202, 35.421359107147097 ], [ -82.535939850865901, 35.422245036097003 ], [ -82.533231650747595, 35.416456893898797 ], [ -82.535460223055395, 35.422386566698897 ], [ -82.529841428862198, 35.422805404560798 ], [ -82.530119655306706, 35.428364293401401 ], [ -82.534661558896403, 35.428888441783201 ], [ -82.534832901489196, 35.431561895192303 ], [ -82.531173786871506, 35.432370015193897 ], [ -82.533187917706798, 35.436313986988097 ], [ -82.536984844785906, 35.437403705948498 ], [ -82.534979939204703, 35.444206983933398 ], [ -82.538107569488304, 35.4444458842529 ], [ -82.470560576507793, 35.445181048269703 ], [ -82.461249200543904, 35.4508799224255 ], [ -82.455791029653199, 35.449723151771501 ], [ -82.453896365249705, 35.455481133844003 ], [ -82.446924793257296, 35.458235567732501 ], [ -82.445789614383202, 35.460906570335901 ], [ -82.434552419215507, 35.463072740693299 ], [ -82.430354203289795, 35.465451889737203 ], [ -82.4271894053702, 35.470365012924098 ], [ -82.422998366795298, 35.470588352347797 ], [ -82.417514924123694, 35.474507830882601 ], [ -82.411314822034598, 35.472083158879499 ], [ -82.406987347348405, 35.473810216654897 ], [ -82.401883905658906, 35.469833740586203 ], [ -82.400319811410995, 35.4713212085259 ], [ -82.388246914053497, 35.469988842519903 ], [ -82.381190942370495, 35.463600420015901 ], [ -82.3685028627918, 35.460623022713499 ], [ -82.363136323612196, 35.460966336353998 ], [ -82.367249140510495, 35.464030716551498 ], [ -82.368006605056195, 35.468745789795499 ], [ -82.370685353876993, 35.4720222712658 ], [ -82.369736391818606, 35.475499256535201 ], [ -82.371876166911505, 35.479917095838097 ], [ -82.369324204316399, 35.482522360096297 ], [ -82.369327031359404, 35.485524348251403 ], [ -82.360874114650002, 35.485094054946202 ], [ -82.358922136381395, 35.489192960616897 ], [ -82.356402313159293, 35.490718304808098 ], [ -82.345394044787596, 35.487836800439602 ], [ -82.341006413649794, 35.488892853370899 ], [ -82.338675201694002, 35.490878019734602 ], [ -82.339584042628204, 35.4947851977916 ], [ -82.337884726953902, 35.498500924356598 ], [ -82.332825627060103, 35.5002271913283 ], [ -82.265798498648195, 35.467825089978902 ], [ -82.2805532355694, 35.442828243769 ], [ -82.273426413482696, 35.4307132562801 ], [ -82.275806730643197, 35.423288771266797 ], [ -82.272716263726494, 35.418846778729197 ], [ -82.272610472444498, 35.409674299041399 ], [ -82.268517385395199, 35.406221143010001 ], [ -82.270205405421606, 35.400467794630202 ], [ -82.261771281208595, 35.394479505514603 ], [ -82.261385794870407, 35.388653441457002 ], [ -82.276747935116703, 35.374697934417597 ], [ -82.281380739723502, 35.367587207043101 ], [ -82.279838704465206, 35.365113610042897 ], [ -82.282073963084898, 35.3607945033975 ], [ -82.2900121826397, 35.353843521317302 ], [ -82.290033436004805, 35.351760678881497 ], [ -82.297977554940303, 35.339736948767303 ], [ -82.298145896646801, 35.335916740620704 ], [ -82.302478515551797, 35.335224964445302 ], [ -82.305268756132506, 35.332636323808998 ], [ -82.305697926211295, 35.326706483293698 ], [ -82.308145856711107, 35.326997779747302 ], [ -82.307991561530301, 35.322122963475103 ], [ -82.311284553196998, 35.320100395908497 ], [ -82.310432490460101, 35.3147142463649 ], [ -82.314227790882796, 35.312966484986099 ], [ -82.318149568013098, 35.306667778543101 ], [ -82.318833580687993, 35.307954214402699 ], [ -82.326577625872304, 35.309244920203398 ], [ -82.329507016186994, 35.307639722297701 ], [ -82.330464898656004, 35.302709842197899 ], [ -82.3379511137869, 35.296547188679497 ], [ -82.3377222932655, 35.294376393061299 ], [ -82.341173393910196, 35.291485011349401 ], [ -82.341829327232503, 35.288621215185302 ], [ -82.3460848299068, 35.2861583083318 ], [ -82.349656623592395, 35.244311894081598 ], [ -82.359155934566701, 35.244495537025401 ], [ -82.359260235522399, 35.228331845967197 ], [ -82.350934803233002, 35.2282962166774 ], [ -82.353758413372901, 35.1909723218848 ], [ -82.359647246166404, 35.192495975812498 ], [ -82.3607981323877, 35.190285701440203 ], [ -82.363977778110197, 35.189535165490803 ], [ -82.3645132029541, 35.1883347548847 ], [ -82.361929278610901, 35.1867330732547 ], [ -82.365779627497204, 35.183005662549398 ], [ -82.369247264895606, 35.180654945152 ], [ -82.372584409948601, 35.180847229477699 ], [ -82.376528784280296, 35.185631457325101 ], [ -82.381150449456399, 35.187778322563098 ], [ -82.383318783478899, 35.191314984069699 ], [ -82.383074152197295, 35.194243632608 ], [ -82.377890082348998, 35.195782755455298 ], [ -82.382138720900699, 35.203436182238697 ], [ -82.383931386933099, 35.2108555512783 ], [ -82.387677074619802, 35.212437548570797 ], [ -82.389884267327204, 35.215491994431602 ], [ -82.393795376445695, 35.215231225370303 ], [ -82.399367623968004, 35.209353776150202 ], [ -82.398263259526203, 35.206860219811702 ], [ -82.400123856136403, 35.205197734156499 ], [ -82.4122245052491, 35.202372382912003 ], [ -82.415820688365599, 35.1992418666837 ], [ -82.416531469741003, 35.201035859750696 ], [ -82.422626542591104, 35.195894173622598 ], [ -82.424219217860596, 35.1930830442341 ], [ -82.422803105175504, 35.190808987347502 ], [ -82.425179612227197, 35.1900571548193 ], [ -82.428285948523595, 35.183786206884399 ], [ -82.425892943233293, 35.179408362805901 ], [ -82.430807955880695, 35.177930116887197 ], [ -82.432366465035003, 35.172371202648897 ], [ -82.435473647037597, 35.170496263128499 ], [ -82.4346128305652, 35.167987762186002 ], [ -82.439873324674593, 35.165749793322099 ], [ -82.4508576576726, 35.165659053333599 ], [ -82.457320916721599, 35.163931452074202 ], [ -82.457929505679303, 35.167014630787598 ], [ -82.451784210733805, 35.1726044014869 ], [ -82.454972648546402, 35.176948147198303 ], [ -82.460672082614707, 35.177943470023102 ], [ -82.468209925547399, 35.174360706145499 ], [ -82.474949652804796, 35.173894478138799 ], [ -82.478159396199104, 35.175982585830603 ], [ -82.480033327870004, 35.174251373413199 ], [ -82.486330228858904, 35.174180230062198 ], [ -82.487003357788694, 35.169809613821599 ], [ -82.492191248062596, 35.168252557573602 ], [ -82.495546057820107, 35.164509565289897 ], [ -82.495476956959806, 35.162043059986601 ], [ -82.504203776079606, 35.165885320122101 ], [ -82.507687659718499, 35.1622795045175 ], [ -82.516929298518704, 35.163217939196301 ], [ -82.519767077321504, 35.159181425545903 ], [ -82.527385825170896, 35.155801950979402 ], [ -82.532396540975498, 35.156118834447597 ], [ -82.535914740269405, 35.154482990744597 ], [ -82.536804331906794, 35.160044817686597 ], [ -82.544744463211202, 35.161931680408799 ], [ -82.545890685549395, 35.164229259121697 ], [ -82.547708622520403, 35.1621198214686 ], [ -82.553258411306402, 35.1615769020096 ], [ -82.555645505272196, 35.1594732529596 ], [ -82.555906216662706, 35.156530181986298 ], [ -82.553164426279807, 35.153400020558799 ], [ -82.554251195458505, 35.152425401691602 ], [ -82.557907274376504, 35.150687167793699 ], [ -82.564229358767605, 35.152365774013902 ], [ -82.567672128210802, 35.1491873981089 ], [ -82.5680892771489, 35.145716555107597 ], [ -82.572748295599794, 35.144194973444201 ], [ -82.577632075153105, 35.146361347933897 ] ] ] } },
{ "type": "Feature", "properties": { "OBJECTID": 46, "County": "Hertford", "FIPS": "091", "Rec_Survey": "Recorded survey data is available. Visit North Carolina Geodetic Survey for information. https://ncgs.state.nc.us", "NCGS_url": "https://ncem-gis.maps.arcgis.com/apps/webappviewer/index.html?id=8f3edbd62c004edd8b4fe3640f224738", "ck_date": "2025-01-13T00:00:00Z", "Shape__Area": 10046719799.533203, "Shape__Length": 588862.81049485074, "GlobalID": "14a61c1f-e7a2-4c5d-b4e1-44ae2fa1cd8f" }, "geometry": { "type": "Polygon", "coordinates": [ [ [ -76.7065860168223, 36.243803163219603 ], [ -76.903385235044198, 36.242993249049199 ], [ -76.928228074672802, 36.240139048263899 ], [ -76.943827922225196, 36.241394087412203 ], [ -76.971400977025795, 36.238137023613703 ], [ -76.985740478675993, 36.242114066219798 ], [ -77.008385882981599, 36.239120000363599 ], [ -77.183146776390501, 36.242831865673899 ], [ -77.2087301061472, 36.246616076116403 ], [ -77.190346067995407, 36.286737508630999 ], [ -77.131419095602297, 36.437830038567299 ], [ -77.131593719578504, 36.441517818618699 ], [ -77.136527375779707, 36.447409024478901 ], [ -77.137016067608002, 36.4559155963561 ], [ -77.126531483698699, 36.463968082341196 ], [ -77.122961390186802, 36.471224663031897 ], [ -77.119520207243895, 36.473992025283799 ], [ -77.114587123005805, 36.473896854084302 ], [ -77.112340250591103, 36.477726765142897 ], [ -77.107393872259195, 36.475790292611798 ], [ -77.101448563001199, 36.477160799581597 ], [ -77.099932383482994, 36.479102213386703 ], [ -77.093622929184505, 36.472333153597603 ], [ -77.091675466550797, 36.4716893122228 ], [ -77.085373923081605, 36.475462254221 ], [ -77.083639941799404, 36.472308429245302 ], [ -77.081284347702905, 36.474882779474299 ], [ -77.082929323875206, 36.4766905293299 ], [ -77.079938213639906, 36.478811051742497 ], [ -77.076737519880396, 36.4805691914585 ], [ -77.074396738391698, 36.478136854372103 ], [ -77.0749810581231, 36.481050858792798 ], [ -77.071299700805397, 36.479276339308399 ], [ -77.070915288534195, 36.483500293257102 ], [ -77.066350738867897, 36.483173981300801 ], [ -77.067628792429204, 36.4847803241652 ], [ -77.066286039395607, 36.487194051114898 ], [ -77.068740929901594, 36.4872391784236 ], [ -77.069384667827507, 36.489357743762 ], [ -77.0671144815025, 36.492370513850801 ], [ -77.069930178956596, 36.4945493135194 ], [ -77.066453969404506, 36.496975216463099 ], [ -77.070063020758198, 36.498761764873997 ], [ -77.071565700603699, 36.4974275885995 ], [ -77.074003963936207, 36.499522033860899 ], [ -77.074672619370901, 36.4962425560715 ], [ -77.076883354616697, 36.4960356366065 ], [ -77.078000762410795, 36.497619761534402 ], [ -77.079977461533005, 36.4963908026998 ], [ -77.085710384160095, 36.500266263498801 ], [ -77.084036785475107, 36.500984346880401 ], [ -77.085153849439706, 36.505296959721903 ], [ -77.080873963907806, 36.507201583569199 ], [ -77.083273082970294, 36.507239009715697 ], [ -77.083429313589704, 36.513207717795801 ], [ -77.086969050685795, 36.513543531375198 ], [ -77.092798642036598, 36.518177314914396 ], [ -77.0957646398778, 36.516480416481699 ], [ -77.0990570987815, 36.5170274558686 ], [ -77.103228970662698, 36.521054131987398 ], [ -77.103284616247095, 36.516655389622002 ], [ -77.114422947368197, 36.518301933738996 ], [ -77.114121174393105, 36.521508871470097 ], [ -77.118882609191203, 36.523187585513 ], [ -77.121808549901203, 36.522148733888201 ], [ -77.121124958077004, 36.519246580720299 ], [ -77.122850764034695, 36.520441374187001 ], [ -77.127035085615603, 36.518116090869299 ], [ -77.131244101317805, 36.522344712948801 ], [ -77.135365645400796, 36.523751950255402 ], [ -77.148533262030796, 36.525093226057599 ], [ -77.148509599165195, 36.526816131397602 ], [ -77.152555165950105, 36.5297882398255 ], [ -77.150445511162701, 36.530487609019303 ], [ -77.150735061723594, 36.533351000033903 ], [ -77.148697717316395, 36.534064482342501 ], [ -77.149376079881094, 36.536542075150102 ], [ -77.153352911281303, 36.537959560151101 ], [ -77.151523380640896, 36.538421635910503 ], [ -77.150973393039607, 36.540534793609403 ], [ -77.152739119177895, 36.539686643616001 ], [ -77.154890350008102, 36.541403015122498 ], [ -77.157264224827301, 36.539947083804798 ], [ -77.157614882393403, 36.542977805883403 ], [ -77.160446377531201, 36.542011694558198 ], [ -77.163878187879902, 36.544125646048599 ], [ -77.164379648882303, 36.5463363364779 ], [ -77.152922815586194, 36.544137056296201 ], [ -76.914351012665094, 36.543652507419999 ], [ -76.916385391224296, 36.538731691130799 ], [ -76.921602600527606, 36.538219471630804 ], [ -76.920010603918797, 36.532345725423497 ], [ -76.923918361772394, 36.532324953659497 ], [ -76.924993184802403, 36.5307512797065 ], [ -76.922638555718294, 36.528790975696502 ], [ -76.916226450725603, 36.530753391095303 ], [ -76.9039661241479, 36.521398153199499 ], [ -76.903137715467494, 36.519102841728802 ], [ -76.906561450303798, 36.515681069359303 ], [ -76.907082645356795, 36.509257001364901 ], [ -76.913006392335205, 36.504202641625298 ], [ -76.920006913371395, 36.504887241063699 ], [ -76.925263713134001, 36.488268780919597 ], [ -76.935203384348895, 36.484019289975699 ], [ -76.936362979407093, 36.4801429898924 ], [ -76.933341676134603, 36.473429700305601 ], [ -76.934364687905898, 36.471275681629898 ], [ -76.947082683606297, 36.472357265057603 ], [ -76.950608501075905, 36.470797000524399 ], [ -76.946744717489295, 36.465769714830998 ], [ -76.949034539950603, 36.457290022253403 ], [ -76.9452032870621, 36.441446332376103 ], [ -76.947259633109994, 36.4166306419758 ], [ -76.945390186942504, 36.412384130928203 ], [ -76.933472501623996, 36.401876740103901 ], [ -76.906125558983803, 36.390137870012403 ], [ -76.893607555610203, 36.390134705188203 ], [ -76.8828418436905, 36.383026092746199 ], [ -76.874093787594504, 36.383197538525302 ], [ -76.852146382694002, 36.375619071963797 ], [ -76.839172146607496, 36.374411190266898 ], [ -76.831736221964405, 36.371463508135101 ], [ -76.821444473593402, 36.364134353778297 ], [ -76.795410861306806, 36.359723983997597 ], [ -76.789932993317393, 36.3600844281832 ], [ -76.784768146568595, 36.362745911616699 ], [ -76.779469371485604, 36.362476464343302 ], [ -76.7685475020631, 36.353754055448597 ], [ -76.760202280451196, 36.351678794029802 ], [ -76.736479488002104, 36.324841847998698 ], [ -76.725944894411398, 36.318296774161901 ], [ -76.7133123618908, 36.3055861826765 ], [ -76.699592193495306, 36.299676540510298 ], [ -76.696577725912107, 36.296188411323499 ], [ -76.694814968520404, 36.285030070861801 ], [ -76.689464656574103, 36.270991384738501 ], [ -76.7065860168223, 36.243803163219603 ] ] ] } },
{ "type": "Feature", "properties": { "OBJECTID": 47, "County": "Hoke", "FIPS": "093", "Rec_Survey": "Recorded survey data is available. Visit North Carolina Geodetic Survey for information. https://ncgs.state.nc.us", "NCGS_url": "https://ncem-gis.maps.arcgis.com/apps/webappviewer/index.html?id=8f3edbd62c004edd8b4fe3640f224738", "ck_date": "2011-11-29T00:00:00Z", "Shape__Area": 10916061076.229126, "Shape__Length": 535987.4652533714, "GlobalID": "a8e23dae-b8d7-4735-9d53-5f5e1efcd2ba" }, "geometry": { "type": "Polygon", "coordinates": [ [ [ -79.347871115952898, 34.838560555597901 ], [ -79.347906437915697, 34.843153770414403 ], [ -79.345137637004598, 34.843370635398102 ], [ -79.345294844250503, 34.846007210506798 ], [ -79.341781414375305, 34.847516509034499 ], [ -79.342150952104205, 34.8492477657311 ], [ -79.338756762832602, 34.850435251995599 ], [ -79.340231377743507, 34.851848438386803 ], [ -79.336925893278504, 34.853797314201799 ], [ -79.337335967347997, 34.856401053290199 ], [ -79.338974964308505, 34.857032818952703 ], [ -79.337852450717406, 34.859293742429799 ], [ -79.341552920659197, 34.862322092205098 ], [ -79.342109756819298, 34.868296802152202 ], [ -79.3435521456354, 34.868440544934899 ], [ -79.342035331907098, 34.871935165347701 ], [ -79.345704172860906, 34.876064248137801 ], [ -79.344259530444603, 34.877734799539397 ], [ -79.346552843995099, 34.879074867283798 ], [ -79.348920232287298, 34.893657642101502 ], [ -79.350317565585598, 34.894548671904303 ], [ -79.348301379481001, 34.896164676121202 ], [ -79.349808096964097, 34.898925899046802 ], [ -79.348323983982596, 34.899642067928802 ], [ -79.348516582404898, 34.902989616372899 ], [ -79.352099141475605, 34.911129723017503 ], [ -79.350420821043301, 34.917525466203699 ], [ -79.351748583048803, 34.919822776347303 ], [ -79.349727733394005, 34.921397022949201 ], [ -79.351028194322694, 34.9245910984585 ], [ -79.352451182582797, 34.924067920139002 ], [ -79.354593101121097, 34.9265829722736 ], [ -79.356132746240405, 34.933146085740603 ], [ -79.354219797196194, 34.934479049880999 ], [ -79.354660641091101, 34.937212792540798 ], [ -79.353212374104004, 34.936898854029799 ], [ -79.354298246540296, 34.938636008788897 ], [ -79.352907996946797, 34.9395704978146 ], [ -79.353135280908504, 34.944336057851999 ], [ -79.355263186159704, 34.944844062903002 ], [ -79.358455307803794, 34.949658730339202 ], [ -79.362245893493494, 34.950354505540702 ], [ -79.362066838116405, 34.953080437477702 ], [ -79.363647693122502, 34.954190922903003 ], [ -79.3608419282141, 34.957929055235802 ], [ -79.362381019439795, 34.957519508681699 ], [ -79.363975332450295, 34.960318866977303 ], [ -79.369950003360003, 34.9633539775485 ], [ -79.370518897024397, 34.966643283797197 ], [ -79.378539709237401, 34.975790990445397 ], [ -79.381906481533406, 34.976509973211499 ], [ -79.386348848796601, 34.981469422014001 ], [ -79.388391643355604, 34.9814741362134 ], [ -79.390597945651606, 34.9838469449735 ], [ -79.390190402132703, 34.985940520142996 ], [ -79.396612978123997, 34.991822017810101 ], [ -79.396509012541898, 34.994121914138901 ], [ -79.398364022092693, 34.993966385625598 ], [ -79.401165561628105, 34.997413705490899 ], [ -79.407618440366605, 34.999249823823398 ], [ -79.410101346105904, 35.001998324457901 ], [ -79.415983126197304, 35.002924648705601 ], [ -79.421112678886701, 35.009049597308902 ], [ -79.424920350919194, 35.010360044868598 ], [ -79.431332662493602, 35.020137784338999 ], [ -79.441969059690507, 35.0222824665857 ], [ -79.445812226161905, 35.026045130360501 ], [ -79.449348585255905, 35.0268637571425 ], [ -79.450054681404097, 35.030208239987402 ], [ -79.452059195881503, 35.030444624631002 ], [ -79.452818356411598, 35.033791796513498 ], [ -79.457342180954996, 35.037674912359101 ], [ -79.456225496738298, 35.0395065324348 ], [ -79.458761964035304, 35.043648837984399 ], [ -79.335480252589804, 35.161594920340697 ], [ -79.328537899053899, 35.161528424197201 ], [ -79.329327504014898, 35.164473648412397 ], [ -79.324000871012402, 35.166875539157999 ], [ -79.312302876074199, 35.168491741465203 ], [ -79.310542820421205, 35.172970691485403 ], [ -79.304626013395904, 35.175212365275101 ], [ -79.304317829551707, 35.177124524165599 ], [ -79.294477454619894, 35.1847617470439 ], [ -79.292789718823599, 35.188377475212697 ], [ -79.2911230154739, 35.187597187360502 ], [ -79.286309183641293, 35.1906075780837 ], [ -79.284358838276702, 35.190230873118097 ], [ -79.285049814177796, 35.192899805668702 ], [ -79.281286829398695, 35.195298812712501 ], [ -79.277276464636699, 35.19541886527 ], [ -79.275233517564004, 35.197896569881301 ], [ -79.264561404374703, 35.199189732533497 ], [ -79.259536756414604, 35.204501102923203 ], [ -79.255661775552198, 35.202933444479598 ], [ -79.249614912521594, 35.207442735948199 ], [ -79.246662923985099, 35.213107439456401 ], [ -79.242752689937006, 35.213741750444598 ], [ -79.240745078476195, 35.211975751401397 ], [ -79.242111768187002, 35.209251610303802 ], [ -79.240171729261107, 35.208402653445198 ], [ -79.236679100026194, 35.210759630808298 ], [ -79.229714841245197, 35.210608922617403 ], [ -79.223513928723605, 35.202077322895001 ], [ -79.219758639244006, 35.202398576303501 ], [ -79.218320120240307, 35.198344709538098 ], [ -79.2117696048048, 35.193987802276901 ], [ -79.208062014911903, 35.1948286613666 ], [ -79.206211365730397, 35.193664049387401 ], [ -79.204227851853801, 35.195726359847797 ], [ -79.204300709565999, 35.192648430718698 ], [ -79.196004538438999, 35.1930474174384 ], [ -79.195080113937294, 35.191597469800598 ], [ -79.194894070592696, 35.194427355751102 ], [ -79.189041854381102, 35.192359656791602 ], [ -79.1885961368815, 35.194063805510403 ], [ -79.185043872164698, 35.1937099435915 ], [ -79.183750669460807, 35.190726303229503 ], [ -79.181132568711504, 35.189777579381897 ], [ -79.178652114450799, 35.189894717787197 ], [ -79.178270745360905, 35.191838404143297 ], [ -79.175217223749897, 35.193067315038597 ], [ -79.1723964082489, 35.191513535002301 ], [ -79.172872624964, 35.186490953835602 ], [ -79.167962642888597, 35.1850710146932 ], [ -79.168332007062801, 35.181389902234898 ], [ -79.161957356358997, 35.180459338173002 ], [ -79.161509805659506, 35.178730304562201 ], [ -79.159345007998397, 35.179469485103603 ], [ -79.160412240697994, 35.182476182469898 ], [ -79.156416179349605, 35.179954373856702 ], [ -79.154443685338094, 35.180732251219702 ], [ -79.154976878382996, 35.176637293742303 ], [ -79.151835896065606, 35.174154427077603 ], [ -79.1476300953871, 35.176180742047499 ], [ -79.148896248407496, 35.173096661121299 ], [ -79.142852634446498, 35.1690238157748 ], [ -79.137275318216098, 35.171564342841499 ], [ -79.136263130682806, 35.177071005485203 ], [ -79.132955245940195, 35.177755469285898 ], [ -79.129553806030998, 35.175738004436496 ], [ -79.131513205015906, 35.173906237892801 ], [ -79.128218026872105, 35.171645130221997 ], [ -79.127567336663205, 35.167679182887298 ], [ -79.125266819112895, 35.166544540391001 ], [ -79.119882885667096, 35.1717079893793 ], [ -79.110078216352505, 35.170545292535998 ], [ -79.107536523374705, 35.175858704882899 ], [ -79.104413777602304, 35.175216068310398 ], [ -79.103386280891499, 35.172720676340703 ], [ -79.101097879327497, 35.171916502334597 ], [ -79.097596206156396, 35.174231242617303 ], [ -79.1129236289039, 35.125657673655297 ], [ -79.111867464551494, 35.1241908123665 ], [ -79.109124409926494, 35.124677453556401 ], [ -79.1054577969105, 35.121459998322401 ], [ -79.101268441618203, 35.1146129452531 ], [ -79.100760104070304, 35.108070054600397 ], [ -79.098980279681797, 35.105518502570298 ], [ -79.099829656600605, 35.103039233503502 ], [ -79.098325127204902, 35.101003953212697 ], [ -79.0995587549438, 35.0989557975848 ], [ -79.098460842216994, 35.094351784178698 ], [ -79.093178783567893, 35.090356210343998 ], [ -79.091739009004399, 35.082910970624198 ], [ -79.093430927908798, 35.079604917564303 ], [ -79.090503318056705, 35.077853109003797 ], [ -79.089412086134203, 35.073371921374303 ], [ -79.092090614693802, 35.063953727322399 ], [ -79.090390916079102, 35.0593815108653 ], [ -79.093168862689396, 35.056452858118902 ], [ -79.088193232138906, 35.051695640624501 ], [ -79.088156448597402, 35.049553949936097 ], [ -79.091785584793797, 35.047612824666302 ], [ -79.089766501312297, 35.045453710477197 ], [ -79.090294184220198, 35.042037438597703 ], [ -79.084231955146805, 35.035465363680999 ], [ -79.072258848981093, 35.018015490717403 ], [ -79.071394273434393, 35.014517385163302 ], [ -79.061388614039799, 35.007913669993499 ], [ -79.056772596959306, 34.9982886489341 ], [ -79.049702226131899, 34.991960628437901 ], [ -79.047027349831893, 34.978285589182597 ], [ -79.043471364190097, 34.975250107776901 ], [ -79.040989236572898, 34.967740537032903 ], [ -79.037274081417706, 34.9670519404727 ], [ -79.034777966387693, 34.963126327337498 ], [ -79.037585702918193, 34.957544288243497 ], [ -79.035559016588905, 34.9552042291796 ], [ -79.191396003588395, 34.833721928017098 ], [ -79.347871115952898, 34.838560555597901 ] ] ] } },
{ "type": "Feature", "properties": { "OBJECTID": 48, "County": "Hyde", "FIPS": "095", "Rec_Survey": "No recent survey data available", "NCGS_url": " ", "ck_date": "2011-11-29T00:00:00Z", "Shape__Area": 38949259342.879761, "Shape__Length": 1026103.7874717568, "GlobalID": "2ee56c13-324f-4c9b-8b17-78d3fcb6a25b" }, "geometry": { "type": "Polygon", "coordinates": [ [ [ -76.019046060483703, 35.065399346517097 ], [ -76.065775598487605, 35.124944411060099 ], [ -76.304138509386803, 35.201460205364697 ], [ -76.445420441764199, 35.329271068615498 ], [ -76.463758370725003, 35.338140934110001 ], [ -76.518676445262102, 35.348009480033703 ], [ -76.541499753560302, 35.383485287758504 ], [ -76.558264748743298, 35.403062155716299 ], [ -76.561590940537499, 35.423372666867003 ], [ -76.572505579162595, 35.433599427267303 ], [ -76.584878137737505, 35.450573927605099 ], [ -76.585123238638303, 35.457073979150998 ], [ -76.581411765574401, 35.466004668394802 ], [ -76.581424321225697, 35.475756042729998 ], [ -76.579107295879098, 35.485055429945099 ], [ -76.600319170791707, 35.496393402171897 ], [ -76.604444449898494, 35.505790102774696 ], [ -76.604123287929795, 35.512477421040401 ], [ -76.601176350764405, 35.518483479135497 ], [ -76.595512823557797, 35.522077991531901 ], [ -76.590366245191603, 35.523224668612599 ], [ -76.570727984798793, 35.521970526926097 ], [ -76.558829500104906, 35.519401852834697 ], [ -76.512056337578102, 35.5184745202641 ], [ -76.494543953912896, 35.520454470801198 ], [ -76.481651345431104, 35.527280975497703 ], [ -76.474592711246999, 35.536421749473298 ], [ -76.468260546397303, 35.548179317753998 ], [ -76.468558816974493, 35.556737204814098 ], [ -76.470169637503503, 35.558970059413397 ], [ -76.480325573507599, 35.563744334133602 ], [ -76.482470268345494, 35.567574896779199 ], [ -76.487761083472705, 35.568751064474803 ], [ -76.491144852081206, 35.572640235840801 ], [ -76.500468511670903, 35.570795517106497 ], [ -76.502967540432394, 35.5756209349004 ], [ -76.500451000156502, 35.578942835719999 ], [ -76.501594921254494, 35.579730209208599 ], [ -76.506021549248601, 35.581020661326903 ], [ -76.513222073364801, 35.576122525147198 ], [ -76.519080386100299, 35.578809037333102 ], [ -76.519110502722398, 35.584842571703099 ], [ -76.525054891561297, 35.5853221232789 ], [ -76.527745838467595, 35.581581653150202 ], [ -76.530446709195601, 35.582206966524602 ], [ -76.532043042680499, 35.580908508346901 ], [ -76.538750254968605, 35.582777655608702 ], [ -76.539549732294404, 35.585916324513398 ], [ -76.534446943863102, 35.589534998955799 ], [ -76.532547911912602, 35.593130807497097 ], [ -76.534316128444999, 35.595601792505299 ], [ -76.542635347951304, 35.5992437772478 ], [ -76.553241561217902, 35.5971141222943 ], [ -76.554874610484703, 35.600232881949402 ], [ -76.563932264723903, 35.601087549866001 ], [ -76.564329098788704, 35.603665851751003 ], [ -76.570566598102801, 35.605765089128397 ], [ -76.574288269907299, 35.609400614688802 ], [ -76.574171417263997, 35.611211780093498 ], [ -76.5775713695121, 35.6112503391358 ], [ -76.5786054435723, 35.614319788483201 ], [ -76.591805955805995, 35.624381205522397 ], [ -76.600693284018007, 35.635927750354902 ], [ -76.606121613675995, 35.646740089024703 ], [ -76.600310399440801, 35.663970441472699 ], [ -76.601854019794899, 35.669912923158002 ], [ -76.637943795410195, 35.705224337451199 ], [ -76.545623273818904, 35.705091346716998 ], [ -76.269248694625503, 35.6907616770239 ], [ -76.297901137323905, 35.608902132914103 ], [ -76.285840623320098, 35.604470713090699 ], [ -76.2814125872125, 35.606333039587 ], [ -76.276836287605605, 35.605182995631203 ], [ -76.270151607369598, 35.608065195898298 ], [ -76.265360273987, 35.603263704268798 ], [ -76.256138329008095, 35.603774593409298 ], [ -76.252256465188594, 35.606102164345202 ], [ -76.246828742221098, 35.602562993878003 ], [ -76.239148290897404, 35.602662274188397 ], [ -76.229559399194699, 35.599734814609199 ], [ -76.225538329610799, 35.601845933938101 ], [ -76.224140558831493, 35.599823571661403 ], [ -76.2157463789339, 35.598004814240902 ], [ -76.208009757188606, 35.603568747708501 ], [ -76.205181038128003, 35.6078425493398 ], [ -76.207585243523198, 35.6099988441443 ], [ -76.206423220106601, 35.611270002843298 ], [ -76.202328304433905, 35.609502538688901 ], [ -76.203256196433799, 35.611508523999703 ], [ -76.201324565396206, 35.6125815021161 ], [ -76.201518669595202, 35.615210803592802 ], [ -76.198157288904198, 35.617048140783702 ], [ -76.200136664499794, 35.617483696919599 ], [ -76.199913809485807, 35.618985953972597 ], [ -76.195621694595204, 35.620336171378099 ], [ -76.195781010814002, 35.621701732854298 ], [ -76.199728771389502, 35.622485337281901 ], [ -76.196457753290304, 35.623245103386701 ], [ -76.196493625099507, 35.628385005239601 ], [ -76.194756431287203, 35.628560264500003 ], [ -76.194825852860205, 35.631081933293999 ], [ -76.196912985237404, 35.631089340919097 ], [ -76.198756007719297, 35.634035999732603 ], [ -76.196312161067993, 35.633217242323603 ], [ -76.197454133543005, 35.636246693231101 ], [ -76.194244190479495, 35.635843817097999 ], [ -76.192786366134698, 35.640597104600701 ], [ -76.194729922191996, 35.641157039133702 ], [ -76.193403335802998, 35.645616538286298 ], [ -76.184348937430798, 35.648631463546103 ], [ -76.177829946951903, 35.6549405297216 ], [ -76.180232485456898, 35.656550205784399 ], [ -76.178760412541195, 35.659734513807599 ], [ -76.181646280364902, 35.666506049671298 ], [ -76.175860937036205, 35.664812083759699 ], [ -76.175696994911803, 35.672374247434398 ], [ -76.169613104489301, 35.672279375637601 ], [ -76.175493786762402, 35.678608538238699 ], [ -76.171883041741907, 35.681981694363898 ], [ -76.176560282229502, 35.6862516160773 ], [ -76.175585526127307, 35.690896581887202 ], [ -76.166998820856506, 35.6911799830795 ], [ -76.172909431271805, 35.6956649778949 ], [ -76.168963570145294, 35.698809107441399 ], [ -76.162782981587398, 35.695923937015003 ], [ -76.141557412575906, 35.7027777403773 ], [ -76.137047083471799, 35.699860631475602 ], [ -76.130074449148296, 35.6907859149822 ], [ -76.122684803426793, 35.693288574504301 ], [ -76.118270420905603, 35.691915316194297 ], [ -76.1206721343449, 35.683323591975899 ], [ -76.119611791532193, 35.679864655758301 ], [ -76.114617307800501, 35.677988618433098 ], [ -76.104100111740195, 35.678262471840199 ], [ -76.098316043424703, 35.670185989260702 ], [ -76.092628676653405, 35.669770794166503 ], [ -76.085373085082395, 35.674905087738203 ], [ -76.073394889374995, 35.671823770798703 ], [ -76.061096614175895, 35.675228836471597 ], [ -76.056977886734998, 35.674011761945899 ], [ -76.042750592980497, 35.663842119485103 ], [ -76.035566308536602, 35.661502059439002 ], [ -76.030699231921005, 35.663618286537698 ], [ -76.027480896017707, 35.668856323474799 ], [ -75.901343914216298, 35.668958938934601 ], [ -75.9003024181646, 35.664027908276701 ], [ -75.890463228092898, 35.651722332657002 ], [ -75.890219920427697, 35.646752481377497 ], [ -75.891932314116303, 35.643605344863197 ], [ -75.888671213509397, 35.641867419603898 ], [ -75.889240588507107, 35.640227428422001 ], [ -75.883846661024606, 35.632821133932502 ], [ -75.878504211596706, 35.630675012556701 ], [ -75.876644460514697, 35.6273181318873 ], [ -75.880099990184803, 35.607079337788697 ], [ -75.868688051088796, 35.578657998206303 ], [ -75.8140233406927, 35.500188946072299 ], [ -75.768852810738906, 35.249274415465798 ], [ -75.750646820364395, 35.188660883716899 ], [ -75.754132539684306, 35.189406162135803 ], [ -75.773424992029007, 35.180376947289602 ], [ -75.790528762304604, 35.177305967551199 ], [ -75.811083877726901, 35.170384113303598 ], [ -75.910932255119803, 35.128622019783798 ], [ -75.965797949423902, 35.099271737517803 ], [ -75.998075513337994, 35.076725885685597 ], [ -76.005576003705301, 35.069962047515503 ], [ -76.004686928041593, 35.065978025766299 ], [ -76.019046060483703, 35.065399346517097 ] ] ] } },
{ "type": "Feature", "properties": { "OBJECTID": 49, "County": "Iredell", "FIPS": "097", "Rec_Survey": "Recorded survey data is available. Visit North Carolina Geodetic Survey for information. https://ncgs.state.nc.us", "NCGS_url": "https://ncem-gis.maps.arcgis.com/apps/webappviewer/index.html?id=8f3edbd62c004edd8b4fe3640f224738", "ck_date": "2025-01-13T00:00:00Z", "Shape__Area": 16651634908.702271, "Shape__Length": 638003.92761482042, "GlobalID": "ce1ec74b-dd5f-4ea4-8c7d-c9df0152cba3" }, "geometry": { "type": "Polygon", "coordinates": [ [ [ -80.948116475158102, 35.491166589194798 ], [ -80.960383284821603, 35.496158164628802 ], [ -80.963523987546296, 35.5059675071942 ], [ -80.955983575215797, 35.515078760746398 ], [ -80.957753903712799, 35.523665297778201 ], [ -80.956330746196699, 35.531953903217001 ], [ -80.953856009259894, 35.532332298716199 ], [ -80.944782574609505, 35.526012877244 ], [ -80.941305899508393, 35.526709383937501 ], [ -80.939690504159003, 35.528956785791003 ], [ -80.942061415907602, 35.532646219237201 ], [ -80.9597665143786, 35.546021166425 ], [ -80.9593743954552, 35.548808426255199 ], [ -80.953507205297996, 35.554137660138402 ], [ -80.956855117780293, 35.569815416988597 ], [ -80.954665071648606, 35.576289734301596 ], [ -80.949911206115104, 35.582642078935002 ], [ -80.937022449248204, 35.587478830471099 ], [ -80.9340663934871, 35.590038744965597 ], [ -80.934284380414198, 35.5950353157194 ], [ -80.940982700542193, 35.6008101262072 ], [ -80.943421978035303, 35.606055040950501 ], [ -80.9385369348621, 35.613242326166898 ], [ -80.928296303893902, 35.616353455176601 ], [ -80.925486892715597, 35.619023162627599 ], [ -80.925518763878699, 35.620952493630497 ], [ -80.938041229069398, 35.631069291535901 ], [ -80.942561483146704, 35.636705516167702 ], [ -80.952717926451797, 35.642992427506897 ], [ -80.960843848845897, 35.659781879392902 ], [ -80.965872773046399, 35.664702783575898 ], [ -80.966678384740504, 35.671018578100202 ], [ -80.981467964630795, 35.681646416085897 ], [ -80.983150994305205, 35.687137699343502 ], [ -80.986512114436593, 35.691650742937902 ], [ -80.990931712979901, 35.694146523444701 ], [ -80.993707139512594, 35.701297657671503 ], [ -81.003171948941898, 35.709164294693103 ], [ -81.017736724015293, 35.712734645622298 ], [ -81.041368282501793, 35.707355902331599 ], [ -81.062642216538194, 35.711627593549302 ], [ -81.0649007491688, 35.714349901048102 ], [ -81.065755583203995, 35.719556261136397 ], [ -81.064040995995299, 35.7284914003327 ], [ -81.067866196138795, 35.738106791502801 ], [ -81.089938020646599, 35.756606822881501 ], [ -81.090594365171597, 35.758920632283598 ], [ -81.088666156638794, 35.764124526372498 ], [ -81.090267971626801, 35.766649526076598 ], [ -81.093817855609501, 35.768810218180001 ], [ -81.102358035421801, 35.768303050830703 ], [ -81.109510370646106, 35.776600498093202 ], [ -81.1064272527951, 35.778499175576101 ], [ -81.105797728465703, 35.781933746495298 ], [ -81.102371998104701, 35.782917958237299 ], [ -81.101189438698299, 35.787324483963502 ], [ -81.0938423097368, 35.793931428546898 ], [ -81.086784188488807, 35.796658393029603 ], [ -81.078914913971303, 35.8028033441188 ], [ -81.0792382708254, 35.809179467683201 ], [ -81.077425524748406, 35.812822138304 ], [ -81.070677575504305, 35.817593273149697 ], [ -81.064979041959901, 35.824159900664398 ], [ -81.060451411625195, 35.835114101492699 ], [ -81.041347827290195, 35.857839002775599 ], [ -81.0055470551208, 35.958281654356 ], [ -81.003417252195504, 35.9967856287358 ], [ -81.028837393172793, 36.045659104456703 ], [ -80.975678776239306, 36.058817609964002 ], [ -80.693200220641899, 36.051267289986001 ], [ -80.707827377465307, 35.852933857572602 ], [ -80.771583662297004, 35.672167704953303 ], [ -80.739798987016897, 35.5441453785891 ], [ -80.740920895170007, 35.537012299598501 ], [ -80.736911864961101, 35.5254353946682 ], [ -80.737250773671903, 35.505810261546102 ], [ -80.7842783180742, 35.506022227023799 ], [ -80.906699306597005, 35.514806429952202 ], [ -80.943073513465606, 35.491231554751799 ], [ -80.948116475158102, 35.491166589194798 ] ] ] } },
{ "type": "Feature", "properties": { "OBJECTID": 50, "County": "Jackson", "FIPS": "099", "Rec_Survey": "Recorded survey data is available. Visit North Carolina Geodetic Survey for information. https://ncgs.state.nc.us", "NCGS_url": "https://ncem-gis.maps.arcgis.com/apps/webappviewer/index.html?id=8f3edbd62c004edd8b4fe3640f224738", "ck_date": "2025-12-11T00:00:00Z", "Shape__Area": 13793438281.118774, "Shape__Length": 652226.11404934339, "GlobalID": "3a6932fc-0481-4ee5-a7e2-fe2e7d9ded60" }, "geometry": { "type": "Polygon", "coordinates": [ [ [ -83.008535156162296, 35.0274014475348 ], [ -83.108571633353407, 35.001359258581097 ], [ -83.109587660698807, 35.003114493121998 ], [ -83.108602179440695, 35.009713040981097 ], [ -83.112540905933997, 35.013180438699202 ], [ -83.117092173574605, 35.011699664711699 ], [ -83.126401862695005, 35.015848791044 ], [ -83.126342381785804, 35.022956850528502 ], [ -83.130120989290106, 35.026141363775302 ], [ -83.132689200127999, 35.0337965875067 ], [ -83.130933251770699, 35.038626414860701 ], [ -83.135776377781795, 35.0381186630554 ], [ -83.148499284634994, 35.054137314854003 ], [ -83.158964122182596, 35.057083220865998 ], [ -83.163249368843907, 35.056547609374597 ], [ -83.171436259215596, 35.0610323196669 ], [ -83.169062434568303, 35.061940117212899 ], [ -83.171713719398298, 35.065075117705497 ], [ -83.171589768238704, 35.069641405680301 ], [ -83.164712547082701, 35.071240272036903 ], [ -83.157522682955801, 35.078439050202498 ], [ -83.148457933302197, 35.079507289986999 ], [ -83.143235932597406, 35.078478383121002 ], [ -83.143889420938507, 35.082834966419398 ], [ -83.147473155978304, 35.088495035717003 ], [ -83.146791994416404, 35.0921904027119 ], [ -83.152099307268003, 35.095575659094401 ], [ -83.152262506380694, 35.098163326480702 ], [ -83.160067389070605, 35.098107487918398 ], [ -83.168054506061907, 35.1053635665127 ], [ -83.172060408916707, 35.105401477197702 ], [ -83.177938155028002, 35.109594195328697 ], [ -83.178384377038896, 35.1152687752191 ], [ -83.183036911096195, 35.1191765181104 ], [ -83.183175076537395, 35.125840552155999 ], [ -83.186375716202505, 35.128550185251001 ], [ -83.186709617084702, 35.133527606237401 ], [ -83.191331278984094, 35.135738179770101 ], [ -83.193914582136301, 35.140424056119798 ], [ -83.209456560630997, 35.150539440358401 ], [ -83.210119484511594, 35.154313849188597 ], [ -83.213213265962096, 35.158238260109002 ], [ -83.221007385983199, 35.158766410400702 ], [ -83.223899534230597, 35.157304878444599 ], [ -83.222464989983607, 35.167883085143302 ], [ -83.225381216112496, 35.1770912464142 ], [ -83.223239347993001, 35.1838255201503 ], [ -83.224577473734797, 35.188456764316697 ], [ -83.222507971192201, 35.192768058933602 ], [ -83.216686366799095, 35.194915467314203 ], [ -83.219337169936495, 35.196641099973803 ], [ -83.217447164982104, 35.199160783376598 ], [ -83.219600715276798, 35.201294953515202 ], [ -83.219470007618497, 35.205895644991102 ], [ -83.216254720851197, 35.208701092582103 ], [ -83.215975273884993, 35.213115161595297 ], [ -83.218458159876107, 35.217129758203598 ], [ -83.2184471797828, 35.2210625999736 ], [ -83.216497302168094, 35.223212391810897 ], [ -83.221771887786602, 35.228897214788603 ], [ -83.224118902058706, 35.238672762810701 ], [ -83.232731159644302, 35.240230316964599 ], [ -83.243031786024204, 35.239215526465401 ], [ -83.245217301880402, 35.231491452856297 ], [ -83.261381912912299, 35.231118423753301 ], [ -83.271980536121205, 35.228135463079198 ], [ -83.2810036497917, 35.228671950230698 ], [ -83.284094541350996, 35.231891280769602 ], [ -83.293639419940703, 35.235557642560899 ], [ -83.294179537976007, 35.241398119196099 ], [ -83.296871633461294, 35.242611435399901 ], [ -83.295175020421397, 35.247624637829396 ], [ -83.298169220125004, 35.255729391505 ], [ -83.308421192016297, 35.257083826501201 ], [ -83.311318068299499, 35.259742627999103 ], [ -83.310417629836905, 35.264149532909798 ], [ -83.315834030725497, 35.264730295395999 ], [ -83.313946167301197, 35.269120964131702 ], [ -83.3157647743664, 35.2741462998939 ], [ -83.311994598062498, 35.281544530661101 ], [ -83.318528380055994, 35.288916406974103 ], [ -83.316647689642906, 35.292445594932502 ], [ -83.317017995562907, 35.298260588176703 ], [ -83.322862234048202, 35.301363702878199 ], [ -83.323033040667099, 35.308167425598498 ], [ -83.321394695343798, 35.311969484208802 ], [ -83.324701367746599, 35.314335805194602 ], [ -83.331949400179894, 35.316015001079499 ], [ -83.334420235578193, 35.320468555934603 ], [ -83.334227853678399, 35.325685902421803 ], [ -83.340564635849901, 35.333071112185102 ], [ -83.340311862475204, 35.337388668385799 ], [ -83.335835639149593, 35.342934743439201 ], [ -83.336515167164606, 35.346490447519599 ], [ -83.331444000065204, 35.353740037194399 ], [ -83.335149882161403, 35.3598488611253 ], [ -83.334706601120203, 35.368922784522901 ], [ -83.337015847699504, 35.371079446859902 ], [ -83.338531209710197, 35.376121631762601 ], [ -83.337412137452603, 35.382082214164598 ], [ -83.345857916491696, 35.3893448204783 ], [ -83.342856397256995, 35.394218494190902 ], [ -83.340020649901902, 35.395481521150998 ], [ -83.341146902596705, 35.397385197306001 ], [ -83.343583803762698, 35.397402759775503 ], [ -83.349148925655498, 35.401228450951102 ], [ -83.347956483485106, 35.405362353189901 ], [ -83.350042389749404, 35.409511705571298 ], [ -83.352487295245396, 35.411382327818501 ], [ -83.355656129840398, 35.409899755051903 ], [ -83.360230360762202, 35.411378824501703 ], [ -83.3626005941138, 35.417657028227197 ], [ -83.362093443944801, 35.423555289731802 ], [ -83.363770277144496, 35.4269299192148 ], [ -83.357394030785699, 35.437585939143403 ], [ -83.358976926899402, 35.440354583478999 ], [ -83.351730313693196, 35.468098937456098 ], [ -83.345662131965994, 35.473373515582601 ], [ -83.335897463557501, 35.474868020707298 ], [ -83.331973237223494, 35.469955881607802 ], [ -83.317886005710506, 35.465309287578499 ], [ -83.311805071130394, 35.471507591495701 ], [ -83.308935597100898, 35.479329661512601 ], [ -83.304919383151997, 35.478606693256097 ], [ -83.297049053261503, 35.4842846396296 ], [ -83.291657192623006, 35.483135727487202 ], [ -83.285282035877401, 35.488907206328498 ], [ -83.286399527546195, 35.492542097402001 ], [ -83.283467260675096, 35.497429927819198 ], [ -83.275360733965201, 35.500464056683001 ], [ -83.272409610338599, 35.504682355377 ], [ -83.264356406003799, 35.506535990826499 ], [ -83.264491870213405, 35.510722918140203 ], [ -83.261775471516003, 35.5145018467257 ], [ -83.257153292444798, 35.513159418809998 ], [ -83.247233110967699, 35.5167089094641 ], [ -83.241838969643695, 35.519041207346099 ], [ -83.236077042320602, 35.524570682419103 ], [ -83.232681868389506, 35.523298574491498 ], [ -83.227501845133304, 35.525596374264502 ], [ -83.220015370768806, 35.524769234119198 ], [ -83.216406638953899, 35.526050231434802 ], [ -83.2111018350123, 35.519733748424898 ], [ -83.207687528826398, 35.518031371379699 ], [ -83.204831831053696, 35.519438349589301 ], [ -83.195518303564597, 35.519313616531697 ], [ -83.186325608306902, 35.514375200769102 ], [ -83.184529732902305, 35.5107369262224 ], [ -83.164118032137495, 35.5094132168648 ], [ -83.160001157778296, 35.501993304930998 ], [ -83.161112187266596, 35.496199289372697 ], [ -83.142091013706803, 35.493656831174903 ], [ -83.137467822586402, 35.489904810960702 ], [ -83.140493571163901, 35.484494349911202 ], [ -83.136456877117794, 35.4791858063424 ], [ -83.138006667951799, 35.475617260943203 ], [ -83.136413387589201, 35.4730455902031 ], [ -83.137717782725602, 35.464083183517197 ], [ -83.132063230866507, 35.463094273462701 ], [ -83.122090388550106, 35.465471754641896 ], [ -83.108971518952302, 35.464112119382897 ], [ -83.091438978632596, 35.457538543149603 ], [ -83.089991715928704, 35.448382250216099 ], [ -83.079477293155904, 35.447572286108297 ], [ -83.080357335945607, 35.441528017774097 ], [ -83.078832130933307, 35.436884184388703 ], [ -83.079992616233497, 35.434509413203401 ], [ -83.077122682570803, 35.433628588687803 ], [ -83.075248377496393, 35.4305595045834 ], [ -83.067732196103606, 35.429144243887499 ], [ -83.061789865784306, 35.425337810923502 ], [ -83.056284891104298, 35.4259818928169 ], [ -83.053285092840298, 35.423831986934701 ], [ -83.0528883163269, 35.421122585312702 ], [ -83.044368909031505, 35.4151045612685 ], [ -83.044889674165802, 35.408633378023801 ], [ -83.042823843445504, 35.398163716031597 ], [ -83.043727458624403, 35.394401658942499 ], [ -83.039645316225503, 35.393844689641 ], [ -83.029917182007907, 35.387312038261499 ], [ -83.024815520648403, 35.3801877255246 ], [ -83.006571626913498, 35.377333892039402 ], [ -82.997221710435795, 35.373034610867499 ], [ -82.993404439348296, 35.3684674760948 ], [ -82.990188845765203, 35.367453184739801 ], [ -82.986251632093101, 35.355898997028497 ], [ -82.9765150975864, 35.349893002592502 ], [ -82.977719066408795, 35.344109485381303 ], [ -82.971673814209097, 35.342770201237798 ], [ -82.964764052504805, 35.333276124329302 ], [ -82.963528342778403, 35.325144041983798 ], [ -82.965763758201305, 35.319368722447003 ], [ -82.964729107297799, 35.315296147054703 ], [ -82.955188557518397, 35.316392487683203 ], [ -82.954544457859996, 35.313853336183897 ], [ -82.951074740215702, 35.312042417665801 ], [ -82.950411481941899, 35.306598942136198 ], [ -82.935443880823797, 35.303891011462198 ], [ -82.932605638796204, 35.305138990315299 ], [ -82.930710102654203, 35.303040128467401 ], [ -82.927325122426296, 35.302809397507403 ], [ -82.920884984907303, 35.292043941717097 ], [ -82.922234583052202, 35.283207861370002 ], [ -82.919980072449306, 35.276016892063403 ], [ -82.921263019582099, 35.272945563953499 ], [ -82.919182176348599, 35.270951995558903 ], [ -82.925302181098104, 35.253454275486803 ], [ -82.924789025775894, 35.2455971262278 ], [ -82.928457141132299, 35.241448929420997 ], [ -82.927218649339693, 35.238843312570403 ], [ -82.928432031421295, 35.234900212294697 ], [ -82.931321016876495, 35.232679342444499 ], [ -82.9320341725726, 35.228920916613902 ], [ -82.935605874093596, 35.224980659470802 ], [ -82.946020286992706, 35.222799577212697 ], [ -82.959632693646896, 35.215521411034501 ], [ -82.960215256644105, 35.205464607110699 ], [ -82.963241435504102, 35.201213941637 ], [ -82.967896244239199, 35.199303463417401 ], [ -82.969477710541994, 35.193820107910902 ], [ -82.987166223009794, 35.1874890859551 ], [ -82.988489936123599, 35.1831251605322 ], [ -82.985394033325903, 35.179811443870797 ], [ -82.988627384515695, 35.174507230797502 ], [ -82.981827332475106, 35.169880442670703 ], [ -82.981215490456094, 35.167647323038501 ], [ -82.996630971176401, 35.163584549195498 ], [ -82.995894311799503, 35.1613788146513 ], [ -82.997649962232998, 35.158464597038098 ], [ -82.994812601632702, 35.153527550901401 ], [ -82.992725753554794, 35.153028320630703 ], [ -82.989066616518002, 35.148447333432003 ], [ -82.984755037780999, 35.150243422553899 ], [ -82.980080113795907, 35.147268185818902 ], [ -82.981518648235294, 35.143620095572302 ], [ -82.978468337302601, 35.1407995223014 ], [ -82.979541352162002, 35.138920992646497 ], [ -82.976457306306997, 35.133327594013103 ], [ -82.978958061619494, 35.130314857060398 ], [ -82.983219737790606, 35.131926410086002 ], [ -83.035956282119002, 35.0830339379634 ], [ -83.037434981273606, 35.079705068579997 ], [ -83.044019905741607, 35.078220174360098 ], [ -83.045257658139505, 35.075123028698101 ], [ -83.043416048269705, 35.0715404675611 ], [ -83.048614096316399, 35.064604169498999 ], [ -83.048704833683601, 35.0609890136665 ], [ -83.052180060111397, 35.055920942171802 ], [ -83.0569337408173, 35.053875385843803 ], [ -83.0473462717773, 35.050484303706902 ], [ -83.043759176788598, 35.051461582938302 ], [ -83.039022064195507, 35.047924108522302 ], [ -83.037998896316196, 35.042224858735402 ], [ -83.0334458842553, 35.0407157499899 ], [ -83.032605948794298, 35.037810052701701 ], [ -83.028588567190795, 35.039897506833697 ], [ -83.018114390782699, 35.037100149787499 ], [ -83.008535156162296, 35.0274014475348 ] ] ] } },
{ "type": "Feature", "properties": { "OBJECTID": 51, "County": "Johnston", "FIPS": "101", "Rec_Survey": "Recorded survey data is available. Visit North Carolina Geodetic Survey for information. https://ncgs.state.nc.us", "NCGS_url": "https://ncem-gis.maps.arcgis.com/apps/webappviewer/index.html?id=8f3edbd62c004edd8b4fe3640f224738", "ck_date": "2025-01-13T00:00:00Z", "Shape__Area": 22177431800.744263, "Shape__Length": 673516.19667464693, "GlobalID": "29fffed5-ae6f-411a-935b-f2f8ffec7c0a" }, "geometry": { "type": "Polygon", "coordinates": [ [ [ -78.538349086292399, 35.316426683456697 ], [ -78.535578460271296, 35.320108953940199 ], [ -78.537610702577396, 35.327202477334097 ], [ -78.529853731040404, 35.3349422110932 ], [ -78.5335849038606, 35.340650398388497 ], [ -78.533063169023805, 35.342970233905199 ], [ -78.549264437421698, 35.353461163091602 ], [ -78.552773295536397, 35.357303657762003 ], [ -78.562581097602802, 35.362383150070499 ], [ -78.562805277537805, 35.365627435661899 ], [ -78.567697714643998, 35.367694883349898 ], [ -78.569142711760804, 35.370825452937098 ], [ -78.568065882429295, 35.375706406477697 ], [ -78.571136224736804, 35.377940764698998 ], [ -78.572503298585502, 35.386489420126097 ], [ -78.584074017856295, 35.394117339789503 ], [ -78.584484175322004, 35.395926293414398 ], [ -78.592657340884799, 35.398607256481299 ], [ -78.597083031326605, 35.406255297978603 ], [ -78.598775739478896, 35.418266970181399 ], [ -78.609948633126393, 35.427199246543303 ], [ -78.607098878872804, 35.432455682193897 ], [ -78.614764665119594, 35.439905063250102 ], [ -78.614706122483497, 35.442160237861401 ], [ -78.619424898984704, 35.445118661838897 ], [ -78.621342875140201, 35.450636834553599 ], [ -78.626940818534905, 35.458042562362898 ], [ -78.639089856637099, 35.461933343136103 ], [ -78.649777966761405, 35.471670833738301 ], [ -78.650302029788406, 35.482719483209998 ], [ -78.653376247217096, 35.483971202437097 ], [ -78.655791733111599, 35.490442463456297 ], [ -78.660577586067106, 35.496284895351998 ], [ -78.675922626230502, 35.496586074220602 ], [ -78.686896727113407, 35.501870837821897 ], [ -78.689520225982207, 35.515940942123699 ], [ -78.708848852268503, 35.5194584761188 ], [ -78.492151997614897, 35.686909769670997 ], [ -78.473290543108504, 35.701678170759102 ], [ -78.469203521788302, 35.706630582601498 ], [ -78.464737743245493, 35.708246744462599 ], [ -78.460117331694406, 35.705668888596499 ], [ -78.456248412311396, 35.707676042198003 ], [ -78.344098840098596, 35.767965502335997 ], [ -78.255976362606503, 35.818127553588099 ], [ -78.257023619729097, 35.813202843774903 ], [ -78.251371438675207, 35.811114420692803 ], [ -78.251642468509203, 35.804198430532097 ], [ -78.249089058918699, 35.801187019581398 ], [ -78.250408519341605, 35.796934365640197 ], [ -78.243867382186707, 35.792106002607802 ], [ -78.247247619326501, 35.785938486840898 ], [ -78.246137155458598, 35.784814296437901 ], [ -78.248461004784602, 35.774797395839997 ], [ -78.250929757289001, 35.773804533863199 ], [ -78.246038572715193, 35.7725620679389 ], [ -78.244401873306202, 35.769466634879898 ], [ -78.238321126119303, 35.767294638517299 ], [ -78.238224609982495, 35.763135298238403 ], [ -78.234855287677803, 35.759764282198198 ], [ -78.235791571564405, 35.7577906746818 ], [ -78.232879082823104, 35.7514337731048 ], [ -78.226663018340105, 35.7505403694908 ], [ -78.226259913282504, 35.752094483948703 ], [ -78.219061886925502, 35.755075287841002 ], [ -78.216622540810405, 35.7522159852413 ], [ -78.215809607870099, 35.745839057066902 ], [ -78.213036373976394, 35.744829156143602 ], [ -78.21572680013, 35.739364403227199 ], [ -78.215603960953203, 35.735998204398101 ], [ -78.209407579470295, 35.730669647771499 ], [ -78.2069427292641, 35.7314773964019 ], [ -78.202395681128806, 35.727763677956901 ], [ -78.194807999571097, 35.727992026018001 ], [ -78.191695349025593, 35.730632886630701 ], [ -78.182308168234997, 35.728878947062597 ], [ -78.180372106490196, 35.725412188740798 ], [ -78.176420257283496, 35.724869182292402 ], [ -78.175723580269903, 35.7229973215331 ], [ -78.177492515872402, 35.7209934104879 ], [ -78.174986659084794, 35.717621432523202 ], [ -78.170637361722001, 35.717073142963997 ], [ -78.168115499214295, 35.713348382242202 ], [ -78.163924592161607, 35.712807980655597 ], [ -78.163875301328503, 35.714235928950998 ], [ -78.161177309451304, 35.712747381877797 ], [ -78.161344352142294, 35.698159976528601 ], [ -78.157840879620494, 35.6855938978645 ], [ -78.125541114332094, 35.603113949767703 ], [ -78.064786052730298, 35.585269898825103 ], [ -78.154912537867204, 35.417816978524897 ], [ -78.153674920642402, 35.391993616315503 ], [ -78.149762364744305, 35.391758059974897 ], [ -78.144204508789002, 35.386901274325801 ], [ -78.145819808267106, 35.382988009664302 ], [ -78.150725151023394, 35.378570460732 ], [ -78.157840799407197, 35.375023508283498 ], [ -78.162410211727803, 35.367382066969299 ], [ -78.157664972000404, 35.360126795306201 ], [ -78.159964822642706, 35.359271420912599 ], [ -78.160080094134003, 35.356634554746101 ], [ -78.153719803169594, 35.356430284530099 ], [ -78.153245167662405, 35.350678136065 ], [ -78.158791790185802, 35.3474952424016 ], [ -78.160575010162006, 35.349557297716103 ], [ -78.165559935600498, 35.346374406699702 ], [ -78.167901519212194, 35.347990775458697 ], [ -78.170164564161695, 35.346331119463301 ], [ -78.174026644686407, 35.347265049282598 ], [ -78.180027713966894, 35.3437136824571 ], [ -78.184808035233303, 35.345426624186899 ], [ -78.187008007938303, 35.342588885825897 ], [ -78.196276527421801, 35.3435747681566 ], [ -78.197284873874395, 35.340068335775598 ], [ -78.200782941171894, 35.341287998216302 ], [ -78.209565711921101, 35.339683386802697 ], [ -78.211800152442194, 35.342338004544402 ], [ -78.213518732238697, 35.340469311555204 ], [ -78.215480535982906, 35.341534506728102 ], [ -78.216728121213194, 35.3368695501619 ], [ -78.215647611029894, 35.333481317498503 ], [ -78.242632234233, 35.3198058176648 ], [ -78.248789288582003, 35.320437310612 ], [ -78.256989906082694, 35.3256167492125 ], [ -78.268429969938197, 35.3230618461128 ], [ -78.271737877701796, 35.3211616468001 ], [ -78.276037055241702, 35.315142927555399 ], [ -78.289714088113001, 35.315084186939401 ], [ -78.306582904154297, 35.287611284703502 ], [ -78.397727232303694, 35.262966598130703 ], [ -78.411737105189502, 35.254670418530402 ], [ -78.491899813280099, 35.263326695099103 ], [ -78.521942861473505, 35.294527875784901 ], [ -78.526641068656602, 35.303043341148097 ], [ -78.538349086292399, 35.316426683456697 ] ] ] } },
{ "type": "Feature", "properties": { "OBJECTID": 52, "County": "Jones", "FIPS": "103", "Rec_Survey": "Recorded survey data is available. Visit North Carolina Geodetic Survey for information. https://ncgs.state.nc.us", "NCGS_url": "https://ncem-gis.maps.arcgis.com/apps/webappviewer/index.html?id=8f3edbd62c004edd8b4fe3640f224738", "ck_date": "2025-01-13T00:00:00Z", "Shape__Area": 13214328871.805969, "Shape__Length": 737418.29362485942, "GlobalID": "3cfa1d37-65da-45f5-986b-059ca833a63c" }, "geometry": { "type": "Polygon", "coordinates": [ [ [ -77.473693956006699, 35.228991536487896 ], [ -77.451721592223706, 35.218711723297702 ], [ -77.329333446607194, 35.149878294691803 ], [ -77.187682325675993, 35.081094517450602 ], [ -77.191027066698794, 35.076550556889401 ], [ -77.189424121216703, 35.066676901694201 ], [ -77.185425222661806, 35.063175007539797 ], [ -77.182386269731097, 35.062622111653901 ], [ -77.179113594170104, 35.058231278262298 ], [ -77.1738761505665, 35.059126623150803 ], [ -77.180594538685696, 35.055220886770798 ], [ -77.173854472875504, 35.058165487115801 ], [ -77.171891565783397, 35.0608327889286 ], [ -77.168840385620001, 35.060282471117603 ], [ -77.164333172528998, 35.065508848155403 ], [ -77.159939131010205, 35.062346803952103 ], [ -77.154801535722498, 35.062744406297597 ], [ -77.149848844428604, 35.0576746529361 ], [ -77.152103163408299, 35.054727029765601 ], [ -77.148347345353898, 35.054682143425303 ], [ -77.149651416739005, 35.056498093558197 ], [ -77.147017633242697, 35.056562922909698 ], [ -77.145193024452396, 35.060073256929897 ], [ -77.141665786410798, 35.061987950380797 ], [ -77.138391334028498, 35.061286904625 ], [ -77.132261263611795, 35.067164418765401 ], [ -77.130523044722494, 35.072310503081198 ], [ -77.118605717412194, 35.073290707619201 ], [ -77.118296684618599, 35.071592081468701 ], [ -77.116202986946604, 35.074129654689202 ], [ -77.113576521838795, 35.072576564659201 ], [ -77.109087248424999, 35.066966180690599 ], [ -77.110359371221904, 35.065160988996503 ], [ -77.107871243065404, 35.0542613436712 ], [ -77.110340617925004, 35.045876881612202 ], [ -77.107507856419204, 35.041740028903099 ], [ -77.107780919936005, 35.037587041772603 ], [ -77.106467621963802, 35.034301934073298 ], [ -77.098792331234193, 35.026935011037502 ], [ -77.102358236292702, 35.023365828478198 ], [ -77.103067121348502, 35.017800173285899 ], [ -77.108853192036193, 34.830786520207603 ], [ -77.047251774629899, 34.836423289103998 ], [ -77.049814733432399, 34.833531645585403 ], [ -77.073345268830906, 34.8176366946144 ], [ -77.079830909448702, 34.810048078115699 ], [ -77.084954351716604, 34.811154693714698 ], [ -77.0895977746775, 34.809153810118801 ], [ -77.090733033346595, 34.799323083168602 ], [ -77.096148862187107, 34.799244528743998 ], [ -77.107381265923493, 34.803109066024597 ], [ -77.112699863137905, 34.796474992315602 ], [ -77.115564235612496, 34.797232226609196 ], [ -77.116195396613094, 34.793923306816197 ], [ -77.120032220674304, 34.794504649505903 ], [ -77.123516351973194, 34.7926206262931 ], [ -77.125395625154894, 34.793382659979301 ], [ -77.125497230582596, 34.796114476000596 ], [ -77.128128362902103, 34.795904494647402 ], [ -77.131207106453701, 34.798190725012901 ], [ -77.134235083803105, 34.796842482896103 ], [ -77.135716458239202, 34.797999690842602 ], [ -77.142231891131601, 34.797011367034798 ], [ -77.144193597762794, 34.793342780198401 ], [ -77.147755749623499, 34.794197687434199 ], [ -77.149965062541199, 34.792658240522798 ], [ -77.161516799071606, 34.7951656483595 ], [ -77.164384066407706, 34.790508354466802 ], [ -77.167771754445695, 34.791007041854002 ], [ -77.165382641226302, 34.787899439145797 ], [ -77.162196686036296, 34.787380905196997 ], [ -77.162463538765095, 34.786033315267503 ], [ -77.167314545587899, 34.785193300168999 ], [ -77.169147291454394, 34.780939501563601 ], [ -77.172106505314304, 34.780391513401298 ], [ -77.173325076736504, 34.781875039762603 ], [ -77.1701902637421, 34.785080100222203 ], [ -77.174046749017407, 34.785749111710501 ], [ -77.175223433098296, 34.787458712671899 ], [ -77.170868545589201, 34.790418552414998 ], [ -77.175820003534, 34.791976179692 ], [ -77.175756796263101, 34.796710369071398 ], [ -77.190508983432096, 34.802269928546004 ], [ -77.189225264133995, 34.806331736329 ], [ -77.193106730775, 34.806878410786297 ], [ -77.196227836970195, 34.810047100449196 ], [ -77.193119695631694, 34.8144303949421 ], [ -77.195780985081299, 34.817618344020097 ], [ -77.192213398649798, 34.817189842345996 ], [ -77.186366647122597, 34.819473825424602 ], [ -77.184306694960299, 34.826349273051399 ], [ -77.179517726707104, 34.8295034761708 ], [ -77.181255075596496, 34.836218234027598 ], [ -77.184956853850096, 34.8365880246972 ], [ -77.185445991384498, 34.835025736736497 ], [ -77.188685713949596, 34.833347894265501 ], [ -77.191709061618297, 34.833803198065098 ], [ -77.190810471105493, 34.832377004505901 ], [ -77.193298344841807, 34.831952187649101 ], [ -77.196282668924098, 34.834177015346697 ], [ -77.197263265464599, 34.832604606718199 ], [ -77.201940674160994, 34.834505812078298 ], [ -77.201386850359995, 34.836381124226698 ], [ -77.203274991744607, 34.837037174659798 ], [ -77.201534976328503, 34.838057633012099 ], [ -77.2008560653572, 34.8420152236897 ], [ -77.203442145727095, 34.842664258499298 ], [ -77.202712940389304, 34.845304340035298 ], [ -77.205028714647995, 34.845992911689201 ], [ -77.204586408281102, 34.847843738076499 ], [ -77.2059201118103, 34.847523523063302 ], [ -77.212205652622401, 34.853285176109701 ], [ -77.209966342582007, 34.858754409396802 ], [ -77.213033550590595, 34.860395760888601 ], [ -77.212850651203595, 34.862477202287003 ], [ -77.219579669524705, 34.870285559508801 ], [ -77.215886258127895, 34.873335326961502 ], [ -77.2224328508903, 34.882065327416498 ], [ -77.222851445240906, 34.8834462743214 ], [ -77.220832095457794, 34.884595726049803 ], [ -77.222005773373496, 34.887003889820399 ], [ -77.2311355047202, 34.885214479084503 ], [ -77.234114380922406, 34.886127448410903 ], [ -77.231876285295101, 34.892920520171401 ], [ -77.233341967367707, 34.893882535910997 ], [ -77.234309443978105, 34.891502670245103 ], [ -77.238773782216796, 34.893582660153001 ], [ -77.237359119100006, 34.899969240839297 ], [ -77.240157814337707, 34.898906890228297 ], [ -77.249822811177793, 34.900895555536202 ], [ -77.250511607913097, 34.903330379778097 ], [ -77.252219503679797, 34.903099927299998 ], [ -77.250735668310597, 34.909915288247099 ], [ -77.255710923160095, 34.910497920551002 ], [ -77.259328331471806, 34.9088911707493 ], [ -77.260733778480898, 34.911445670614903 ], [ -77.259720712218098, 34.914876829540901 ], [ -77.262231101456806, 34.918800418552003 ], [ -77.264618516446404, 34.919137404027701 ], [ -77.264124998301199, 34.921011522323198 ], [ -77.267170951946696, 34.923198022568101 ], [ -77.267649731242599, 34.9257969925902 ], [ -77.283299428572406, 34.927812812337301 ], [ -77.285320218495798, 34.931296309134297 ], [ -77.294640462381693, 34.930474437081202 ], [ -77.297888681305594, 34.933869271798301 ], [ -77.304306611117497, 34.9342824100329 ], [ -77.308895969517906, 34.937578736442298 ], [ -77.311558386929306, 34.936447291188898 ], [ -77.310938463174097, 34.935376164288897 ], [ -77.313446459701595, 34.932651051307701 ], [ -77.317022296262493, 34.932282793551003 ], [ -77.318963605904997, 34.934870063908299 ], [ -77.322651969877995, 34.9347667754502 ], [ -77.328162711086804, 34.938471430371202 ], [ -77.331999974217098, 34.939089790694503 ], [ -77.341740323642298, 34.934484064686302 ], [ -77.343193419170802, 34.931316802760499 ], [ -77.3568281123151, 34.929240990319002 ], [ -77.360354869217801, 34.925911032365399 ], [ -77.3631425864276, 34.9258324219768 ], [ -77.365349392223806, 34.9231670111905 ], [ -77.3667711481136, 34.908657666250598 ], [ -77.502773623730405, 34.969641522521599 ], [ -77.638980354134404, 34.984466776454603 ], [ -77.674807094073898, 34.973905815715597 ], [ -77.731027728991904, 35.008143104205303 ], [ -77.601709441028106, 35.071255264623602 ], [ -77.507891324462804, 35.172702492876297 ], [ -77.5276099960127, 35.242889262682198 ], [ -77.473693956006699, 35.228991536487896 ] ] ] } },
{ "type": "Feature", "properties": { "OBJECTID": 53, "County": "Lee", "FIPS": "105", "Rec_Survey": "Recorded survey data is available. Visit North Carolina Geodetic Survey for information. https://ncgs.state.nc.us", "NCGS_url": "https://ncem-gis.maps.arcgis.com/apps/webappviewer/index.html?id=8f3edbd62c004edd8b4fe3640f224738", "ck_date": "2025-01-13T00:00:00Z", "Shape__Area": 7224533710.578125, "Shape__Length": 417762.8207918547, "GlobalID": "1736baf6-ec97-4db8-a924-836cf1a67263" }, "geometry": { "type": "Polygon", "coordinates": [ [ [ -79.183559014214495, 35.307165446061603 ], [ -79.221971469170697, 35.324369046182902 ], [ -79.254269021510495, 35.343298273596702 ], [ -79.265851145752407, 35.345432288740902 ], [ -79.273133956395, 35.351974840657498 ], [ -79.271956910520402, 35.362489055629297 ], [ -79.275154291034994, 35.365896115898202 ], [ -79.2771866832732, 35.376948939340103 ], [ -79.283830244844793, 35.385841874635403 ], [ -79.289557790096794, 35.400447322330798 ], [ -79.293969107189895, 35.399610552403097 ], [ -79.304481400342695, 35.404824388945102 ], [ -79.305591446895306, 35.407467513413103 ], [ -79.310574788669499, 35.408627572812399 ], [ -79.311888949584997, 35.412933917262698 ], [ -79.317382139445201, 35.419930145515103 ], [ -79.325221807888994, 35.420775900611602 ], [ -79.327440086983501, 35.421642255325203 ], [ -79.326322113786503, 35.422523396723101 ], [ -79.327349685027897, 35.423716483613099 ], [ -79.329725720861205, 35.423455835621297 ], [ -79.329531353592799, 35.431191899412603 ], [ -79.326857594716103, 35.432906283632697 ], [ -79.326674702786704, 35.434792994841601 ], [ -79.328959974306301, 35.436427493921499 ], [ -79.328943152834995, 35.439243870817201 ], [ -79.332279519974506, 35.440806123037603 ], [ -79.334610243025395, 35.444843658130701 ], [ -79.341865520298199, 35.448717129096302 ], [ -79.341197452692498, 35.450931634447599 ], [ -79.346148436565898, 35.4570008293447 ], [ -79.350456973604196, 35.457930094414401 ], [ -79.351593055992097, 35.459550158321299 ], [ -79.348221787183306, 35.463286102384203 ], [ -79.352700953578704, 35.464422770793 ], [ -79.351901716653799, 35.465644055334003 ], [ -79.355129201209195, 35.4645485452766 ], [ -79.355645119456298, 35.469555731153299 ], [ -79.356951412542202, 35.468090294201197 ], [ -79.359625410028002, 35.469497763409301 ], [ -79.356593127036106, 35.473290690623799 ], [ -79.359901042416297, 35.477550140468999 ], [ -79.351537440756601, 35.477687352512802 ], [ -79.345625384611594, 35.488322549304698 ], [ -79.339182728430501, 35.492306677302402 ], [ -79.335922535105198, 35.497760593052803 ], [ -79.3405192909172, 35.506326635914199 ], [ -79.351244066937099, 35.514326089958097 ], [ -79.349101623191999, 35.519300776783901 ], [ -79.339184177721805, 35.521121768121503 ], [ -79.334060262941094, 35.525271339778698 ], [ -79.322425289927807, 35.524465632121299 ], [ -79.311054211873099, 35.531763889309502 ], [ -79.314561766317595, 35.536346817985098 ], [ -79.323769090298896, 35.5425509335928 ], [ -79.323395814789905, 35.544251717907997 ], [ -79.315366569591106, 35.543879629441697 ], [ -79.303501400004606, 35.548552623776402 ], [ -79.303769372433706, 35.551761248221503 ], [ -79.302360433748106, 35.552525865406601 ], [ -79.294053194814794, 35.552698516661899 ], [ -79.284908275898999, 35.555117800044997 ], [ -79.282064748416502, 35.551636081486301 ], [ -79.2904996911696, 35.545984042235602 ], [ -79.291762311559793, 35.543355211346601 ], [ -79.290867658121499, 35.5404398166731 ], [ -79.286069300138806, 35.538967084445503 ], [ -79.276195519867599, 35.531937117603697 ], [ -79.268457629311101, 35.5324619046511 ], [ -79.260942382849805, 35.537146401566297 ], [ -79.245215091001, 35.552946607893297 ], [ -79.242831889603096, 35.560143746117198 ], [ -79.244671962312395, 35.568359868320599 ], [ -79.243768854225706, 35.569909235748497 ], [ -79.240729240794195, 35.570524167212099 ], [ -79.231077885138006, 35.568018611390201 ], [ -79.223359936696895, 35.568692649894999 ], [ -79.219319468483306, 35.566480153301697 ], [ -79.221209383063893, 35.559626880298197 ], [ -79.226531512154693, 35.554162560285697 ], [ -79.224482104857699, 35.550817547004897 ], [ -79.214441971277395, 35.555693993174202 ], [ -79.199896121515593, 35.5585602057904 ], [ -79.199071437835897, 35.563927274751997 ], [ -79.201833069645005, 35.573182683226001 ], [ -79.200856320931294, 35.576685328531298 ], [ -79.1861217969374, 35.580336653241098 ], [ -79.183500386686106, 35.584387098369497 ], [ -79.157890434099301, 35.603602493555996 ], [ -79.150060181253806, 35.617070934241198 ], [ -79.141640100259195, 35.6232838740302 ], [ -79.125771670622001, 35.623872152732098 ], [ -79.121243165563101, 35.627644114380203 ], [ -79.117082267175903, 35.628168264070197 ], [ -79.112276715607706, 35.622959388704999 ], [ -79.100896091029398, 35.6238826781318 ], [ -79.093118665017101, 35.618865743631197 ], [ -79.077750213734703, 35.614043665287902 ], [ -79.068803055357193, 35.609063947126998 ], [ -79.052338089605897, 35.5958799574816 ], [ -79.051578375717895, 35.585009370346 ], [ -79.046646679796496, 35.578060049342099 ], [ -79.047341507446603, 35.571983718623699 ], [ -79.045919759576094, 35.568673500286501 ], [ -79.036148575338004, 35.561738128543197 ], [ -79.024003440743996, 35.548383846141 ], [ -79.014702340902801, 35.543704553828199 ], [ -78.997305110930498, 35.542474952668101 ], [ -78.990604063227195, 35.540064469842001 ], [ -78.983950349130296, 35.5356493888724 ], [ -78.969644954490704, 35.521678403635399 ], [ -79.183559014214495, 35.307165446061603 ] ] ] } },
{ "type": "Feature", "properties": { "OBJECTID": 54, "County": "Lenoir", "FIPS": "107", "Rec_Survey": "Recorded survey data is available. Visit North Carolina Geodetic Survey for information. https://ncgs.state.nc.us", "NCGS_url": "https://ncem-gis.maps.arcgis.com/apps/webappviewer/index.html?id=8f3edbd62c004edd8b4fe3640f224738", "ck_date": "2025-01-13T00:00:00Z", "Shape__Area": 11174248850.371094, "Shape__Length": 557854.19377598132, "GlobalID": "acaef347-9785-4943-8bec-872c82d2955e" }, "geometry": { "type": "Polygon", "coordinates": [ [ [ -77.806249434113397, 35.368766460326803 ], [ -77.777701792929605, 35.367551725067301 ], [ -77.697506143258593, 35.377105474562697 ], [ -77.696225171825802, 35.375409634896201 ], [ -77.696902488903802, 35.371033320569602 ], [ -77.694552843491905, 35.366457025387597 ], [ -77.690069220131306, 35.364111722157404 ], [ -77.690829521672597, 35.361092606022297 ], [ -77.6874668192619, 35.358359392523703 ], [ -77.682047458147395, 35.349287484601199 ], [ -77.680053398385397, 35.347699036467098 ], [ -77.674900182973204, 35.3475843610547 ], [ -77.658684113503398, 35.353548840799903 ], [ -77.653278172320995, 35.3523953052349 ], [ -77.647659686782504, 35.3552617267448 ], [ -77.637639242634293, 35.354351374869097 ], [ -77.626407842511995, 35.3674319171812 ], [ -77.611742109825599, 35.3785372514564 ], [ -77.606627420431906, 35.3792283163855 ], [ -77.602476224339497, 35.374916033497598 ], [ -77.588110380856705, 35.374830207584097 ], [ -77.584699138743701, 35.379620721284198 ], [ -77.5814926247442, 35.3779197321035 ], [ -77.580057078178498, 35.380240103337698 ], [ -77.576825354128601, 35.379848161485903 ], [ -77.565212059100205, 35.383505400395599 ], [ -77.564373409002201, 35.387723599586899 ], [ -77.561462241296297, 35.387281663246299 ], [ -77.537184710626903, 35.396643826741297 ], [ -77.531771668742493, 35.401350441477803 ], [ -77.533605679736496, 35.403064244977202 ], [ -77.531369083163, 35.408108590022103 ], [ -77.5283972946728, 35.408889243077297 ], [ -77.527210931290398, 35.413016188441503 ], [ -77.528473466140895, 35.4142644554043 ], [ -77.520623415408295, 35.414651998397098 ], [ -77.520648174160002, 35.417338145418697 ], [ -77.519279460132907, 35.416667804746297 ], [ -77.510559624117505, 35.421401777647802 ], [ -77.506175540395404, 35.421740027130397 ], [ -77.507529800785605, 35.419103688316802 ], [ -77.5007242892639, 35.418304562856797 ], [ -77.498437308793399, 35.417007415731497 ], [ -77.498721273863495, 35.413844521047302 ], [ -77.493943006767907, 35.4116456241359 ], [ -77.482216747748396, 35.414336936334898 ], [ -77.481266153229896, 35.415440079933198 ], [ -77.482649943701205, 35.422832040088203 ], [ -77.474428152380497, 35.426778529939298 ], [ -77.470035642435704, 35.4208423596125 ], [ -77.470724033596298, 35.4097717155067 ], [ -77.463654719221196, 35.404368155966502 ], [ -77.464927435009301, 35.402753604151798 ], [ -77.463263227403502, 35.401182788316397 ], [ -77.460788905498603, 35.400654085764003 ], [ -77.463189034169005, 35.399134817686097 ], [ -77.457225123511407, 35.396543630967201 ], [ -77.456063492671106, 35.395279796560303 ], [ -77.458284902801196, 35.394249871115697 ], [ -77.455773257161994, 35.3927259838335 ], [ -77.452072990035404, 35.394332592580596 ], [ -77.452028401616104, 35.392227164931299 ], [ -77.448490144757301, 35.392737044383203 ], [ -77.450417136060594, 35.391605187029697 ], [ -77.449430404942504, 35.389320013890398 ], [ -77.455034764766296, 35.385540387215698 ], [ -77.449841607416701, 35.381079292734803 ], [ -77.445096866860396, 35.3805009639809 ], [ -77.448801802692202, 35.374557667969 ], [ -77.448167796559602, 35.3715483755145 ], [ -77.440409010690104, 35.367030831091199 ], [ -77.434849224050097, 35.368159028175803 ], [ -77.431713663278799, 35.367225066944201 ], [ -77.427142631756197, 35.359902824515501 ], [ -77.427086580474494, 35.350765507631998 ], [ -77.425907765122602, 35.349353689563699 ], [ -77.421254519383595, 35.348888343388303 ], [ -77.420822666102893, 35.351513826933797 ], [ -77.418841034689294, 35.352580897951697 ], [ -77.413257429770894, 35.351709881988498 ], [ -77.4080761523566, 35.3533535672345 ], [ -77.401316192167599, 35.348097721924198 ], [ -77.393144705610197, 35.346861969062402 ], [ -77.3908060866234, 35.341004848386 ], [ -77.391511547165706, 35.338863920517198 ], [ -77.3951606208133, 35.343030636416401 ], [ -77.408676873635997, 35.3394026993642 ], [ -77.410946694689997, 35.338038749749103 ], [ -77.410500507486603, 35.331875377957303 ], [ -77.4144501267523, 35.333921149709198 ], [ -77.414689568588898, 35.330420455225003 ], [ -77.421351747727797, 35.331337623823202 ], [ -77.423351237923796, 35.328750563344599 ], [ -77.431271973911393, 35.3298288034146 ], [ -77.432296984136798, 35.324486394788302 ], [ -77.431135433787503, 35.312914334020697 ], [ -77.438839238143601, 35.311465208384703 ], [ -77.440538995805397, 35.303516189805897 ], [ -77.449138131097996, 35.301845659298301 ], [ -77.449611630636696, 35.2994328655898 ], [ -77.446415109316206, 35.296179649319399 ], [ -77.446635018180899, 35.2936244316708 ], [ -77.439932150943704, 35.289599518087599 ], [ -77.440591855954494, 35.284580954864197 ], [ -77.437658118307098, 35.276994055919303 ], [ -77.431829953530595, 35.271278808738202 ], [ -77.4286110307917, 35.264082960285201 ], [ -77.426174724595, 35.262381697971399 ], [ -77.426851861591004, 35.256066412816502 ], [ -77.432833528664801, 35.249984911508299 ], [ -77.4459091915827, 35.2465856246599 ], [ -77.464316781680694, 35.239161451625598 ], [ -77.465618584668107, 35.234625311845299 ], [ -77.473296080227399, 35.2310711062877 ], [ -77.473693956006699, 35.228991536487896 ], [ -77.5276099960127, 35.242889262682198 ], [ -77.507891324462804, 35.172702492876297 ], [ -77.601709441028106, 35.071255264623602 ], [ -77.731027728991904, 35.008143104205303 ], [ -77.746038736925101, 35.022344808025998 ], [ -77.747227974433898, 35.051382279675799 ], [ -77.748902147360894, 35.051335945355703 ], [ -77.749182867877707, 35.0581842731197 ], [ -77.747508486519294, 35.058230692633302 ], [ -77.749574364099502, 35.108615772060098 ], [ -77.769179284453998, 35.145581569587002 ], [ -77.834263928326806, 35.177858683834799 ], [ -77.824182281939898, 35.343818296243903 ], [ -77.819272216498007, 35.3520061749958 ], [ -77.818049814369601, 35.357442340396297 ], [ -77.806249434113397, 35.368766460326803 ] ] ] } },
{ "type": "Feature", "properties": { "OBJECTID": 55, "County": "Lincoln", "FIPS": "109", "Rec_Survey": "Recorded survey data is available. Visit North Carolina Geodetic Survey for information. https://ncgs.state.nc.us", "NCGS_url": "https://ncem-gis.maps.arcgis.com/apps/webappviewer/index.html?id=8f3edbd62c004edd8b4fe3640f224738", "ck_date": "2026-02-26T00:00:00Z", "Shape__Area": 8492148906.6917114, "Shape__Length": 454511.23744560621, "GlobalID": "0729d1ec-4927-42f4-aeb0-37eb291481f1" }, "geometry": { "type": "Polygon", "coordinates": [ [ [ -80.960028307798794, 35.547027146700103 ], [ -80.958805496339707, 35.544619191316897 ], [ -80.942061415907602, 35.532646219237201 ], [ -80.939670141473997, 35.529209627718302 ], [ -80.941305899508393, 35.526709383937501 ], [ -80.944782574609505, 35.526012877244 ], [ -80.953856009259894, 35.532332298716199 ], [ -80.956330746196699, 35.531953903217001 ], [ -80.957753903712799, 35.523665297778201 ], [ -80.955983575215797, 35.515078760746398 ], [ -80.963523987546296, 35.5059675071942 ], [ -80.961312398422606, 35.497071983449501 ], [ -80.949534206642895, 35.492364938843302 ], [ -80.947738981859302, 35.490352980100901 ], [ -80.945328003653401, 35.483624103530403 ], [ -80.948103583506494, 35.480173951698198 ], [ -80.951748055052505, 35.4682307473091 ], [ -80.950621040017296, 35.465296201335597 ], [ -80.943350756267193, 35.459459507049701 ], [ -80.942374003808197, 35.456455644564898 ], [ -80.943097939462206, 35.452906757724101 ], [ -80.950257475604701, 35.447474108827997 ], [ -80.958642338361699, 35.432908084264199 ], [ -80.955131620713303, 35.421029669646003 ], [ -80.958756701396098, 35.412253800305201 ], [ -80.955594641188597, 35.401363245210803 ], [ -81.455326632940597, 35.418900313666903 ], [ -81.458633350835697, 35.423323843778398 ], [ -81.481336619934396, 35.471425614458298 ], [ -81.513076247298301, 35.523452321366698 ], [ -81.509466521096698, 35.536056835014101 ], [ -81.509221474001805, 35.550358744479603 ], [ -81.515424462109095, 35.558303898611797 ], [ -81.5376032910779, 35.564235072499002 ], [ -81.535407453998403, 35.568144373399498 ], [ -81.496241921826396, 35.567068923479503 ], [ -80.960028307798794, 35.547027146700103 ] ] ] } },
{ "type": "Feature", "properties": { "OBJECTID": 56, "County": "Macon", "FIPS": "113", "Rec_Survey": "Recorded survey data is available. Visit North Carolina Geodetic Survey for information. https://ncgs.state.nc.us", "NCGS_url": "https://ncem-gis.maps.arcgis.com/apps/webappviewer/index.html?id=8f3edbd62c004edd8b4fe3640f224738", "ck_date": "2025-12-11T00:00:00Z", "Shape__Area": 14483298944.996857, "Shape__Length": 660581.3682580688, "GlobalID": "fbd514fa-64f2-4dbb-b1d1-8ef69af1e536" }, "geometry": { "type": "Polygon", "coordinates": [ [ [ -83.738133349765604, 35.155956472776097 ], [ -83.730570083903203, 35.171771998540301 ], [ -83.732305763205503, 35.174822776260498 ], [ -83.731539250307307, 35.178586279511698 ], [ -83.725262220707606, 35.183534099831803 ], [ -83.716198994203907, 35.186478217479497 ], [ -83.7118823716809, 35.1903609566969 ], [ -83.711341770725198, 35.195666079477803 ], [ -83.715938959679093, 35.1995362655476 ], [ -83.719471373620607, 35.1967599133947 ], [ -83.7288287925997, 35.200868566352902 ], [ -83.722655588883995, 35.209764677819201 ], [ -83.713047321748903, 35.213187005429603 ], [ -83.709992851127296, 35.218947469849901 ], [ -83.6984536304588, 35.223933796607703 ], [ -83.693791898234807, 35.228725046107101 ], [ -83.693264348144197, 35.232071977295597 ], [ -83.690475711651601, 35.234820251342697 ], [ -83.691668031133801, 35.242769260268503 ], [ -83.695173718065504, 35.2437836173359 ], [ -83.697820222138503, 35.2474491276583 ], [ -83.702779487126506, 35.248522604205597 ], [ -83.694807866870605, 35.257310322996702 ], [ -83.692293916180006, 35.263290916179002 ], [ -83.684803719980493, 35.272752399718499 ], [ -83.684068528433301, 35.276362134996702 ], [ -83.672818770117601, 35.282802422401801 ], [ -83.495754356132096, 35.299527577627401 ], [ -83.490279844374101, 35.305554076312497 ], [ -83.486669024762094, 35.305437208542102 ], [ -83.474055686539302, 35.2976754630157 ], [ -83.467385933051503, 35.297784673912602 ], [ -83.463612909483601, 35.298979418839899 ], [ -83.461348512799404, 35.3017321387998 ], [ -83.455894102437199, 35.302803584510599 ], [ -83.4520700134386, 35.314210873475901 ], [ -83.448128568473095, 35.316677937168201 ], [ -83.440811906929198, 35.317211713240702 ], [ -83.437749332028602, 35.321921421540402 ], [ -83.432590517167597, 35.325162061996899 ], [ -83.428372884616905, 35.324555044586603 ], [ -83.4217549880224, 35.317628544246702 ], [ -83.415857926673297, 35.319466160986003 ], [ -83.410922498121806, 35.316535242359002 ], [ -83.404266581689299, 35.324907302732498 ], [ -83.399568505340994, 35.3277769270276 ], [ -83.391401308370007, 35.325528687076499 ], [ -83.386308439017299, 35.326788248643503 ], [ -83.379323714617399, 35.3255126213189 ], [ -83.372460359815406, 35.329102007045499 ], [ -83.364232152645997, 35.326000169179501 ], [ -83.357254163529404, 35.329690276568002 ], [ -83.347276533033494, 35.328483857021503 ], [ -83.339381652228994, 35.330910222096001 ], [ -83.334227853678399, 35.325685902421803 ], [ -83.334420235578193, 35.320468555934603 ], [ -83.331949400179894, 35.316015001079499 ], [ -83.324701367746599, 35.314335805194602 ], [ -83.321394695343798, 35.311969484208802 ], [ -83.323033040667099, 35.308167425598498 ], [ -83.322862234048202, 35.301363702878199 ], [ -83.317017995562907, 35.298260588176703 ], [ -83.316647689642906, 35.292445594932502 ], [ -83.318528380055994, 35.288916406974103 ], [ -83.311994598062498, 35.281544530661101 ], [ -83.3157647743664, 35.2741462998939 ], [ -83.313946167301197, 35.269120964131702 ], [ -83.315834030725497, 35.264730295395999 ], [ -83.310417629836905, 35.264149532909798 ], [ -83.311318068299499, 35.259742627999103 ], [ -83.308421192016297, 35.257083826501201 ], [ -83.298169220125004, 35.255729391505 ], [ -83.295175020421397, 35.247624637829396 ], [ -83.296871633461294, 35.242611435399901 ], [ -83.294179537976007, 35.241398119196099 ], [ -83.293532477983902, 35.235436711253101 ], [ -83.284094541350996, 35.231891280769602 ], [ -83.281855789377005, 35.229006133714797 ], [ -83.276634848977196, 35.227853284681302 ], [ -83.261381912912299, 35.231118423753301 ], [ -83.245217301880402, 35.231491452856297 ], [ -83.243031786024204, 35.239215526465401 ], [ -83.232731159644302, 35.240230316964599 ], [ -83.224118902058706, 35.238672762810701 ], [ -83.221771887786602, 35.228897214788603 ], [ -83.216497302168094, 35.223212391810897 ], [ -83.2184471797828, 35.2210625999736 ], [ -83.218458159876107, 35.217129758203598 ], [ -83.215975273884993, 35.213115161595297 ], [ -83.216254720851197, 35.208701092582103 ], [ -83.219470007618497, 35.205895644991102 ], [ -83.219600715276798, 35.201294953515202 ], [ -83.217447164982104, 35.199160783376598 ], [ -83.219337169936495, 35.196641099973803 ], [ -83.216686366799095, 35.194915467314203 ], [ -83.222507971192201, 35.192768058933602 ], [ -83.224577473734797, 35.188456764316697 ], [ -83.223239347993001, 35.1838255201503 ], [ -83.225381216112496, 35.1770912464142 ], [ -83.222464989983607, 35.167883085143302 ], [ -83.223899534230597, 35.157304878444599 ], [ -83.220631244911004, 35.158793351125198 ], [ -83.2129270737979, 35.158034684377803 ], [ -83.209456560630997, 35.150539440358401 ], [ -83.193914582136301, 35.140424056119798 ], [ -83.191331278984094, 35.135738179770101 ], [ -83.186709617084702, 35.133527606237401 ], [ -83.186375716202505, 35.128550185251001 ], [ -83.183175076537395, 35.125840552155999 ], [ -83.183036911096195, 35.1191765181104 ], [ -83.178615156380005, 35.115733039150001 ], [ -83.177494178447205, 35.109093905281199 ], [ -83.172060408916707, 35.105401477197702 ], [ -83.168054506061907, 35.1053635665127 ], [ -83.160067389070605, 35.098107487918398 ], [ -83.152576755434794, 35.098361326566398 ], [ -83.152099307268003, 35.095575659094401 ], [ -83.146791994416404, 35.0921904027119 ], [ -83.147473155978304, 35.088495035717003 ], [ -83.142806895345103, 35.0787007881992 ], [ -83.148457933302197, 35.079507289986999 ], [ -83.159330508910799, 35.0774993991296 ], [ -83.159205803890501, 35.075447665372302 ], [ -83.164712547082701, 35.071240272036903 ], [ -83.172042382510199, 35.069225535615999 ], [ -83.171713719398298, 35.065075117705497 ], [ -83.169062434568303, 35.061940117212899 ], [ -83.171436259215596, 35.0610323196669 ], [ -83.163249368843907, 35.056547609374597 ], [ -83.158964122182596, 35.057083220865998 ], [ -83.148499284634994, 35.054137314854003 ], [ -83.135776377781795, 35.0381186630554 ], [ -83.130933251770699, 35.038626414860701 ], [ -83.132689200127999, 35.0337965875067 ], [ -83.130120989290106, 35.026141363775302 ], [ -83.126342381785804, 35.022956850528502 ], [ -83.126401862695005, 35.015848791044 ], [ -83.117092173574605, 35.011699664711699 ], [ -83.112540905933997, 35.013180438699202 ], [ -83.108602179440695, 35.009713040981097 ], [ -83.109587660698807, 35.003114493121998 ], [ -83.108571633353407, 35.001359258581097 ], [ -83.482952802201595, 34.993308153649998 ], [ -83.486460483889999, 34.998531532283401 ], [ -83.493284327047903, 34.998896339985102 ], [ -83.500073949402406, 35.001615608636399 ], [ -83.504603269988905, 35.000665378627097 ], [ -83.510600908547303, 35.005164191993003 ], [ -83.514085698822399, 35.004150861844899 ], [ -83.516680471390799, 35.001875808939097 ], [ -83.517988046293894, 34.997424278941203 ], [ -83.520767636492195, 34.996618790350396 ], [ -83.522647732195907, 34.999440475709598 ], [ -83.522009349293896, 35.003625772829501 ], [ -83.527084295800606, 35.009221079920302 ], [ -83.521936544809904, 35.013240641137898 ], [ -83.521254456753397, 35.018252598438202 ], [ -83.531109376344304, 35.026229076589203 ], [ -83.538546621551006, 35.036198885654301 ], [ -83.547800650758305, 35.039455561632103 ], [ -83.558415560588998, 35.039140646639801 ], [ -83.563113499165993, 35.048320425574097 ], [ -83.566720725812701, 35.051287408371401 ], [ -83.562202605938495, 35.059543010506999 ], [ -83.567997455982606, 35.066913253728003 ], [ -83.566851336515597, 35.070821008141301 ], [ -83.575313940709904, 35.0716582712435 ], [ -83.578733044237495, 35.0771336740085 ], [ -83.581891045912997, 35.078120392294601 ], [ -83.5850911975147, 35.081798701369301 ], [ -83.583392131408104, 35.086960329048701 ], [ -83.586620866626902, 35.091588602236797 ], [ -83.596592976810996, 35.0943279956428 ], [ -83.600988906850802, 35.099808747588497 ], [ -83.605593512892995, 35.101915610513402 ], [ -83.6113115023078, 35.1021301878285 ], [ -83.617912766730498, 35.105966340054998 ], [ -83.6187583134611, 35.1085982830445 ], [ -83.614575088699596, 35.113112940861697 ], [ -83.616727609951795, 35.115391755288499 ], [ -83.6168377216149, 35.119128910102603 ], [ -83.618895357448494, 35.119414490608001 ], [ -83.620034017509397, 35.126090980243902 ], [ -83.619045806168302, 35.128225317233003 ], [ -83.6236772065037, 35.128599999007101 ], [ -83.626605132173296, 35.131290830702497 ], [ -83.625004928955903, 35.125150367344602 ], [ -83.632353997149707, 35.125071753996501 ], [ -83.634931785548105, 35.121167798556399 ], [ -83.640283797139801, 35.130637306396402 ], [ -83.643928849809797, 35.132243970718598 ], [ -83.637720798297096, 35.132848179360103 ], [ -83.637026588150306, 35.134614863512397 ], [ -83.640176047129103, 35.138725458067398 ], [ -83.642020711324307, 35.139155579630199 ], [ -83.649536789059098, 35.134546815451699 ], [ -83.654933585523906, 35.1358148748891 ], [ -83.657619160926004, 35.140078342871803 ], [ -83.649400466181305, 35.140530459646797 ], [ -83.645030816781201, 35.145221334233497 ], [ -83.649070116246307, 35.147300182301699 ], [ -83.647713780278707, 35.151969896779804 ], [ -83.652259499018797, 35.154110413597998 ], [ -83.653926285701402, 35.157187732083102 ], [ -83.6598280862015, 35.160310377925903 ], [ -83.659418717377207, 35.154495887618303 ], [ -83.666225521222401, 35.150048152105697 ], [ -83.673452974644704, 35.157063955764698 ], [ -83.677929027922403, 35.155558767163498 ], [ -83.6843766379546, 35.157773990945103 ], [ -83.6873960309034, 35.154068882017 ], [ -83.694014132709796, 35.156092317685399 ], [ -83.699521279837597, 35.152470656589301 ], [ -83.714446389711398, 35.155289528891103 ], [ -83.726729920678196, 35.145252977966798 ], [ -83.738133349765604, 35.155956472776097 ] ] ] } },
{ "type": "Feature", "properties": { "OBJECTID": 57, "County": "Madison", "FIPS": "115", "Rec_Survey": "No recent survey data available", "NCGS_url": " ", "ck_date": "2011-11-29T00:00:00Z", "Shape__Area": 12584845172.55658, "Shape__Length": 660215.91264691495, "GlobalID": "b08e1c35-edb6-4211-8612-f6f1e42e06eb" }, "geometry": { "type": "Polygon", "coordinates": [ [ [ -82.883913035609396, 35.678241365904803 ], [ -82.901074801883098, 35.684935568238899 ], [ -82.898628374844407, 35.687021903221897 ], [ -82.898263414155096, 35.691199769273403 ], [ -82.900503820215107, 35.695619013711102 ], [ -82.898618252791593, 35.703742617943099 ], [ -82.901874638407904, 35.709221977466598 ], [ -82.910412637853298, 35.716191249557497 ], [ -82.906721083732506, 35.720241666307999 ], [ -82.908570974952198, 35.724889210234203 ], [ -82.907693646553895, 35.727850523503001 ], [ -82.915566364751101, 35.737600556432902 ], [ -82.917653585999801, 35.744815166133201 ], [ -82.923015775020502, 35.746752349996598 ], [ -82.926475476009102, 35.744994912321097 ], [ -82.936137493930602, 35.744843164222203 ], [ -82.947883191777294, 35.738952316971599 ], [ -82.952934937597902, 35.742605996276403 ], [ -82.953371989196299, 35.745736024653503 ], [ -82.957411327775404, 35.7474443587775 ], [ -82.955098308943207, 35.750369775344502 ], [ -82.956869538850299, 35.757416366150998 ], [ -82.955546669790806, 35.759125502402597 ], [ -82.952691587977995, 35.759103444930801 ], [ -82.953141433671703, 35.762164788345999 ], [ -82.9500821194368, 35.766365448397202 ], [ -82.952187528018499, 35.771104748412 ], [ -82.949995280075498, 35.774494159633697 ], [ -82.952648467322604, 35.776639841954598 ], [ -82.951922500618295, 35.779494240057197 ], [ -82.955727731337603, 35.7827558658702 ], [ -82.957351272790703, 35.7825094425164 ], [ -82.95681735526, 35.785096385693798 ], [ -82.959566115860696, 35.786876159448298 ], [ -82.960022171740604, 35.790665755440102 ], [ -82.961757780639999, 35.790965550133897 ], [ -82.962904312263305, 35.794931339316598 ], [ -82.961814485168901, 35.800372468837899 ], [ -82.951767698967203, 35.816615034216497 ], [ -82.948200517678004, 35.817790826763002 ], [ -82.948567019563896, 35.819696010869997 ], [ -82.945633691933907, 35.824622411008299 ], [ -82.935978790983896, 35.825600695385397 ], [ -82.933346902823303, 35.830536352263103 ], [ -82.934073791216804, 35.836669118673797 ], [ -82.920273079815701, 35.839375240347302 ], [ -82.916347200852101, 35.841670066746097 ], [ -82.921038642447499, 35.850952395369298 ], [ -82.918217071912295, 35.859279037055998 ], [ -82.921436514296403, 35.863112357297901 ], [ -82.920834809811197, 35.868184678768202 ], [ -82.910778133768105, 35.868579660463602 ], [ -82.906559381759706, 35.870186507621497 ], [ -82.900895342621595, 35.8729159154068 ], [ -82.896084735984104, 35.8795513626361 ], [ -82.898289996623504, 35.881264832118603 ], [ -82.903631015105304, 35.880464025203601 ], [ -82.906829592090702, 35.883915284243201 ], [ -82.901047244952807, 35.892797974834203 ], [ -82.908113170600899, 35.9042108284603 ], [ -82.906984344482794, 35.907435818467498 ], [ -82.908036310666603, 35.911320689475097 ], [ -82.909738386508806, 35.910974846366699 ], [ -82.914390936252403, 35.9151566710133 ], [ -82.911628055129697, 35.916815268865399 ], [ -82.913539695472394, 35.92426784453 ], [ -82.919245280395103, 35.925898575384601 ], [ -82.919940598504596, 35.928804852195 ], [ -82.912199099364102, 35.929600659793103 ], [ -82.910625150681497, 35.927512304161603 ], [ -82.905951283412094, 35.926203578593501 ], [ -82.901823837637096, 35.926966479417899 ], [ -82.8988904323176, 35.929883129327699 ], [ -82.901788561547207, 35.937859373671003 ], [ -82.898186398275598, 35.945237276030703 ], [ -82.892673364075407, 35.945005802416603 ], [ -82.888990638212604, 35.9483510516434 ], [ -82.878227477775297, 35.950124031422703 ], [ -82.874297096081406, 35.952836779313003 ], [ -82.860651643100596, 35.947486045369303 ], [ -82.851737425616705, 35.949351295882003 ], [ -82.846041443960701, 35.946175806640497 ], [ -82.844550621881595, 35.941994274817198 ], [ -82.841120548475203, 35.941747711672498 ], [ -82.838642384385807, 35.937278359294503 ], [ -82.833475790921995, 35.935605008357797 ], [ -82.832410472055301, 35.932819499097299 ], [ -82.828101658477706, 35.932420111450398 ], [ -82.822168589803198, 35.9219162270889 ], [ -82.816023510853199, 35.923916980664799 ], [ -82.815004225086497, 35.925580323647203 ], [ -82.805089127112097, 35.927143523395202 ], [ -82.802679444958699, 35.929577708606999 ], [ -82.806172195870303, 35.937764689616799 ], [ -82.799726766808803, 35.944676818159699 ], [ -82.794548677289498, 35.9469396269483 ], [ -82.791378885209497, 35.951004037891003 ], [ -82.7875645878255, 35.952020160213202 ], [ -82.785047433753803, 35.962489597487398 ], [ -82.778042557216295, 35.966780184385797 ], [ -82.775089669200199, 35.971836187970403 ], [ -82.776509271411996, 35.974065250209101 ], [ -82.781590631940503, 35.974303537709503 ], [ -82.785694117179702, 35.977848380562598 ], [ -82.784479816373306, 35.981890663974298 ], [ -82.785279827964999, 35.988546075436801 ], [ -82.779217886118602, 35.992296225307697 ], [ -82.775762122383597, 36.001057789687401 ], [ -82.772077262693102, 36.000710740036297 ], [ -82.762574452149195, 36.004850749686099 ], [ -82.754554892142707, 36.004352674462197 ], [ -82.752571908145498, 36.006208979494602 ], [ -82.750225507616094, 36.005988361182098 ], [ -82.750791538055495, 36.008878344448497 ], [ -82.740288327176899, 36.012139105358798 ], [ -82.7391207690751, 36.014985760580998 ], [ -82.725467902424995, 36.018167471353998 ], [ -82.716474469754502, 36.022417375157197 ], [ -82.7151448512016, 36.0286486131725 ], [ -82.708644449083806, 36.029727490726401 ], [ -82.701799583036205, 36.032657420290697 ], [ -82.701232323257102, 36.034366350602703 ], [ -82.698194435287405, 36.034207262013098 ], [ -82.697227878352706, 36.035789942984898 ], [ -82.689590041508396, 36.038164370834302 ], [ -82.6859913422971, 36.041428341854399 ], [ -82.684077293246702, 36.045802215429603 ], [ -82.674855260435805, 36.0488403972833 ], [ -82.670565593604806, 36.052982932726003 ], [ -82.666350142063393, 36.053042813124499 ], [ -82.659271605868597, 36.057124270240202 ], [ -82.651536703795301, 36.057375265594096 ], [ -82.637234469255802, 36.065827034861002 ], [ -82.632612206099097, 36.0659182336315 ], [ -82.632058608175697, 36.064028235341503 ], [ -82.617957925240702, 36.055917171245902 ], [ -82.617046085489406, 36.053775316638799 ], [ -82.618387611264794, 36.046922841933799 ], [ -82.608662595609005, 36.044418172175099 ], [ -82.601880425058994, 36.0386601886512 ], [ -82.601662566723107, 36.0360609163153 ], [ -82.591451013115901, 36.035575101399999 ], [ -82.590999004557503, 36.031580798288502 ], [ -82.602927268521498, 36.0233781627986 ], [ -82.602842985009502, 36.017762711128903 ], [ -82.607765283170195, 36.015760548120099 ], [ -82.609448555713598, 36.011045071531299 ], [ -82.606880029875398, 36.010437414347599 ], [ -82.613828826857798, 36.004923794598298 ], [ -82.614931645341201, 36.0020528120859 ], [ -82.612901047161202, 35.993612534968598 ], [ -82.607131770119196, 35.9923666860781 ], [ -82.604416797351604, 35.987470103005002 ], [ -82.610943414435695, 35.9743865383371 ], [ -82.610706525235599, 35.9672102021716 ], [ -82.600110054231905, 35.964600826081501 ], [ -82.591985928238699, 35.966295703335703 ], [ -82.580465583721903, 35.965254646376401 ], [ -82.577801530707802, 35.964341378477599 ], [ -82.576172846507006, 35.9587266248977 ], [ -82.557991499242604, 35.953879957651502 ], [ -82.549907890013301, 35.963930189210402 ], [ -82.544719947739495, 35.965439601108997 ], [ -82.540184158724699, 35.968959782471003 ], [ -82.530495716217004, 35.9722644534042 ], [ -82.524894906384404, 35.971099020913798 ], [ -82.522125295243498, 35.974019057294598 ], [ -82.517080603068493, 35.975831976708001 ], [ -82.512853904944706, 35.975308459058397 ], [ -82.510302209632201, 35.977298728596601 ], [ -82.505429303176101, 35.977439402697001 ], [ -82.501050758763, 35.966099294784001 ], [ -82.496307838771003, 35.962228067491502 ], [ -82.496712109269396, 35.956979836811797 ], [ -82.486026496693398, 35.953972053958303 ], [ -82.480140603056796, 35.949198415608599 ], [ -82.488004255891894, 35.943031985163302 ], [ -82.490338458511104, 35.937045776187297 ], [ -82.495702289058201, 35.9312056213112 ], [ -82.498551990040198, 35.930199974860997 ], [ -82.498023629419805, 35.925349225111901 ], [ -82.493668835727505, 35.923820551239402 ], [ -82.493098392546202, 35.921249334431003 ], [ -82.490329762443807, 35.921071052118599 ], [ -82.490254931604497, 35.917087276810697 ], [ -82.494785383187306, 35.909490558623503 ], [ -82.486186150918996, 35.907069679409602 ], [ -82.482853713483806, 35.9090113690417 ], [ -82.474778617091403, 35.909251670068102 ], [ -82.463490337223305, 35.899725785593503 ], [ -82.453681947397996, 35.8998863892797 ], [ -82.450181703968298, 35.897961944705003 ], [ -82.441868968619502, 35.887504525986799 ], [ -82.443074281450293, 35.884755664205102 ], [ -82.439609036544994, 35.879438665624299 ], [ -82.432145256383606, 35.876686463025003 ], [ -82.4308447730522, 35.874224600087402 ], [ -82.423653913194997, 35.869535725187802 ], [ -82.425217244626694, 35.8611617474645 ], [ -82.417555748780202, 35.859370205282097 ], [ -82.418425674714598, 35.850398662579003 ], [ -82.417332815624604, 35.8474834088072 ], [ -82.419550578120706, 35.841889286451803 ], [ -82.416267486364504, 35.829252503969798 ], [ -82.412052087440998, 35.8267706931831 ], [ -82.4143395578417, 35.823267489266499 ], [ -82.413957145112207, 35.819846064992298 ], [ -82.408606429566703, 35.81818475699 ], [ -82.412349862834702, 35.814726227269901 ], [ -82.417884250867303, 35.813366305408103 ], [ -82.427368659321004, 35.813772660892703 ], [ -82.435627130435606, 35.808535755065698 ], [ -82.443972340826704, 35.808853889788502 ], [ -82.447063503214196, 35.810435796432103 ], [ -82.454303189018503, 35.807355136415701 ], [ -82.463662324695704, 35.809671832350098 ], [ -82.465163368165094, 35.801802931219903 ], [ -82.475848886613505, 35.798314624164199 ], [ -82.488322315478698, 35.801496198150097 ], [ -82.495168690241002, 35.799463754071397 ], [ -82.498999745159793, 35.801518313031302 ], [ -82.503345661091899, 35.8009377855767 ], [ -82.506521329966105, 35.802774678741599 ], [ -82.514656095244206, 35.803250294183101 ], [ -82.520060981207706, 35.799141438788098 ], [ -82.525349843586497, 35.798725269686599 ], [ -82.531785017050794, 35.795831045753602 ], [ -82.535690834586802, 35.7910735937106 ], [ -82.539630562454093, 35.791804384086703 ], [ -82.667889335396694, 35.7377172820485 ], [ -82.668465351266903, 35.734741040793203 ], [ -82.677664043609198, 35.734653404671299 ], [ -82.669523511905396, 35.730245756357199 ], [ -82.669611922523302, 35.725800919316399 ], [ -82.685589426314493, 35.727097614142501 ], [ -82.690201472263496, 35.7297597101633 ], [ -82.691850801418894, 35.733537445333504 ], [ -82.694722872046896, 35.735039469121901 ], [ -82.700866856885398, 35.734753627101199 ], [ -82.707262675368895, 35.7321833248063 ], [ -82.712135148597199, 35.733001013374398 ], [ -82.709987981230498, 35.728669540093698 ], [ -82.713716825150101, 35.727049168245202 ], [ -82.709518486712, 35.726874631175797 ], [ -82.708898826540405, 35.725537178642099 ], [ -82.711034222989895, 35.725177036711699 ], [ -82.713967382120998, 35.717658473411497 ], [ -82.720639919150898, 35.715553786482097 ], [ -82.727425875813495, 35.718042490101297 ], [ -82.730979297755297, 35.722409910838401 ], [ -82.732633729980705, 35.7181802792092 ], [ -82.736774781578603, 35.716074948959303 ], [ -82.732959113467601, 35.714054272063898 ], [ -82.736098066095707, 35.713870855303 ], [ -82.737091529342294, 35.711830697785899 ], [ -82.744804717754207, 35.714754290314403 ], [ -82.746082681850496, 35.712654509688697 ], [ -82.751534670881796, 35.710776728495901 ], [ -82.749957062546997, 35.706469894714601 ], [ -82.751479388789903, 35.707090426597603 ], [ -82.7562113970952, 35.702532261780398 ], [ -82.769453388893098, 35.698325477790597 ], [ -82.774932322397504, 35.700094590509401 ], [ -82.785465219026307, 35.698081455519997 ], [ -82.788350718173007, 35.696001135379802 ], [ -82.793168851177896, 35.696531562820702 ], [ -82.797335535479903, 35.692019476402301 ], [ -82.797673968554804, 35.689277438128698 ], [ -82.804855728361005, 35.6860974829737 ], [ -82.815561747741498, 35.689102330814997 ], [ -82.824178051786504, 35.6884381711304 ], [ -82.826691794915305, 35.690704237192698 ], [ -82.838976216509195, 35.693614456805598 ], [ -82.842617452058505, 35.699552036528701 ], [ -82.848656243247206, 35.701763332359803 ], [ -82.854083646872894, 35.699459045707499 ], [ -82.853888280171205, 35.6967569445329 ], [ -82.8570784136692, 35.693408207272697 ], [ -82.867165486012496, 35.688949966530501 ], [ -82.871104490453604, 35.688931976563197 ], [ -82.874780988441103, 35.683512594520401 ], [ -82.883913035609396, 35.678241365904803 ] ] ] } },
{ "type": "Feature", "properties": { "OBJECTID": 58, "County": "Martin", "FIPS": "117", "Rec_Survey": "Recorded survey data is available. Visit North Carolina Geodetic Survey for information. https://ncgs.state.nc.us", "NCGS_url": "https://ncem-gis.maps.arcgis.com/apps/webappviewer/index.html?id=8f3edbd62c004edd8b4fe3640f224738", "ck_date": "2025-01-13T00:00:00Z", "Shape__Area": 12729962186.602539, "Shape__Length": 740362.29635619733, "GlobalID": "2734cfdb-5349-4ed9-80ad-e3cfc1032ba0" }, "geometry": { "type": "Polygon", "coordinates": [ [ [ -77.174002778537101, 35.732838344503101 ], [ -77.179010471830907, 35.739658614602199 ], [ -77.182334893285997, 35.741925841861899 ], [ -77.184476375464499, 35.740717419432599 ], [ -77.191597367113502, 35.744059221765497 ], [ -77.192148455497005, 35.747045490809803 ], [ -77.202621631007602, 35.746490401587899 ], [ -77.203818034647895, 35.748890519203997 ], [ -77.201150066882093, 35.750786873989099 ], [ -77.201398995782299, 35.752222325108598 ], [ -77.215007317094106, 35.759799019450199 ], [ -77.222790178114906, 35.758715914727802 ], [ -77.2394846072485, 35.7620853872479 ], [ -77.245985921108201, 35.760512649062697 ], [ -77.252078551850602, 35.762243903615001 ], [ -77.255626955500105, 35.765393075617297 ], [ -77.259794657768097, 35.765229346577698 ], [ -77.264576041329903, 35.771482697928299 ], [ -77.264822804269897, 35.774384060208 ], [ -77.255281851242103, 35.783021462487298 ], [ -77.255202821692805, 35.7863591387176 ], [ -77.350371185451394, 35.819235244651999 ], [ -77.349435373106502, 35.8674214362334 ], [ -77.344417672455904, 35.875335412094699 ], [ -77.342420277109298, 35.905269502938403 ], [ -77.4092022134476, 35.998694998076601 ], [ -77.339286321989505, 36.064708731730697 ], [ -77.339725211883902, 36.066229936201303 ], [ -77.3314285003717, 36.068086102029 ], [ -77.327571012148297, 36.071368315353503 ], [ -77.323091039309205, 36.059037946070802 ], [ -77.320793910359896, 36.056485769547201 ], [ -77.292792038215893, 36.045092254693998 ], [ -77.274472378119299, 36.033704247501099 ], [ -77.242086750288095, 36.021696977750601 ], [ -77.230517830681904, 36.015584257060802 ], [ -77.216415891860606, 36.014881402759102 ], [ -77.206893991003099, 36.007475749473301 ], [ -77.205957964772097, 36.004827894208503 ], [ -77.213330539874093, 35.992539716285201 ], [ -77.211221435550002, 35.990649059789199 ], [ -77.204610338886596, 35.993552593250897 ], [ -77.196066419589499, 35.992375804965299 ], [ -77.192308566111294, 35.985164524088901 ], [ -77.196419705916199, 35.981899797701601 ], [ -77.194286341574895, 35.9765654174278 ], [ -77.190270740638994, 35.973685139754402 ], [ -77.195744313389, 35.9687674891724 ], [ -77.196344038146904, 35.9662735498448 ], [ -77.190830628661601, 35.960847603856998 ], [ -77.196693281063503, 35.963099535582003 ], [ -77.197559620926697, 35.961899740083403 ], [ -77.188517634927507, 35.957507901481897 ], [ -77.198984803574902, 35.957154042177898 ], [ -77.199282128187605, 35.9553465188229 ], [ -77.194216982405806, 35.949724425088398 ], [ -77.195954705833003, 35.949004450749399 ], [ -77.200570418614902, 35.950968125718298 ], [ -77.202677807884001, 35.947493811254802 ], [ -77.197533186298301, 35.938156214146503 ], [ -77.186395706979994, 35.931098900583699 ], [ -77.172070338340404, 35.929156848296103 ], [ -77.170028319846395, 35.930087967429102 ], [ -77.1662624794793, 35.936408087266003 ], [ -77.162833779672397, 35.937673656296901 ], [ -77.146057541792601, 35.936144634501296 ], [ -77.141295689278607, 35.933925735134203 ], [ -77.130877981628302, 35.940763550363997 ], [ -77.128195845890403, 35.937133380794997 ], [ -77.126536493172196, 35.928926237532004 ], [ -77.123783827133707, 35.926145104568803 ], [ -77.119875995598406, 35.926157811560302 ], [ -77.1150088984147, 35.929249522961399 ], [ -77.110646609026006, 35.927550680084401 ], [ -77.1064450556065, 35.9324116906405 ], [ -77.102924837478199, 35.933348641739997 ], [ -77.093653408650496, 35.924823302116003 ], [ -77.091981419959694, 35.925724824557697 ], [ -77.092075840407304, 35.9283813063577 ], [ -77.088799696746506, 35.928969801247298 ], [ -77.086674793342198, 35.932391209694998 ], [ -77.082368728122006, 35.931651870341298 ], [ -77.081168781476507, 35.937486814474397 ], [ -77.073495879700801, 35.934518995669698 ], [ -77.067273439885398, 35.936659778609901 ], [ -77.066596496909597, 35.938664303070603 ], [ -77.071069016828503, 35.942317731211602 ], [ -77.070639373839697, 35.943846363366298 ], [ -77.060938167592298, 35.938574534080203 ], [ -77.056038018155903, 35.941279544272497 ], [ -77.055126515439994, 35.944847686922202 ], [ -77.044034956339402, 35.943454897733503 ], [ -77.038760267805799, 35.930798872852499 ], [ -77.035648196954099, 35.929469281949402 ], [ -77.027546020425206, 35.929690459376602 ], [ -77.031845113888494, 35.917796194566698 ], [ -77.027247374145404, 35.9177859218428 ], [ -77.026616249898595, 35.909842540881101 ], [ -77.030615689661204, 35.905364782771699 ], [ -77.0252563832654, 35.902783029452301 ], [ -77.024128805126594, 35.899086062915202 ], [ -77.025507731370197, 35.895717581435697 ], [ -77.022128349545099, 35.890928477223298 ], [ -77.024541062131306, 35.890263826597398 ], [ -77.029303415147595, 35.893123896501002 ], [ -77.037496361935993, 35.890632916487597 ], [ -77.035657276102299, 35.8854850963126 ], [ -77.031008755541507, 35.8811875986217 ], [ -77.039692418851402, 35.8746098190746 ], [ -77.045334641208001, 35.875180228372301 ], [ -77.040404211573005, 35.867935563228301 ], [ -77.044811962746806, 35.862696143977097 ], [ -77.035939515966902, 35.857723183660099 ], [ -77.028790536561502, 35.857799743931402 ], [ -77.015830305421005, 35.862643806247398 ], [ -77.009604253386101, 35.861902536425902 ], [ -77.005251987243696, 35.858440529774398 ], [ -76.998022542290698, 35.863344368036202 ], [ -76.991695367464303, 35.865095698653697 ], [ -76.987951473792506, 35.870344211419301 ], [ -76.987326610378204, 35.876507834855602 ], [ -76.983990045107902, 35.876420731954703 ], [ -76.980667686362807, 35.8726230123454 ], [ -76.979534861085099, 35.875515279207299 ], [ -76.969992832381195, 35.881658715900301 ], [ -76.958911599543001, 35.883361137492003 ], [ -76.957053238201794, 35.886944825441098 ], [ -76.947178548097099, 35.893688728148099 ], [ -76.947208584899698, 35.897144082030302 ], [ -76.940939232967906, 35.901101061450198 ], [ -76.925545415798496, 35.899240786262801 ], [ -76.9163451728067, 35.893389837808201 ], [ -76.911303713581503, 35.881723358939503 ], [ -76.904256774417803, 35.876260166911699 ], [ -76.902069380490204, 35.868225078741901 ], [ -76.8930289363865, 35.863974474989199 ], [ -76.900138522882003, 35.857891054526199 ], [ -76.897252195561904, 35.849587849601797 ], [ -76.901940438249198, 35.844454231176002 ], [ -76.903474998491902, 35.8382745264459 ], [ -76.902555317577907, 35.8358914180114 ], [ -76.895703555922793, 35.833661956538997 ], [ -76.893895787768699, 35.8307196050798 ], [ -76.896206547708601, 35.827912369147597 ], [ -76.904112899457601, 35.824273718008399 ], [ -76.900318965474796, 35.820721445835403 ], [ -76.892728941996197, 35.818255128757997 ], [ -76.897906706389904, 35.815369431384397 ], [ -76.896385650032499, 35.8134877319753 ], [ -76.882572899623995, 35.811872893384702 ], [ -76.875223869880799, 35.813728389615399 ], [ -76.860088815315606, 35.8250122073878 ], [ -76.833138081857996, 35.852176006338802 ], [ -76.831809366495094, 35.859254284893098 ], [ -76.836724681116706, 35.878087969773098 ], [ -76.834827601233997, 35.882916826812703 ], [ -76.830191283155102, 35.8858734968451 ], [ -76.821713683868296, 35.887033992081697 ], [ -76.806908012359102, 35.883953508152501 ], [ -76.802043261256202, 35.880826838134197 ], [ -76.796041137421696, 35.873328687358502 ], [ -76.780986938756101, 35.863878251601598 ], [ -76.772627498022899, 35.862570229232198 ], [ -76.760599798904096, 35.864894545218299 ], [ -76.761051935697594, 35.863099844752497 ], [ -76.763171876721103, 35.864111298757599 ], [ -76.765394179565604, 35.861348517711399 ], [ -76.771713048129001, 35.860954079823401 ], [ -76.772178836832197, 35.858219915196102 ], [ -76.776405959783602, 35.858696301069102 ], [ -76.776897305360606, 35.8567124115553 ], [ -76.778701655848295, 35.856615280929397 ], [ -76.778440240263095, 35.854114922976898 ], [ -76.781170176358401, 35.853453817655499 ], [ -76.780474888288197, 35.850998532046198 ], [ -76.783803720903606, 35.848835367842803 ], [ -76.784280298119398, 35.844806500548202 ], [ -76.789302638854707, 35.837819813087997 ], [ -76.784663521228296, 35.832896224203402 ], [ -76.7849230279095, 35.829158362751301 ], [ -76.781923552798204, 35.826863736013301 ], [ -76.782604641122504, 35.824356986062 ], [ -76.796852534235299, 35.816205854398 ], [ -76.799450136901896, 35.813567277218198 ], [ -76.802608712353106, 35.805171769560303 ], [ -76.793506252899505, 35.795420004914099 ], [ -76.792822994245498, 35.792452474293597 ], [ -76.794114068715004, 35.791240995707497 ], [ -76.792764810004101, 35.790073962806702 ], [ -76.798474415614393, 35.784615617622102 ], [ -76.8034594579225, 35.783937170574099 ], [ -76.804005517894396, 35.779591050526001 ], [ -76.802265122186995, 35.776330083452201 ], [ -76.8033274760691, 35.772959358088997 ], [ -76.807965792548899, 35.768207427702102 ], [ -76.809184529357097, 35.763006315168298 ], [ -76.817593938473806, 35.759348051523702 ], [ -76.820228709597501, 35.753748466931199 ], [ -76.817065724352304, 35.748665262614601 ], [ -76.825151387244503, 35.744973638588398 ], [ -76.825927848352606, 35.740179323959097 ], [ -76.832003259766196, 35.737463921034298 ], [ -76.833685228818496, 35.733187454613301 ], [ -76.831330752425103, 35.730708888696803 ], [ -76.847266797859305, 35.719989024778997 ], [ -76.985857233754899, 35.658848843680197 ], [ -77.034791409716405, 35.6790836253846 ], [ -77.163842676930301, 35.739479987602202 ], [ -77.171989645498499, 35.736239341687202 ], [ -77.174002778537101, 35.732838344503101 ] ] ] } },
{ "type": "Feature", "properties": { "OBJECTID": 59, "County": "McDowell", "FIPS": "111", "Rec_Survey": "Recorded survey data is available. Visit North Carolina Geodetic Survey for information. https://ncgs.state.nc.us", "NCGS_url": "https://ncem-gis.maps.arcgis.com/apps/webappviewer/index.html?id=8f3edbd62c004edd8b4fe3640f224738", "ck_date": "2025-01-13T00:00:00Z", "Shape__Area": 12408848174.885742, "Shape__Length": 587707.1532272239, "GlobalID": "6418dffb-5078-4792-8e6e-1a889285fa7a" }, "geometry": { "type": "Polygon", "coordinates": [ [ [ -81.824125759519404, 35.574990359182998 ], [ -81.828379605076805, 35.573925067313901 ], [ -81.829499001319405, 35.567690572735899 ], [ -81.833823284217303, 35.562863858801698 ], [ -81.833432365175597, 35.5590002510001 ], [ -81.840976375622901, 35.554156358370399 ], [ -81.841117097838307, 35.550413484021199 ], [ -81.843919508615798, 35.5463442883905 ], [ -81.842471316010503, 35.542269849263803 ], [ -81.904958164661707, 35.541924613280798 ], [ -81.920902508786298, 35.533668357559499 ], [ -81.921191221384902, 35.535185434995803 ], [ -81.924054825479303, 35.534027949335602 ], [ -81.933125641687397, 35.536081765340199 ], [ -81.957329622540797, 35.527780545935201 ], [ -81.967623175065199, 35.526014001370903 ], [ -81.978006137395298, 35.530643973249099 ], [ -81.986213122848596, 35.538083267058603 ], [ -81.986255322179105, 35.540715730027102 ], [ -81.994460759723793, 35.544047446444303 ], [ -82.002801189026002, 35.551864038866697 ], [ -82.012998447033397, 35.547713112627903 ], [ -82.022135778318102, 35.537328264613102 ], [ -82.039841309008196, 35.532710766512402 ], [ -82.082624716631599, 35.533407389650101 ], [ -82.095721721029406, 35.531683958158801 ], [ -82.150512824726107, 35.5179933050633 ], [ -82.209934557271495, 35.549081220203099 ], [ -82.220063795899605, 35.5531678711219 ], [ -82.251254847869106, 35.5599498123036 ], [ -82.291030077460604, 35.591329103009897 ], [ -82.291937724018794, 35.5949687175004 ], [ -82.287516220294705, 35.601046919937303 ], [ -82.282273272829897, 35.603090069149196 ], [ -82.280435335358007, 35.608766260689698 ], [ -82.265371831079804, 35.613510383929999 ], [ -82.264514550176102, 35.617676652942599 ], [ -82.272737175578698, 35.621986935479299 ], [ -82.271565305672596, 35.624471502816903 ], [ -82.274145732913297, 35.628731256825603 ], [ -82.2708532497752, 35.631130985661798 ], [ -82.271760422067203, 35.633318565700101 ], [ -82.276127252415193, 35.637695461347697 ], [ -82.2819829847097, 35.639493999859603 ], [ -82.283016870127895, 35.646875082522598 ], [ -82.285554359437896, 35.647996578812403 ], [ -82.286280659661102, 35.6505087281637 ], [ -82.286574656702896, 35.657938259392502 ], [ -82.285542375222505, 35.6614826238606 ], [ -82.280367984621094, 35.667708326292399 ], [ -82.284217030902894, 35.676776828866799 ], [ -82.295010995602397, 35.684324368047101 ], [ -82.288918554085299, 35.696160919048502 ], [ -82.283655441317805, 35.698703841541601 ], [ -82.281222095221807, 35.7021765715022 ], [ -82.275548290487805, 35.704444047304897 ], [ -82.271040474128796, 35.704151954864898 ], [ -82.266724434783697, 35.700478555597101 ], [ -82.258243161285804, 35.698699659622001 ], [ -82.252423516706102, 35.706143558293903 ], [ -82.244586179897993, 35.709013792482303 ], [ -82.242263598568499, 35.713059815613398 ], [ -82.237567666852797, 35.713430187353303 ], [ -82.231000560635295, 35.717631491345998 ], [ -82.224571641053601, 35.7187061396628 ], [ -82.2166618774895, 35.724187091743801 ], [ -82.213481568543202, 35.724375274151598 ], [ -82.203961180082104, 35.7328297897919 ], [ -82.199801703331303, 35.733962380530897 ], [ -82.197605776798994, 35.736331153457201 ], [ -82.193406225766097, 35.735320847962001 ], [ -82.184883710072498, 35.750131880058099 ], [ -82.184391279921996, 35.753468096871202 ], [ -82.176934524184702, 35.756039787939898 ], [ -82.176219024337101, 35.758226839168003 ], [ -82.169806509481603, 35.760924896078301 ], [ -82.170480077820699, 35.7630298327975 ], [ -82.164079027362604, 35.772767065142403 ], [ -82.160436368028797, 35.774321549056502 ], [ -82.158311312023002, 35.779745304694103 ], [ -82.166786889039699, 35.784907608207497 ], [ -82.167852505436301, 35.788309705545601 ], [ -82.161604715916098, 35.795354089025601 ], [ -82.161893329292695, 35.797843261550199 ], [ -82.152717239995695, 35.803920212913503 ], [ -82.147535266349195, 35.8042981424652 ], [ -82.1471019408377, 35.807408244844403 ], [ -82.150016470866305, 35.809420580921902 ], [ -82.141208930008801, 35.812868628072501 ], [ -82.133957859084603, 35.820884962200999 ], [ -82.133031646690895, 35.824228279333603 ], [ -82.120515126545996, 35.824991471502102 ], [ -82.117236542482004, 35.8326982369883 ], [ -82.109235623105604, 35.835443797335898 ], [ -82.105555457023996, 35.839472567506 ], [ -82.101300925508895, 35.841210184748697 ], [ -82.099244450830597, 35.851687443981099 ], [ -82.0962953895434, 35.852162558339103 ], [ -82.092420928071206, 35.849272715444897 ], [ -82.089449146894495, 35.851108694299697 ], [ -82.074285985191693, 35.848222046839801 ], [ -82.062733764043003, 35.852087062495301 ], [ -82.052994562480094, 35.851672775733903 ], [ -82.036435470471901, 35.859199130774698 ], [ -82.033239204790902, 35.864937422252197 ], [ -82.029328421427394, 35.867830767202001 ], [ -82.027283872125906, 35.877336633821102 ], [ -82.028703827872604, 35.879458403689902 ], [ -82.0258227884447, 35.880571970699101 ], [ -82.022519573302006, 35.885061742565199 ], [ -82.012778095760694, 35.8850941110029 ], [ -82.005120817802606, 35.880306543325801 ], [ -82.002631188870197, 35.875242778140603 ], [ -81.996837042585796, 35.873950091841799 ], [ -81.991829627241799, 35.876184725520702 ], [ -81.989514521243095, 35.880363026811999 ], [ -81.979870101826094, 35.884770496584302 ], [ -81.979057106221603, 35.901991117078097 ], [ -81.982264716845094, 35.911212544382202 ], [ -81.976662591502802, 35.915101983271903 ], [ -81.9722506035707, 35.914840166521202 ], [ -81.964848267069399, 35.9207888915887 ], [ -81.960300622054106, 35.9212849115425 ], [ -81.954430392358702, 35.926765652907598 ], [ -81.954702098534099, 35.932333051605802 ], [ -81.9626111597495, 35.938108003862901 ], [ -81.962990678010001, 35.941790122512998 ], [ -81.943191335643604, 35.960056785654999 ], [ -81.9417433829462, 35.957264996562202 ], [ -81.937261759164997, 35.955177008830397 ], [ -81.934138500787, 35.948477208697703 ], [ -81.931285785816399, 35.946625223568397 ], [ -81.932333185747595, 35.941387294400599 ], [ -81.925663381351995, 35.937424586856601 ], [ -81.928475481793996, 35.931538067462 ], [ -81.920550569057895, 35.919017446388899 ], [ -81.914895260667393, 35.9164447452996 ], [ -81.910337312791498, 35.905539528925203 ], [ -81.914310668386094, 35.901401538240201 ], [ -81.909440961688901, 35.898091959737698 ], [ -81.906656133929602, 35.883383382778398 ], [ -81.912096060858303, 35.874673001586601 ], [ -81.914312997627704, 35.866043953892799 ], [ -81.917946158448899, 35.8602080226879 ], [ -81.916453800115903, 35.858822850239697 ], [ -81.917899738821305, 35.856574894886798 ], [ -81.9173938194903, 35.851991367837996 ], [ -81.920028070957599, 35.847369355211796 ], [ -81.931908443533899, 35.838999917831998 ], [ -81.935228479734207, 35.837439526270799 ], [ -81.939710585074195, 35.837719148179701 ], [ -81.9478012852517, 35.8277873366413 ], [ -81.947497299549795, 35.825968481418002 ], [ -81.956862946552306, 35.819690120341399 ], [ -81.968442217956493, 35.819610702024498 ], [ -81.973550345545704, 35.821186840779703 ], [ -81.987414696588203, 35.806955919971699 ], [ -81.869254885103004, 35.719786847276197 ], [ -81.824125759519404, 35.574990359182998 ] ] ] } },
{ "type": "Feature", "properties": { "OBJECTID": 60, "County": "Mecklenburg", "FIPS": "119", "Rec_Survey": "Recorded survey data is available. Visit North Carolina Geodetic Survey for information. https://ncgs.state.nc.us", "NCGS_url": "https://ncem-gis.maps.arcgis.com/apps/webappviewer/index.html?id=8f3edbd62c004edd8b4fe3640f224738", "ck_date": "2025-01-13T00:00:00Z", "Shape__Area": 15219865923.639343, "Shape__Length": 633972.07995716401, "GlobalID": "e09a014e-5a07-42f6-aa2c-7f512d763242" }, "geometry": { "type": "Polygon", "coordinates": [ [ [ -81.024724118019705, 35.148883548609 ], [ -81.016874621007105, 35.154368520117004 ], [ -81.009807401273804, 35.153035390826098 ], [ -81.005809370603799, 35.157029682887099 ], [ -81.007309344058498, 35.165182346328798 ], [ -81.003415745983901, 35.171957904096303 ], [ -81.002443868083901, 35.182071430680601 ], [ -81.0061438215549, 35.195088939811697 ], [ -81.005377786749406, 35.2083913016926 ], [ -81.0141563193975, 35.2221262589091 ], [ -81.008237179145297, 35.2484802384513 ], [ -81.013953184902704, 35.258008910693597 ], [ -81.015052985487102, 35.268662266633299 ], [ -81.008999347528203, 35.281049538145702 ], [ -81.001164650154394, 35.304935260764601 ], [ -80.995390070399395, 35.309478960193999 ], [ -80.990167212012594, 35.3195582263265 ], [ -80.980947643062393, 35.328829301273601 ], [ -80.981307084842896, 35.332279694561002 ], [ -80.985306035652897, 35.3372262030014 ], [ -80.984897693252606, 35.340065800479501 ], [ -80.975115652236695, 35.344716280555602 ], [ -80.973005467201304, 35.349886137047697 ], [ -80.970624575373805, 35.351330171344202 ], [ -80.967091033577105, 35.3508010768087 ], [ -80.962144715409494, 35.347053106054197 ], [ -80.954558363260702, 35.350682329613498 ], [ -80.942927298426, 35.350755084790599 ], [ -80.934202445614403, 35.356941231943303 ], [ -80.926476074614499, 35.357886198533102 ], [ -80.923045486098502, 35.359923422300199 ], [ -80.926846377192803, 35.3625196348912 ], [ -80.935879880070402, 35.362116751876101 ], [ -80.951061292732803, 35.367011313613098 ], [ -80.954932408671198, 35.369815000393402 ], [ -80.957707551880702, 35.374593727289998 ], [ -80.960164187719499, 35.375419601977399 ], [ -80.964776859776904, 35.373529542727802 ], [ -80.968862265774703, 35.367071940131297 ], [ -80.973603534518105, 35.3640267003845 ], [ -80.976449996921403, 35.364167423413498 ], [ -80.983703023365706, 35.368357586078098 ], [ -80.986838115348704, 35.379021068846598 ], [ -80.984983295662303, 35.381476279523 ], [ -80.976632292963302, 35.382458994787498 ], [ -80.967975443622194, 35.387572930030998 ], [ -80.957549569630004, 35.391031132251001 ], [ -80.954814719839106, 35.393816478464103 ], [ -80.954442111585095, 35.398811768321401 ], [ -80.958755511858399, 35.411952028438002 ], [ -80.955131620713303, 35.421029669646003 ], [ -80.958642338361699, 35.432908084264199 ], [ -80.950383855502906, 35.447308707685202 ], [ -80.946121589190398, 35.449724955537903 ], [ -80.942382966471399, 35.455153482622102 ], [ -80.943181615761105, 35.459234618168601 ], [ -80.950621040017296, 35.465296201335597 ], [ -80.951748055052505, 35.4682307473091 ], [ -80.948103583506494, 35.480173951698198 ], [ -80.945328003653401, 35.483624103530403 ], [ -80.948116475158102, 35.491166589194798 ], [ -80.943073513465606, 35.491231554751799 ], [ -80.906699306597005, 35.514806429952202 ], [ -80.7842783180742, 35.506022227023799 ], [ -80.786838379121306, 35.493076389949501 ], [ -80.781897927398603, 35.483826048082797 ], [ -80.779334801341406, 35.4720190723448 ], [ -80.773387214998806, 35.463154914384504 ], [ -80.7729777100392, 35.457685520360499 ], [ -80.752167706523906, 35.414051852507797 ], [ -80.763552547878604, 35.412105841332099 ], [ -80.766417380313001, 35.4014843704729 ], [ -80.755316052873098, 35.394830598469397 ], [ -80.744415583803104, 35.380677066665697 ], [ -80.708881298819605, 35.355356481089601 ], [ -80.693070767453506, 35.346404433440298 ], [ -80.666702300353094, 35.268052123668198 ], [ -80.550358763828299, 35.208411517986498 ], [ -80.701028493634894, 35.087611461574703 ], [ -80.769936536333603, 35.034537505104197 ], [ -80.804509035797906, 35.0277560190994 ], [ -80.811612835623094, 35.020934663507497 ], [ -80.8210135676715, 35.017333545754703 ], [ -80.825062035675103, 35.011979470988997 ], [ -80.838021371329305, 35.0050344712811 ], [ -80.840264640338901, 35.001678410955201 ], [ -80.885292927801601, 35.053963488652698 ], [ -80.934742558066105, 35.107324480787803 ], [ -81.0416087302996, 35.044658061504201 ], [ -81.050926372453304, 35.056715772982798 ], [ -81.057674802443003, 35.0618741940796 ], [ -81.057082387013594, 35.085687649074103 ], [ -81.050382801103794, 35.098378791208198 ], [ -81.036719425080094, 35.1027420387436 ], [ -81.032857057333899, 35.107383459508803 ], [ -81.032795004163901, 35.113794851145698 ], [ -81.038012414003603, 35.124478851334302 ], [ -81.042127876169502, 35.128259941258797 ], [ -81.050459756124894, 35.131115990103503 ], [ -81.052077277137798, 35.133493149704599 ], [ -81.0463356446745, 35.1467362887661 ], [ -81.024724118019705, 35.148883548609 ] ] ] } },
{ "type": "Feature", "properties": { "OBJECTID": 61, "County": "Mitchell", "FIPS": "121", "Rec_Survey": "Recorded survey data is available. Visit North Carolina Geodetic Survey for information. https://ncgs.state.nc.us", "NCGS_url": "https://ncem-gis.maps.arcgis.com/apps/webappviewer/index.html?id=8f3edbd62c004edd8b4fe3640f224738", "ck_date": "2025-01-13T00:00:00Z", "Shape__Area": 6186679624.6933594, "Shape__Length": 558289.35618403996, "GlobalID": "e5c58e3e-c060-4035-b733-f21edb6aef7a" }, "geometry": { "type": "Polygon", "coordinates": [ [ [ -82.081082571777102, 36.103177397144499 ], [ -82.080706769635896, 36.099992804049698 ], [ -82.075826461555806, 36.095734905566403 ], [ -82.076848532107107, 36.085080449203197 ], [ -82.069613925481207, 36.076415001085302 ], [ -82.071930104765798, 36.069679527284102 ], [ -82.039178999918605, 36.007781382124101 ], [ -82.043027608482404, 36.006049176983197 ], [ -82.049138454166894, 36.008169921232401 ], [ -82.048861614408196, 36.001670353904302 ], [ -82.055117235384103, 35.999483233131599 ], [ -82.059043190202999, 35.991008133482502 ], [ -82.058652251333299, 35.9868700510699 ], [ -82.048632912507998, 35.964465318926401 ], [ -82.034096871996198, 35.942049235756201 ], [ -81.981622212087004, 35.911545912035599 ], [ -81.978987724146293, 35.901116931184603 ], [ -81.979870101826094, 35.884770496584302 ], [ -81.989514521243095, 35.880363026811999 ], [ -81.991829627241799, 35.876184725520702 ], [ -81.996837042585796, 35.873950091841799 ], [ -82.002631188870197, 35.875242778140603 ], [ -82.005120817802606, 35.880306543325801 ], [ -82.012778095760694, 35.8850941110029 ], [ -82.022519573302006, 35.885061742565199 ], [ -82.0258227884447, 35.880571970699101 ], [ -82.028703827872604, 35.879458403689902 ], [ -82.027283872125906, 35.877336633821102 ], [ -82.029328421427394, 35.867830767202001 ], [ -82.033239204790902, 35.864937422252197 ], [ -82.036435470471901, 35.859199130774698 ], [ -82.052994562480094, 35.851672775733903 ], [ -82.062733764043003, 35.852087062495301 ], [ -82.074285985191693, 35.848222046839801 ], [ -82.089449146894495, 35.851108694299697 ], [ -82.092420928071206, 35.849272715444897 ], [ -82.095769453060001, 35.851975398488797 ], [ -82.098855525775605, 35.8518761385725 ], [ -82.101300925508895, 35.841210184748697 ], [ -82.105555457023996, 35.839472567506 ], [ -82.109235623105604, 35.835443797335898 ], [ -82.117236542482004, 35.8326982369883 ], [ -82.120515126545996, 35.824991471502102 ], [ -82.124429606397797, 35.823945371668103 ], [ -82.129858936489597, 35.825150303149599 ], [ -82.133230770144294, 35.8233251049571 ], [ -82.148307713072995, 35.822742055640198 ], [ -82.147345752235594, 35.824526505953898 ], [ -82.144975806415403, 35.823823372748599 ], [ -82.143610862290203, 35.826889649119998 ], [ -82.146744237657103, 35.837282824243601 ], [ -82.150083872043098, 35.841663100054198 ], [ -82.146466087945598, 35.841645525110501 ], [ -82.143778520717305, 35.843865669645801 ], [ -82.141383131832399, 35.841919497659703 ], [ -82.138600109147404, 35.845913853141603 ], [ -82.142735941425002, 35.848833411312803 ], [ -82.142827330471107, 35.855191349850301 ], [ -82.141172416368505, 35.857867698558003 ], [ -82.146273322031007, 35.863606146093403 ], [ -82.144781108550902, 35.880326866838899 ], [ -82.146947495398805, 35.882718008084503 ], [ -82.146496340252995, 35.889089736255301 ], [ -82.149942573484907, 35.891197958996202 ], [ -82.144703483426795, 35.896528494250099 ], [ -82.146526396604997, 35.897216320442503 ], [ -82.146907811499105, 35.906193600773797 ], [ -82.144526758085703, 35.904043133196403 ], [ -82.142696817540099, 35.908396461019599 ], [ -82.144641409432595, 35.9135931039648 ], [ -82.1471550364287, 35.9116103470475 ], [ -82.149824326714594, 35.913621047980399 ], [ -82.150105735497704, 35.916553138556303 ], [ -82.151801786722302, 35.914672231188398 ], [ -82.154901267037005, 35.914863998010098 ], [ -82.153408289773395, 35.9181285496146 ], [ -82.155030927684905, 35.921070045403603 ], [ -82.150249016838501, 35.924390164778401 ], [ -82.152701426852403, 35.928463944750298 ], [ -82.145206110660098, 35.931449769346798 ], [ -82.154771577091694, 35.933649282237397 ], [ -82.160381676424905, 35.930427874468897 ], [ -82.166598585831593, 35.934536673233197 ], [ -82.168430095055299, 35.932683179275401 ], [ -82.167713866268997, 35.9292888470424 ], [ -82.169728266624205, 35.928624343910897 ], [ -82.177216806412801, 35.9356457133796 ], [ -82.183527241320107, 35.937562666164602 ], [ -82.1842166514665, 35.942403910213102 ], [ -82.191567634369306, 35.947071095264 ], [ -82.193727262113001, 35.950901985060803 ], [ -82.197668561359293, 35.952214463226497 ], [ -82.194112539988097, 35.955633239965998 ], [ -82.192755226748204, 35.959490434472002 ], [ -82.187268037381102, 35.958110962850697 ], [ -82.185921982859995, 35.960153535046501 ], [ -82.194046932834397, 35.9672741371417 ], [ -82.191314538992899, 35.9703126173996 ], [ -82.191236785704703, 35.981507031422801 ], [ -82.192726754360805, 35.984027301470299 ], [ -82.191343026026999, 35.985993733633798 ], [ -82.191708684511397, 35.9906427639336 ], [ -82.197407666197194, 35.992224165540499 ], [ -82.197949277123698, 35.995482878121699 ], [ -82.204201112616204, 36.0039299399185 ], [ -82.203837914383399, 36.005945835914098 ], [ -82.200414099269494, 36.006113775519196 ], [ -82.196400805591097, 36.000519780248702 ], [ -82.193566869079106, 36.001075970356602 ], [ -82.194394068341296, 36.010555708940302 ], [ -82.197721909278201, 36.015246391794697 ], [ -82.2053000664054, 36.0140828174017 ], [ -82.209714043176902, 36.016668775442298 ], [ -82.214195665779101, 36.017066788050101 ], [ -82.227784242714094, 36.012895814614701 ], [ -82.233305632052407, 36.013542231900701 ], [ -82.237590610865695, 36.009394062078798 ], [ -82.237180561020494, 36.0047463885561 ], [ -82.252119099124599, 36.008689565875898 ], [ -82.253969433862494, 36.005328503837703 ], [ -82.249182450665401, 35.991040603633699 ], [ -82.251443976283099, 35.988939911004799 ], [ -82.257796711408702, 35.992675527642298 ], [ -82.262666928044695, 35.999759302998399 ], [ -82.273489283765201, 36.003110086908599 ], [ -82.272900392427005, 36.010775779435399 ], [ -82.267945158635499, 36.014391250196702 ], [ -82.268074235887894, 36.016631803468798 ], [ -82.281068981441393, 36.026037595733698 ], [ -82.290862616597906, 36.029390057909303 ], [ -82.298740462932898, 36.039403629292501 ], [ -82.299678199011794, 36.0456907304754 ], [ -82.301871175971698, 36.045252174047398 ], [ -82.304924472650995, 36.041053852853203 ], [ -82.309933514453604, 36.040151676654901 ], [ -82.312265901744397, 36.037627082187001 ], [ -82.313315760083398, 36.034680188490597 ], [ -82.311433744820903, 36.027755472863099 ], [ -82.312438572112299, 36.026110894472197 ], [ -82.319597809809395, 36.025424243298801 ], [ -82.3236349290558, 36.029194933091901 ], [ -82.338205110096098, 36.030095053356 ], [ -82.339951264033104, 36.035412538562802 ], [ -82.336159315883705, 36.044769491164303 ], [ -82.336988641229397, 36.055062824390298 ], [ -82.340735403443205, 36.065565070249001 ], [ -82.344156523616107, 36.069868394674103 ], [ -82.345294013358796, 36.076465537106301 ], [ -82.348482098479906, 36.078463457143897 ], [ -82.351962169342002, 36.0845256279502 ], [ -82.356349759576005, 36.083138099299902 ], [ -82.359327976620406, 36.078474100508899 ], [ -82.3712818388952, 36.076166774985701 ], [ -82.376578049792499, 36.070861793008902 ], [ -82.380085005769402, 36.070746625014998 ], [ -82.385699381382395, 36.076370118967503 ], [ -82.398131749319006, 36.081902261898897 ], [ -82.401069507319903, 36.081381516295799 ], [ -82.402607021788199, 36.0791394322614 ], [ -82.402574004078701, 36.076980051987299 ], [ -82.399076182793493, 36.073094450239097 ], [ -82.400085770006399, 36.071242708895703 ], [ -82.416742212977397, 36.072834195259503 ], [ -82.4098018260392, 36.0830264576975 ], [ -82.402529312661599, 36.089151605128897 ], [ -82.397958469736395, 36.090414153122801 ], [ -82.38922159002, 36.097104028372598 ], [ -82.380479257062404, 36.099354035433002 ], [ -82.378729471018204, 36.103260098159403 ], [ -82.374861512965097, 36.106060627584597 ], [ -82.364545324763299, 36.107522775055102 ], [ -82.355365122876293, 36.115380198973398 ], [ -82.350207118073101, 36.1170432457738 ], [ -82.347449089361106, 36.115145129367697 ], [ -82.336152593611601, 36.114676905826499 ], [ -82.331809796375595, 36.117458750805802 ], [ -82.320341509867902, 36.119814495248797 ], [ -82.302484546433703, 36.131471663834603 ], [ -82.289823409264699, 36.135602877195602 ], [ -82.280016222924701, 36.129100567446201 ], [ -82.273451989154793, 36.129324168019899 ], [ -82.266475664301296, 36.126975439581798 ], [ -82.263929077226194, 36.127304169254302 ], [ -82.260308060079595, 36.133539890941599 ], [ -82.254331675504403, 36.136064943951702 ], [ -82.251075391488698, 36.132057697348003 ], [ -82.245100530158794, 36.131255547894803 ], [ -82.241886623929801, 36.137131749036598 ], [ -82.229540808212604, 36.144594647718897 ], [ -82.224279125325197, 36.150844845050599 ], [ -82.222148457529798, 36.156929129740199 ], [ -82.213901668209502, 36.159047528099599 ], [ -82.201737144312304, 36.156390746020797 ], [ -82.199560885358196, 36.152835532471101 ], [ -82.192750245393995, 36.149044927682503 ], [ -82.187587128958498, 36.151001988729398 ], [ -82.183629786583097, 36.143918408270999 ], [ -82.177220360805094, 36.142380054240597 ], [ -82.172938105722395, 36.146506836573202 ], [ -82.168513074568395, 36.146720800113698 ], [ -82.165654052756494, 36.1449787054393 ], [ -82.148584373690596, 36.149866360263303 ], [ -82.1443727137911, 36.144150241079402 ], [ -82.144455695464401, 36.140413439005002 ], [ -82.141048935992103, 36.138785965114103 ], [ -82.137002855524102, 36.129041246358803 ], [ -82.137859719212699, 36.1195165108441 ], [ -82.129819067147906, 36.104321126053897 ], [ -82.116126436677803, 36.1043390779231 ], [ -82.105447930788699, 36.1078465735783 ], [ -82.100202669385496, 36.105663124517903 ], [ -82.086709224395094, 36.106043217382798 ], [ -82.081082571777102, 36.103177397144499 ] ] ] } },
{ "type": "Feature", "properties": { "OBJECTID": 62, "County": "Montgomery", "FIPS": "123", "Rec_Survey": "No recent survey data available", "NCGS_url": " ", "ck_date": "2011-11-29T00:00:00Z", "Shape__Area": 13971606175.543701, "Shape__Length": 597819.70540800423, "GlobalID": "e798c599-8bf1-4373-80c2-e33ce0df8d04" }, "geometry": { "type": "Polygon", "coordinates": [ [ [ -80.0753677123475, 35.143087777678303 ], [ -80.068688943080403, 35.155252992605597 ], [ -80.060364199285104, 35.160350372828198 ], [ -80.056046003018295, 35.165412225613601 ], [ -80.053116800253306, 35.172594992816499 ], [ -80.053403701256897, 35.179423311327199 ], [ -80.060851446817693, 35.189616067738598 ], [ -80.061833418100306, 35.200716244059997 ], [ -80.070800749615501, 35.2199114403954 ], [ -80.076318874264999, 35.227351856652199 ], [ -80.091957672011603, 35.237603588771897 ], [ -80.098247588387594, 35.258598527697103 ], [ -80.091700236719703, 35.273484957695302 ], [ -80.093796967075704, 35.287850234288598 ], [ -80.079586988960102, 35.310288346786201 ], [ -80.082115922903, 35.321968869282699 ], [ -80.066518919894506, 35.3401746926193 ], [ -80.065293924676993, 35.3606307528961 ], [ -80.0538183486848, 35.366232899570598 ], [ -80.051174415854504, 35.371850905405402 ], [ -80.057314305309305, 35.3769495690307 ], [ -80.061980805458603, 35.385720928448301 ], [ -80.068066128832299, 35.390866153800403 ], [ -80.0756809634061, 35.395414696645602 ], [ -80.084714988910406, 35.395357496850899 ], [ -80.088027418179493, 35.399407507664399 ], [ -80.093575721125106, 35.4014557066591 ], [ -80.093963926539402, 35.404925774236403 ], [ -80.090037287419307, 35.415591658611199 ], [ -80.100376332577198, 35.429765484660003 ], [ -80.097134810722494, 35.435319903262702 ], [ -80.097310511848804, 35.437789425136202 ], [ -80.108468064566495, 35.444868162929403 ], [ -80.109418670991602, 35.448799264149002 ], [ -80.108093195101503, 35.458089693613303 ], [ -80.109495640656903, 35.460687851344197 ], [ -80.119118509613898, 35.465634910107802 ], [ -80.129491659042003, 35.467100697228801 ], [ -80.139342172604699, 35.474934772012901 ], [ -80.148864671241199, 35.472537030774703 ], [ -80.161592925457597, 35.4752599185015 ], [ -80.165230096623603, 35.479607768125398 ], [ -80.176920191054904, 35.486255503377599 ], [ -80.179728733377303, 35.499166560961797 ], [ -80.182565505979497, 35.504156394772401 ], [ -79.767961496308601, 35.511523128185502 ], [ -79.764196154010605, 35.475745126847102 ], [ -79.751642725226503, 35.443754790878501 ], [ -79.709916028005296, 35.301281912750603 ], [ -79.711274239808603, 35.299681695865601 ], [ -79.710472418921995, 35.292622835325297 ], [ -79.712473460177904, 35.286657282743597 ], [ -79.71189941499, 35.275614819161497 ], [ -79.705287140980602, 35.268237449189598 ], [ -79.702682600726206, 35.255914151781703 ], [ -79.698031345300507, 35.251541034827 ], [ -79.687884552779295, 35.250006331816998 ], [ -79.685423183776706, 35.247696252646001 ], [ -79.681608964687499, 35.248135643374297 ], [ -79.672318366849694, 35.244721196528999 ], [ -79.669474927197101, 35.239879956532398 ], [ -79.669331708497594, 35.235030240626799 ], [ -79.667935980677996, 35.234541817710699 ], [ -79.668563123385397, 35.229557269791997 ], [ -79.664316719912804, 35.226636440525603 ], [ -79.6648062834347, 35.216462673222203 ], [ -79.662145594115103, 35.211920540487498 ], [ -79.662131911429, 35.204850469781498 ], [ -79.657581164983696, 35.191603287647197 ], [ -79.649079408286795, 35.188496125025999 ], [ -79.636963404809094, 35.176021580681699 ], [ -79.627668403201895, 35.174455833711299 ], [ -79.627544856305803, 35.170081022969804 ], [ -79.622443170364605, 35.170348737379101 ], [ -79.621805702940904, 35.171786659564098 ], [ -79.617693638969598, 35.168011115217901 ], [ -79.615970556672707, 35.168445453599098 ], [ -79.614307979838301, 35.163678607984998 ], [ -79.642068669835098, 35.1577388713254 ], [ -79.657408321140807, 35.1645536553429 ], [ -79.662754186062301, 35.170448763643002 ], [ -79.670643239590405, 35.172579450355997 ], [ -79.673452810622905, 35.175400725635903 ], [ -79.679757600854302, 35.177359214334402 ], [ -79.683598598125499, 35.1765803501143 ], [ -79.693696049162099, 35.178235722207397 ], [ -79.694348328753506, 35.179619174972203 ], [ -79.713140406270298, 35.173076348802901 ], [ -79.7253666691131, 35.174760136960899 ], [ -79.733986490561307, 35.178234488932603 ], [ -79.7494660534893, 35.173005772886498 ], [ -79.768381285772804, 35.177181207701302 ], [ -79.7923052610995, 35.175966365906902 ], [ -79.8105915212752, 35.179885769580501 ], [ -79.818780509076106, 35.177898075881998 ], [ -79.824445008177094, 35.179097512567701 ], [ -79.829997086006102, 35.177053470398 ], [ -79.836258454461202, 35.177275873388503 ], [ -79.851270850721605, 35.183862134615502 ], [ -79.898576842517997, 35.1617178226589 ], [ -79.944274039771003, 35.1641758672503 ], [ -79.949273156748404, 35.1577191649002 ], [ -79.952467430887097, 35.156499052548497 ], [ -79.966536096781198, 35.158183162311801 ], [ -79.9749864948745, 35.156607667797303 ], [ -79.984657818867603, 35.158178861986102 ], [ -79.988722067756598, 35.153997032273502 ], [ -80.002175371567702, 35.149041096253697 ], [ -80.022755719496402, 35.137198316137997 ], [ -80.033761509887498, 35.140330170025898 ], [ -80.041085036575595, 35.139670857752201 ], [ -80.0753677123475, 35.143087777678303 ] ] ] } },
{ "type": "Feature", "properties": { "OBJECTID": 63, "County": "Moore", "FIPS": "125", "Rec_Survey": "Recorded survey data is available. Visit North Carolina Geodetic Survey for information. https://ncgs.state.nc.us", "NCGS_url": "https://ncem-gis.maps.arcgis.com/apps/webappviewer/index.html?id=8f3edbd62c004edd8b4fe3640f224738", "ck_date": "2011-11-29T00:00:00Z", "Shape__Area": 19667956391.188599, "Shape__Length": 762524.8182032489, "GlobalID": "56a571ec-461a-456d-aa5f-60d29b66dfbc" }, "geometry": { "type": "Polygon", "coordinates": [ [ [ -79.458761964035304, 35.043648837984399 ], [ -79.461793756115597, 35.043379348194598 ], [ -79.467347098070704, 35.047920168396999 ], [ -79.470696910557393, 35.048428509390902 ], [ -79.475290249070099, 35.052108091688098 ], [ -79.477373757867497, 35.057253338938899 ], [ -79.483104596060301, 35.059521659083899 ], [ -79.486318335255703, 35.058945500086303 ], [ -79.488344644698401, 35.061023868881399 ], [ -79.492375878415302, 35.059988856021597 ], [ -79.492458769009701, 35.0613492056425 ], [ -79.499183848734006, 35.06393752732 ], [ -79.507890182870597, 35.061507111627698 ], [ -79.523595257963294, 35.066189011474698 ], [ -79.538617913013496, 35.064692196264801 ], [ -79.549598529119706, 35.066383036345997 ], [ -79.563965434607795, 35.064955355814902 ], [ -79.565138672785295, 35.063672131483202 ], [ -79.572366975499804, 35.069162330712203 ], [ -79.576206963996398, 35.070058340522898 ], [ -79.580329226529003, 35.0772047351374 ], [ -79.579695786809793, 35.078923865979597 ], [ -79.582781786898295, 35.083966645646697 ], [ -79.582962653108396, 35.0878931872004 ], [ -79.574780851622904, 35.101341224592502 ], [ -79.575652327651596, 35.111179664185997 ], [ -79.573355887496902, 35.122685877967001 ], [ -79.584375671682693, 35.129131576711302 ], [ -79.585346038121003, 35.135242910071597 ], [ -79.587581216373394, 35.135994220877699 ], [ -79.589082215081305, 35.138981388736603 ], [ -79.602272572003699, 35.146470003996001 ], [ -79.605896069619305, 35.146259015727097 ], [ -79.605057758218905, 35.1475998305065 ], [ -79.606254326683, 35.149014933242903 ], [ -79.609412347604803, 35.1489778876008 ], [ -79.610214693861494, 35.155364963562903 ], [ -79.614410639178701, 35.159659535031999 ], [ -79.615970556672707, 35.168445453599098 ], [ -79.617693638969598, 35.168011115217901 ], [ -79.621805702940904, 35.171786659564098 ], [ -79.622443170364605, 35.170348737379101 ], [ -79.627544856305803, 35.170081022969804 ], [ -79.627668403201895, 35.174455833711299 ], [ -79.636963404809094, 35.176021580681699 ], [ -79.649079408286795, 35.188496125025999 ], [ -79.657581164983696, 35.191603287647197 ], [ -79.662131911429, 35.204850469781498 ], [ -79.662145594115103, 35.211920540487498 ], [ -79.6648062834347, 35.216462673222203 ], [ -79.664316719912804, 35.226636440525603 ], [ -79.668563123385397, 35.229557269791997 ], [ -79.667935980677996, 35.234541817710699 ], [ -79.669331708497594, 35.235030240626799 ], [ -79.669474927197101, 35.239879956532398 ], [ -79.672639996661701, 35.245143743310798 ], [ -79.681608964687499, 35.248135643374297 ], [ -79.685423183776706, 35.247696252646001 ], [ -79.687884552779295, 35.250006331816998 ], [ -79.697775472418797, 35.251385837171199 ], [ -79.702682600726206, 35.255914151781703 ], [ -79.705287140980602, 35.268237449189598 ], [ -79.711981370625196, 35.275888525162699 ], [ -79.712473460177904, 35.286657282743597 ], [ -79.710472418921995, 35.292622835325297 ], [ -79.711466378840797, 35.296168364119701 ], [ -79.710255434428007, 35.302532249629202 ], [ -79.751642725226503, 35.443754790878501 ], [ -79.764196154010605, 35.475745126847102 ], [ -79.767961496308601, 35.511523128185502 ], [ -79.350077361936897, 35.518007438601401 ], [ -79.351244066937099, 35.514326089958097 ], [ -79.3405192909172, 35.506326635914199 ], [ -79.335922535105198, 35.497760593052803 ], [ -79.339182728430501, 35.492306677302402 ], [ -79.345625384611594, 35.488322549304698 ], [ -79.351537440756601, 35.477687352512802 ], [ -79.359809892376603, 35.4776890582094 ], [ -79.356593127036106, 35.473290690623799 ], [ -79.359824757642798, 35.469890006600103 ], [ -79.357149076903795, 35.4681012652851 ], [ -79.355645119456298, 35.469555731153299 ], [ -79.355129201209195, 35.4645485452766 ], [ -79.351901716653799, 35.465644055334003 ], [ -79.352700953578704, 35.464422770793 ], [ -79.348306870425702, 35.463378285277699 ], [ -79.351593055992097, 35.459550158321299 ], [ -79.350456973604196, 35.457930094414401 ], [ -79.346148436565898, 35.4570008293447 ], [ -79.341197452692498, 35.450931634447599 ], [ -79.341865520298199, 35.448717129096302 ], [ -79.334610243025395, 35.444843658130701 ], [ -79.332279519974506, 35.440806123037603 ], [ -79.328943152834995, 35.439243870817201 ], [ -79.328959974306301, 35.436427493921499 ], [ -79.326674702786704, 35.434792994841601 ], [ -79.326857594716103, 35.432906283632697 ], [ -79.329531353592799, 35.431191899412603 ], [ -79.329725720861205, 35.423455835621297 ], [ -79.327349685027897, 35.423716483613099 ], [ -79.326322113786503, 35.422523396723101 ], [ -79.327440086983501, 35.421642255325203 ], [ -79.325221807888994, 35.420775900611602 ], [ -79.317382139445201, 35.419930145515103 ], [ -79.311888949584997, 35.412933917262698 ], [ -79.310574788669499, 35.408627572812399 ], [ -79.305591446895306, 35.407467513413103 ], [ -79.304481400342695, 35.404824388945102 ], [ -79.293969107189895, 35.399610552403097 ], [ -79.289557790096794, 35.400447322330798 ], [ -79.283830244844793, 35.385841874635403 ], [ -79.2771866832732, 35.376948939340103 ], [ -79.275154291034994, 35.365896115898202 ], [ -79.271956910520402, 35.362489055629297 ], [ -79.273537623393594, 35.352560312079397 ], [ -79.265851145752407, 35.345432288740902 ], [ -79.254269021510495, 35.343298273596702 ], [ -79.221971469170697, 35.324369046182902 ], [ -79.183559014214495, 35.307165446061603 ], [ -79.223025606010097, 35.268138506271796 ], [ -79.202482158769996, 35.2581582938544 ], [ -79.193600533780298, 35.250150976994199 ], [ -79.186935429022597, 35.247333350447299 ], [ -79.178638073460505, 35.247787771874101 ], [ -79.165103179366696, 35.240928842688497 ], [ -79.159542415446893, 35.233336063118102 ], [ -79.153883743867894, 35.2292327010177 ], [ -79.154069798516602, 35.219717056363997 ], [ -79.151258269170597, 35.2137062756115 ], [ -79.137950182293295, 35.2114255407161 ], [ -79.134650041229605, 35.206830400952903 ], [ -79.120513918582006, 35.204877980543202 ], [ -79.100763809547104, 35.196365509308301 ], [ -79.096228726714699, 35.191989875576397 ], [ -79.098723165026499, 35.184101682797198 ], [ -79.096264331590604, 35.177865286531201 ], [ -79.097596206156396, 35.174231242617303 ], [ -79.101097879327497, 35.171916502334597 ], [ -79.103386280891499, 35.172720676340703 ], [ -79.104413777602304, 35.175216068310398 ], [ -79.107536523374705, 35.175858704882899 ], [ -79.110078216352505, 35.170545292535998 ], [ -79.119882885667096, 35.1717079893793 ], [ -79.125266819112895, 35.166544540391001 ], [ -79.127567336663205, 35.167679182887298 ], [ -79.128218026872105, 35.171645130221997 ], [ -79.131513205015906, 35.173906237892801 ], [ -79.129553806030998, 35.175738004436496 ], [ -79.131864260878402, 35.177484809843598 ], [ -79.136165515455801, 35.1772034939533 ], [ -79.137103008898606, 35.171753649366103 ], [ -79.142852634446498, 35.1690238157748 ], [ -79.148896248407496, 35.173096661121299 ], [ -79.1476300953871, 35.176180742047499 ], [ -79.151835896065606, 35.174154427077603 ], [ -79.154976878382996, 35.176637293742303 ], [ -79.154443685338094, 35.180732251219702 ], [ -79.156416179349605, 35.179954373856702 ], [ -79.160412240697994, 35.182476182469898 ], [ -79.159345007998397, 35.179469485103603 ], [ -79.161509805659506, 35.178730304562201 ], [ -79.161957356358997, 35.180459338173002 ], [ -79.168332007062801, 35.181389902234898 ], [ -79.167962642888597, 35.1850710146932 ], [ -79.172872624964, 35.186490953835602 ], [ -79.1723964082489, 35.191513535002301 ], [ -79.175217223749897, 35.193067315038597 ], [ -79.178270745360905, 35.191838404143297 ], [ -79.178652114450799, 35.189894717787197 ], [ -79.181132568711504, 35.189777579381897 ], [ -79.183750669460807, 35.190726303229503 ], [ -79.185043872164698, 35.1937099435915 ], [ -79.1885961368815, 35.194063805510403 ], [ -79.189041854381102, 35.192359656791602 ], [ -79.194894070592696, 35.194427355751102 ], [ -79.195080113937294, 35.191597469800598 ], [ -79.196004538438999, 35.1930474174384 ], [ -79.204300709565999, 35.192648430718698 ], [ -79.204227851853801, 35.195726359847797 ], [ -79.206211365730397, 35.193664049387401 ], [ -79.208062014911903, 35.1948286613666 ], [ -79.2117696048048, 35.193987802276901 ], [ -79.218320120240307, 35.198344709538098 ], [ -79.219758639244006, 35.202398576303501 ], [ -79.223513928723605, 35.202077322895001 ], [ -79.229714841245197, 35.210608922617403 ], [ -79.236679100026194, 35.210759630808298 ], [ -79.240171729261107, 35.208402653445198 ], [ -79.242111768187002, 35.209251610303802 ], [ -79.240745078476195, 35.211975751401397 ], [ -79.242752689937006, 35.213741750444598 ], [ -79.246662923985099, 35.213107439456401 ], [ -79.249614912521594, 35.207442735948199 ], [ -79.255661775552198, 35.202933444479598 ], [ -79.259536756414604, 35.204501102923203 ], [ -79.264561404374703, 35.199189732533497 ], [ -79.275233517564004, 35.197896569881301 ], [ -79.277276464636699, 35.19541886527 ], [ -79.281286829398695, 35.195298812712501 ], [ -79.285049814177796, 35.192899805668702 ], [ -79.284358838276702, 35.190230873118097 ], [ -79.286309183641293, 35.1906075780837 ], [ -79.2911230154739, 35.187597187360502 ], [ -79.292789718823599, 35.188377475212697 ], [ -79.294477454619894, 35.1847617470439 ], [ -79.304317829551707, 35.177124524165599 ], [ -79.304626013395904, 35.175212365275101 ], [ -79.310542820421205, 35.172970691485403 ], [ -79.312302876074199, 35.168491741465203 ], [ -79.324000871012402, 35.166875539157999 ], [ -79.329327504014898, 35.164473648412397 ], [ -79.328537899053899, 35.161528424197201 ], [ -79.335480252589804, 35.161594920340697 ], [ -79.458761964035304, 35.043648837984399 ] ] ] } },
{ "type": "Feature", "properties": { "OBJECTID": 64, "County": "Nash", "FIPS": "127", "Rec_Survey": "No recent survey data available", "NCGS_url": " ", "ck_date": "2011-11-29T00:00:00Z", "Shape__Area": 15131475323.769287, "Shape__Length": 621305.47343187523, "GlobalID": "a7dc87f9-8db3-4486-8f0d-fb1371fdd56e" }, "geometry": { "type": "Polygon", "coordinates": [ [ [ -78.194807999571097, 35.727992026018001 ], [ -78.202332145942293, 35.727760726977003 ], [ -78.2069427292641, 35.7314773964019 ], [ -78.209407579470295, 35.730669647771499 ], [ -78.215603960953203, 35.735998204398101 ], [ -78.21572680013, 35.739364403227199 ], [ -78.213036373976394, 35.744829156143602 ], [ -78.215809607870099, 35.745839057066902 ], [ -78.216622540810405, 35.7522159852413 ], [ -78.218919948887205, 35.754994605546202 ], [ -78.226259913282504, 35.752094483948703 ], [ -78.226663018340105, 35.7505403694908 ], [ -78.232741096364606, 35.751332780430303 ], [ -78.235141955610004, 35.755172387043402 ], [ -78.234855287677803, 35.759764282198198 ], [ -78.238224609982495, 35.763135298238403 ], [ -78.238321126119303, 35.767294638517299 ], [ -78.244401873306202, 35.769466634879898 ], [ -78.246224864252596, 35.772654792140202 ], [ -78.250816920184704, 35.773491394020098 ], [ -78.248461004784602, 35.774797395839997 ], [ -78.246137155458598, 35.784814296437901 ], [ -78.247247619326501, 35.785938486840898 ], [ -78.243867382186707, 35.792106002607802 ], [ -78.250408519341605, 35.796934365640197 ], [ -78.249089058918699, 35.801187019581398 ], [ -78.251642468509203, 35.804198430532097 ], [ -78.251371438675207, 35.811114420692803 ], [ -78.257023619729097, 35.813202843774903 ], [ -78.255976362606503, 35.818127553588099 ], [ -78.1821894440601, 35.938753591104103 ], [ -78.006553347884093, 36.2026398380535 ], [ -78.001711614553798, 36.198958225053502 ], [ -77.996703789782998, 36.198519529060803 ], [ -77.997793769353393, 36.197293949877199 ], [ -77.996745966694604, 36.192555862854498 ], [ -77.993791237829996, 36.1907886369778 ], [ -77.992527237906003, 36.185533922543698 ], [ -77.990657185007905, 36.185172390192001 ], [ -77.991213665185001, 36.186600207141502 ], [ -77.987544403852496, 36.189561950438097 ], [ -77.983044509029199, 36.186658413195197 ], [ -77.984368364483601, 36.1814577649303 ], [ -77.979577796219402, 36.178702490777702 ], [ -77.978187207756207, 36.175287316718602 ], [ -77.975710093096296, 36.1777098105484 ], [ -77.973541875087705, 36.176782656551403 ], [ -77.971510724537694, 36.177887216477899 ], [ -77.969054313467097, 36.183538323207998 ], [ -77.969597801308296, 36.1863720531559 ], [ -77.973033717355506, 36.189786908825702 ], [ -77.973022992955293, 36.194316899799198 ], [ -77.9673860169611, 36.194214532688498 ], [ -77.951218653877405, 36.180571616573303 ], [ -77.944370627745101, 36.182120850592398 ], [ -77.943030302336396, 36.186519353371999 ], [ -77.944520818353993, 36.188315045438699 ], [ -77.944006438419507, 36.192598699802197 ], [ -77.940856587103198, 36.192225083265001 ], [ -77.930823532519696, 36.182313386102201 ], [ -77.926095202940402, 36.1831752119691 ], [ -77.923920614740197, 36.188913608913602 ], [ -77.917709607999399, 36.180500165261499 ], [ -77.9231160422393, 36.168738045428903 ], [ -77.922662890343801, 36.166321870687199 ], [ -77.915870745396205, 36.163569761820398 ], [ -77.909531304990395, 36.165342140449503 ], [ -77.900741750690301, 36.1627040508181 ], [ -77.901198341351005, 36.156355830482397 ], [ -77.892356798153401, 36.151186041821397 ], [ -77.887242250037303, 36.143846924286798 ], [ -77.884233826021301, 36.147305579077198 ], [ -77.8820266420541, 36.146854408015201 ], [ -77.878962120302404, 36.143151857232503 ], [ -77.878926967056103, 36.144727814537703 ], [ -77.871628137864604, 36.145230448529098 ], [ -77.861860151575897, 36.149107320093002 ], [ -77.856082513639905, 36.146044809859902 ], [ -77.847773594432596, 36.1450424201592 ], [ -77.821603554604096, 36.144729662664801 ], [ -77.8155222800997, 36.140006872606797 ], [ -77.808068231773603, 36.138227947806399 ], [ -77.805163850701803, 36.141623323095303 ], [ -77.805901587699694, 36.1470986189969 ], [ -77.804337504599104, 36.149738430781298 ], [ -77.7992653483998, 36.144482763342303 ], [ -77.792488208504693, 36.145146506653901 ], [ -77.783104321394802, 36.1413937946514 ], [ -77.778498047417898, 36.144038062472397 ], [ -77.774152776648904, 36.142534032095803 ], [ -77.772569375456996, 36.1470340568629 ], [ -77.769317042113798, 36.1461842175542 ], [ -77.757023293078902, 36.1489923214708 ], [ -77.753204497436599, 36.151990251678498 ], [ -77.753231628193703, 36.156880154238003 ], [ -77.750070840439307, 36.1574752028964 ], [ -77.745939650970598, 36.153084967596399 ], [ -77.741663305868101, 36.155157453401699 ], [ -77.737187424174195, 36.153755720247801 ], [ -77.732448186530206, 36.147439324621203 ], [ -77.729389666758493, 36.148993025684597 ], [ -77.7315307837288, 36.139324913517299 ], [ -77.726257998333097, 36.138006844709103 ], [ -77.721334341708697, 36.1338020344988 ], [ -77.7164341644405, 36.136387499369803 ], [ -77.721584435216101, 36.141424105870897 ], [ -77.716765395239804, 36.145791899689399 ], [ -77.706462659148798, 36.146793149604498 ], [ -77.707031778015704, 36.148287027643597 ], [ -77.704926946503505, 36.150920476785899 ], [ -77.702645473129493, 36.150494268546403 ], [ -77.697927626126003, 36.153145356354898 ], [ -77.703646277711997, 36.144905468281401 ], [ -77.705500365724006, 36.121260838018102 ], [ -77.707721137767095, 36.113691418302402 ], [ -77.741766930386007, 36.061396733040802 ], [ -77.770855371320906, 36.008755073306602 ], [ -77.778005661839302, 35.983909443660202 ], [ -77.819580082450699, 35.884070250643397 ], [ -77.844717526125194, 35.837609128208697 ], [ -77.853087320160697, 35.843890209533598 ], [ -77.8738798569144, 35.849740740560001 ], [ -77.883120299967203, 35.846238192439102 ], [ -77.897360125937197, 35.843860003161701 ], [ -78.008102839389196, 35.7989483285074 ], [ -78.147104108451401, 35.745810199197599 ], [ -78.181663474433194, 35.738087537033103 ], [ -78.188969473884001, 35.734247394819 ], [ -78.194807999571097, 35.727992026018001 ] ] ] } },
{ "type": "Feature", "properties": { "OBJECTID": 65, "County": "New Hanover", "FIPS": "129", "Rec_Survey": "Recorded survey data is available. Visit North Carolina Geodetic Survey for information. https://ncgs.state.nc.us", "NCGS_url": "https://ncem-gis.maps.arcgis.com/apps/webappviewer/index.html?id=8f3edbd62c004edd8b4fe3640f224738", "ck_date": "2025-01-13T00:00:00Z", "Shape__Area": 6141878274.6224518, "Shape__Length": 515892.08950024593, "GlobalID": "34424f2f-1447-4276-88be-37ef3f0d2665" }, "geometry": { "type": "Polygon", "coordinates": [ [ [ -77.710490824056293, 34.297965316193597 ], [ -77.716379766623703, 34.2895844839543 ], [ -77.732843093685801, 34.279136173996498 ], [ -77.747482724570602, 34.265058141823097 ], [ -77.762398554321194, 34.247163807720099 ], [ -77.770311420232005, 34.234740380694603 ], [ -77.775342883759606, 34.232605229285703 ], [ -77.812590572226597, 34.1822204246808 ], [ -77.809968056065898, 34.180142558688203 ], [ -77.819680737274197, 34.174288866843803 ], [ -77.830138673104102, 34.161886363724399 ], [ -77.869771516011895, 34.083857685347702 ], [ -77.874204258342999, 34.079176647285202 ], [ -77.873951311779905, 34.072099684629997 ], [ -77.899355492760506, 34.013857887404399 ], [ -77.9132455578535, 33.975306814535898 ], [ -77.920511143899205, 33.966106185462998 ], [ -77.926874741363903, 33.949108681074499 ], [ -77.937091253070506, 33.928646235331598 ], [ -77.948480933861106, 33.971281150200397 ], [ -77.940779803706207, 33.983602467187801 ], [ -77.934696637972806, 34.012780151966901 ], [ -77.931093543853393, 34.043384884509699 ], [ -77.931632716479498, 34.060267686713701 ], [ -77.935879417075796, 34.122132181639202 ], [ -77.950714029758203, 34.147564281654397 ], [ -77.957733471604797, 34.175308668353701 ], [ -77.957006595209506, 34.196233335555902 ], [ -77.961307061425003, 34.204876388739201 ], [ -77.956608313655593, 34.234498667563201 ], [ -77.964379593979999, 34.242275526684601 ], [ -77.969597462138395, 34.243512140799602 ], [ -77.965187443859094, 34.247767733244203 ], [ -77.966598526219997, 34.2515179948373 ], [ -77.969478057054204, 34.251722850251099 ], [ -77.973156179348294, 34.247239624290302 ], [ -77.979144814138905, 34.260450245338802 ], [ -77.985522875430703, 34.259256069118997 ], [ -77.988658173195802, 34.260877474448399 ], [ -77.988207076064697, 34.269059797771 ], [ -78.001466627397093, 34.27213760819 ], [ -78.000032688395706, 34.275918823270203 ], [ -77.990476936136702, 34.2789230901952 ], [ -77.991077242745504, 34.282963849700103 ], [ -77.997351253012795, 34.284381836805899 ], [ -78.004622084483302, 34.280648930059002 ], [ -78.005758629884795, 34.289521256812598 ], [ -78.013409037311703, 34.2894401584524 ], [ -78.016142704922402, 34.291403266225799 ], [ -78.013634836678506, 34.301527350487603 ], [ -78.013610349741796, 34.311406920360099 ], [ -78.007003369691105, 34.316046756642002 ], [ -78.007166204436103, 34.321250289837899 ], [ -78.013799441253497, 34.3231532562097 ], [ -78.022299521246495, 34.318290020841197 ], [ -78.026188960783102, 34.318052161215 ], [ -78.027573195390602, 34.320078343933901 ], [ -78.026067914402205, 34.329064738349501 ], [ -78.028228449555698, 34.331199081329601 ], [ -78.032133077924001, 34.331903818246701 ], [ -77.991136069448402, 34.337304542056003 ], [ -77.994160345663701, 34.338901565781903 ], [ -77.993380138384097, 34.344105942122702 ], [ -77.986602476748899, 34.353043027781297 ], [ -77.978037238411304, 34.356958806739001 ], [ -77.980466562810705, 34.3610930687286 ], [ -77.988027586744195, 34.363748649373598 ], [ -77.987770599386295, 34.371087757626299 ], [ -77.984157343727603, 34.373132196979903 ], [ -77.975075616325597, 34.372476208642297 ], [ -77.970052111197006, 34.377927564152301 ], [ -77.962196017150106, 34.382861377048897 ], [ -77.958830343361001, 34.3803738281158 ], [ -77.961695452948803, 34.373710626726499 ], [ -77.959855000104497, 34.370322836052601 ], [ -77.951033172643307, 34.364474058566103 ], [ -77.949558474123293, 34.371259857069603 ], [ -77.940214733927505, 34.369916801463098 ], [ -77.939269762501496, 34.367871110154198 ], [ -77.940867404004706, 34.362590382929902 ], [ -77.938624370951601, 34.3596735563263 ], [ -77.934688103867501, 34.358041397872697 ], [ -77.933125406999807, 34.359787830581297 ], [ -77.935041535375504, 34.364187484671199 ], [ -77.933748695994495, 34.3673287052113 ], [ -77.930483132475999, 34.366884869605599 ], [ -77.931763191091804, 34.361584390661299 ], [ -77.928486897013201, 34.361701256792003 ], [ -77.922287768094705, 34.367536802379298 ], [ -77.916695892688693, 34.375804476230897 ], [ -77.907222879704307, 34.375258436536598 ], [ -77.9011210411429, 34.378107635246103 ], [ -77.899366150386498, 34.375172058209898 ], [ -77.8999677901014, 34.3677650768051 ], [ -77.897866856379494, 34.364682602302402 ], [ -77.885613394380101, 34.364493797185297 ], [ -77.879712848725305, 34.366555914539902 ], [ -77.871994510912501, 34.3731250068885 ], [ -77.858952978367398, 34.379510937108499 ], [ -77.843659414470295, 34.380852829435703 ], [ -77.823060206620198, 34.389279158919599 ], [ -77.820829503873696, 34.384941609722901 ], [ -77.818631731267999, 34.385824183202303 ], [ -77.814706447719999, 34.381490551170998 ], [ -77.8105205684097, 34.381995265430398 ], [ -77.804722860656994, 34.376748094794898 ], [ -77.8050531308469, 34.374296018026698 ], [ -77.807871396982407, 34.373672174137901 ], [ -77.809827226884295, 34.368801954564297 ], [ -77.815116140312099, 34.367175382679697 ], [ -77.812021741200198, 34.365160784373202 ], [ -77.814286448026095, 34.362852808824002 ], [ -77.812664907198993, 34.359011539898503 ], [ -77.751973965611398, 34.303336807937598 ], [ -77.748103800779901, 34.303570007881497 ], [ -77.744841842312397, 34.301024828094199 ], [ -77.740585337660093, 34.301296966623603 ], [ -77.741635559142097, 34.296370216909402 ], [ -77.739478282281993, 34.2929508157385 ], [ -77.7332779089989, 34.294501927557199 ], [ -77.7251505766382, 34.292781798979597 ], [ -77.715193164655204, 34.2991882013783 ], [ -77.710490824056293, 34.297965316193597 ] ] ] } },
{ "type": "Feature", "properties": { "OBJECTID": 66, "County": "Northampton", "FIPS": "131", "Rec_Survey": "Recorded survey data is available. Visit North Carolina Geodetic Survey for information. https://ncgs.state.nc.us", "NCGS_url": "https://ncem-gis.maps.arcgis.com/apps/webappviewer/index.html?id=8f3edbd62c004edd8b4fe3640f224738", "ck_date": "2025-01-13T00:00:00Z", "Shape__Area": 15352903079.515625, "Shape__Length": 775914.8385901521, "GlobalID": "11b248f6-f6b1-4e7b-ab4f-a3e174e2744a" }, "geometry": { "type": "Polygon", "coordinates": [ [ [ -77.2915217174736, 36.168349100055998 ], [ -77.2996010826743, 36.164912885549903 ], [ -77.307358615556495, 36.167346096183302 ], [ -77.311333750785394, 36.169867036697802 ], [ -77.313312475115694, 36.173322705341 ], [ -77.309054317269101, 36.180732232149097 ], [ -77.3193880621521, 36.181796767235802 ], [ -77.325731432701701, 36.186966069448097 ], [ -77.328885026032395, 36.192221842634702 ], [ -77.333005358765007, 36.192598782804502 ], [ -77.339040406920404, 36.1900343415967 ], [ -77.350973401455605, 36.191538886490903 ], [ -77.357872649266199, 36.197465766625498 ], [ -77.383613581609694, 36.208213390298603 ], [ -77.386596941073293, 36.213555546297201 ], [ -77.382195282287796, 36.227100313435798 ], [ -77.376626801332804, 36.237110948181197 ], [ -77.376936362509497, 36.245054137103402 ], [ -77.381368116320999, 36.249763920086401 ], [ -77.409686082762605, 36.263807343904098 ], [ -77.413316009088803, 36.2754420174738 ], [ -77.4126137874092, 36.285937923929097 ], [ -77.414036034054405, 36.292872754387098 ], [ -77.434654382114502, 36.314387962663297 ], [ -77.438028654628795, 36.3216479944874 ], [ -77.441665093420298, 36.324360525135297 ], [ -77.466944157955197, 36.321792266801602 ], [ -77.476290322815601, 36.317237733679299 ], [ -77.485499215739594, 36.315968528690398 ], [ -77.495098340214497, 36.308388565678101 ], [ -77.523743956008801, 36.306782287658301 ], [ -77.542077594706399, 36.303182744149701 ], [ -77.556298596232494, 36.305215466373703 ], [ -77.570779565957295, 36.313544350088002 ], [ -77.577207895354704, 36.328524079384202 ], [ -77.5852771842317, 36.334973328394298 ], [ -77.585601631653603, 36.3373514268973 ], [ -77.576543832065596, 36.354387567263402 ], [ -77.547583754949997, 36.372483465089203 ], [ -77.544448543425304, 36.393902507569599 ], [ -77.549482911310406, 36.412058877822197 ], [ -77.555277277803299, 36.4179714417754 ], [ -77.572391168468201, 36.422899066419703 ], [ -77.580914848008305, 36.4241318443067 ], [ -77.587718765318598, 36.422416535549601 ], [ -77.5902973176822, 36.424544672009802 ], [ -77.592286805303701, 36.431624466255698 ], [ -77.597041090476793, 36.434234319713902 ], [ -77.609432119054603, 36.436643128398003 ], [ -77.616273330109195, 36.444113026505903 ], [ -77.621598873195197, 36.443211204329302 ], [ -77.626021818621695, 36.445706198598003 ], [ -77.630496001172304, 36.450119524808599 ], [ -77.639756724481302, 36.475175175395499 ], [ -77.644511224886401, 36.480490736628099 ], [ -77.650248611436496, 36.481371925246101 ], [ -77.661276131334006, 36.4792138348338 ], [ -77.681142353096604, 36.479184054885003 ], [ -77.694478255529603, 36.4818067234851 ], [ -77.710046348527698, 36.487157317122197 ], [ -77.725469877635604, 36.487542667229803 ], [ -77.730719090577907, 36.486483342378698 ], [ -77.745932019953202, 36.4789704251152 ], [ -77.753755990435707, 36.478939994826703 ], [ -77.765144563330097, 36.482239706217797 ], [ -77.767916519963094, 36.480052138753301 ], [ -77.775474097210207, 36.482296773712697 ], [ -77.789170785687404, 36.491233283432301 ], [ -77.794422860679106, 36.491876796257301 ], [ -77.805204939825899, 36.497215199608 ], [ -77.817455744400505, 36.500489441707501 ], [ -77.834215382082405, 36.5011407410381 ], [ -77.858295855664906, 36.506654731691498 ], [ -77.866054577879197, 36.503387856474298 ], [ -77.869392285405695, 36.503611315917702 ], [ -77.876038998728703, 36.506108150973702 ], [ -77.884897899167399, 36.506441378114801 ], [ -77.887569563591299, 36.509830350600303 ], [ -77.892357296044906, 36.5120778756094 ], [ -77.896167851653104, 36.509475936080698 ], [ -77.899525073860204, 36.5042091345667 ], [ -77.899762600379105, 36.544603117888201 ], [ -77.206527291161294, 36.544374316150503 ], [ -77.170547206247804, 36.547287601749098 ], [ -77.164379648882303, 36.5463363364779 ], [ -77.163878187879902, 36.544125646048599 ], [ -77.160250482900594, 36.541917383930702 ], [ -77.157877665014695, 36.543151455817103 ], [ -77.157264224827301, 36.539947083804798 ], [ -77.154890350008102, 36.541403015122498 ], [ -77.152739119177895, 36.539686643616001 ], [ -77.150973393039607, 36.540534793609403 ], [ -77.151523380640896, 36.538421635910503 ], [ -77.153352911281303, 36.537959560151101 ], [ -77.149376079881094, 36.536542075150102 ], [ -77.148697717316395, 36.534064482342501 ], [ -77.150735061723594, 36.533351000033903 ], [ -77.150445511162701, 36.530487609019303 ], [ -77.152555165950105, 36.5297882398255 ], [ -77.148509599165195, 36.526816131397602 ], [ -77.148533262030796, 36.525093226057599 ], [ -77.135365645400796, 36.523751950255402 ], [ -77.131244101317805, 36.522344712948801 ], [ -77.127035085615603, 36.518116090869299 ], [ -77.122850764034695, 36.520441374187001 ], [ -77.121124958077004, 36.519246580720299 ], [ -77.121808549901203, 36.522148733888201 ], [ -77.118882609191203, 36.523187585513 ], [ -77.114121174393105, 36.521508871470097 ], [ -77.114422947368197, 36.518301933738996 ], [ -77.103284616247095, 36.516655389622002 ], [ -77.103228970662698, 36.521054131987398 ], [ -77.0990570987815, 36.5170274558686 ], [ -77.0957646398778, 36.516480416481699 ], [ -77.092798642036598, 36.518177314914396 ], [ -77.086969050685795, 36.513543531375198 ], [ -77.083429313589704, 36.513207717795801 ], [ -77.083273082970294, 36.507239009715697 ], [ -77.080873963907806, 36.507201583569199 ], [ -77.085153849439706, 36.505296959721903 ], [ -77.084036785475107, 36.500984346880401 ], [ -77.085710384160095, 36.500266263498801 ], [ -77.079977461533005, 36.4963908026998 ], [ -77.078000762410795, 36.497619761534402 ], [ -77.076883354616697, 36.4960356366065 ], [ -77.074672619370901, 36.4962425560715 ], [ -77.074003963936207, 36.499522033860899 ], [ -77.071565700603699, 36.4974275885995 ], [ -77.070063020758198, 36.498761764873997 ], [ -77.066453969404506, 36.496975216463099 ], [ -77.069930178956596, 36.4945493135194 ], [ -77.0671144815025, 36.492370513850801 ], [ -77.069384667827507, 36.489357743762 ], [ -77.068740929901594, 36.4872391784236 ], [ -77.066216982303104, 36.487042828625903 ], [ -77.067628792429204, 36.4847803241652 ], [ -77.066445706368199, 36.482920891584698 ], [ -77.070767573239394, 36.483595883505203 ], [ -77.070578732640996, 36.479695853105198 ], [ -77.074866281835398, 36.481120866369501 ], [ -77.074396738391698, 36.478136854372103 ], [ -77.076737519880396, 36.4805691914585 ], [ -77.079938213639906, 36.478811051742497 ], [ -77.082929323875206, 36.4766905293299 ], [ -77.081284347702905, 36.474882779474299 ], [ -77.083639941799404, 36.472308429245302 ], [ -77.085373923081605, 36.475462254221 ], [ -77.091675466550797, 36.4716893122228 ], [ -77.093622929184505, 36.472333153597603 ], [ -77.099932383482994, 36.479102213386703 ], [ -77.101448563001199, 36.477160799581597 ], [ -77.107393872259195, 36.475790292611798 ], [ -77.112340250591103, 36.477726765142897 ], [ -77.114587123005805, 36.473896854084302 ], [ -77.119520207243895, 36.473992025283799 ], [ -77.122961390186802, 36.471224663031897 ], [ -77.126531483698699, 36.463968082341196 ], [ -77.137016067608002, 36.4559155963561 ], [ -77.136527375779707, 36.447409024478901 ], [ -77.131593719578504, 36.441517818618699 ], [ -77.131419095602297, 36.437830038567299 ], [ -77.190346067995407, 36.286737508630999 ], [ -77.2087301061472, 36.246616076116403 ], [ -77.228800973191994, 36.217393883581202 ], [ -77.228567454462706, 36.214418302547699 ], [ -77.244135316837699, 36.215144754661999 ], [ -77.248972910177102, 36.218381907248897 ], [ -77.254347597725001, 36.2186018865197 ], [ -77.264066573729707, 36.217189819221304 ], [ -77.270030746447006, 36.213248150266899 ], [ -77.275654445142607, 36.214469867710399 ], [ -77.287829080892806, 36.211389772037599 ], [ -77.290654404475802, 36.212925834711299 ], [ -77.297908162599199, 36.208111895543603 ], [ -77.297370586403105, 36.202341331859103 ], [ -77.293269703317307, 36.197091329764298 ], [ -77.295870286130096, 36.193130344878 ], [ -77.295106159140204, 36.1884366454996 ], [ -77.298898171946604, 36.186059338140304 ], [ -77.299719348557502, 36.1814164812792 ], [ -77.295556652615105, 36.174351786210003 ], [ -77.298316065376397, 36.172331153039302 ], [ -77.295779327086905, 36.172276531760602 ], [ -77.2915217174736, 36.168349100055998 ] ] ] } },
{ "type": "Feature", "properties": { "OBJECTID": 67, "County": "Onslow", "FIPS": "133", "Rec_Survey": "Recorded survey data is available. Visit North Carolina Geodetic Survey for information. https://ncgs.state.nc.us", "NCGS_url": "https://ncem-gis.maps.arcgis.com/apps/webappviewer/index.html?id=8f3edbd62c004edd8b4fe3640f224738", "ck_date": "2025-01-13T00:00:00Z", "Shape__Area": 22747058927.671509, "Shape__Length": 703807.14667953935, "GlobalID": "80db8525-1cdd-452e-a47d-64f1bc3d1df0" }, "geometry": { "type": "Polygon", "coordinates": [ [ [ -77.3667711481136, 34.908657666250598 ], [ -77.3652762741186, 34.923402915791399 ], [ -77.3569884854885, 34.929181062362503 ], [ -77.344933857457704, 34.9305800313834 ], [ -77.341740323642298, 34.934484064686302 ], [ -77.331999974217098, 34.939089790694503 ], [ -77.328162711086804, 34.938471430371202 ], [ -77.322651969877995, 34.9347667754502 ], [ -77.318963605904997, 34.934870063908299 ], [ -77.317022296262493, 34.932282793551003 ], [ -77.313446459701595, 34.932651051307701 ], [ -77.310938463174097, 34.935376164288897 ], [ -77.311558386929306, 34.936447291188898 ], [ -77.308895969517906, 34.937578736442298 ], [ -77.304306611117497, 34.9342824100329 ], [ -77.297888681305594, 34.933869271798301 ], [ -77.294640462381693, 34.930474437081202 ], [ -77.285320218495798, 34.931296309134297 ], [ -77.283299428572406, 34.927812812337301 ], [ -77.267649731242599, 34.9257969925902 ], [ -77.267170951946696, 34.923198022568101 ], [ -77.264124998301199, 34.921011522323198 ], [ -77.264618516446404, 34.919137404027701 ], [ -77.262231101456806, 34.918800418552003 ], [ -77.259720712218098, 34.914876829540901 ], [ -77.260733778480898, 34.911445670614903 ], [ -77.259328331471806, 34.9088911707493 ], [ -77.255710923160095, 34.910497920551002 ], [ -77.250735668310597, 34.909915288247099 ], [ -77.252219503679797, 34.903099927299998 ], [ -77.250511607913097, 34.903330379778097 ], [ -77.249822811177793, 34.900895555536202 ], [ -77.240157814337707, 34.898906890228297 ], [ -77.237359119100006, 34.899969240839297 ], [ -77.238773782216796, 34.893582660153001 ], [ -77.234309443978105, 34.891502670245103 ], [ -77.233341967367707, 34.893882535910997 ], [ -77.231876285295101, 34.892920520171401 ], [ -77.234114380922406, 34.886127448410903 ], [ -77.2311355047202, 34.885214479084503 ], [ -77.222005773373496, 34.887003889820399 ], [ -77.220832095457794, 34.884595726049803 ], [ -77.222851445240906, 34.8834462743214 ], [ -77.2224328508903, 34.882065327416498 ], [ -77.215886258127895, 34.873335326961502 ], [ -77.219579669524705, 34.870285559508801 ], [ -77.212850651203595, 34.862477202287003 ], [ -77.213033550590595, 34.860395760888601 ], [ -77.209966342582007, 34.858754409396802 ], [ -77.212205652622401, 34.853285176109701 ], [ -77.2059201118103, 34.847523523063302 ], [ -77.204586408281102, 34.847843738076499 ], [ -77.205028714647995, 34.845992911689201 ], [ -77.202712940389304, 34.845304340035298 ], [ -77.203442145727095, 34.842664258499298 ], [ -77.2008560653572, 34.8420152236897 ], [ -77.201534976328503, 34.838057633012099 ], [ -77.203274991744607, 34.837037174659798 ], [ -77.201386850359995, 34.836381124226698 ], [ -77.201940674160994, 34.834505812078298 ], [ -77.191056567852002, 34.832241182572503 ], [ -77.191709061618297, 34.833803198065098 ], [ -77.188685713949596, 34.833347894265501 ], [ -77.182542438599398, 34.837266666782597 ], [ -77.180081242089202, 34.833392538898302 ], [ -77.179517726707104, 34.8295034761708 ], [ -77.184306694960299, 34.826349273051399 ], [ -77.186366647122597, 34.819473825424602 ], [ -77.192213398649798, 34.817189842345996 ], [ -77.195780985081299, 34.817618344020097 ], [ -77.193119695631694, 34.8144303949421 ], [ -77.196061618796804, 34.809678350187099 ], [ -77.193106730775, 34.806878410786297 ], [ -77.189225264133995, 34.806331736329 ], [ -77.190508983432096, 34.802269928546004 ], [ -77.175756796263101, 34.796710369071398 ], [ -77.175820003534, 34.791976179692 ], [ -77.170868545589201, 34.790418552414998 ], [ -77.175223433098296, 34.787458712671899 ], [ -77.174046749017407, 34.785749111710501 ], [ -77.1701902637421, 34.785080100222203 ], [ -77.1730922513282, 34.782368567014103 ], [ -77.172745734945593, 34.780619234167901 ], [ -77.169373706087498, 34.780733661426503 ], [ -77.166525698070402, 34.7852772026107 ], [ -77.165255510726496, 34.7840829987964 ], [ -77.1665423218125, 34.780555726272901 ], [ -77.165489820847696, 34.779214758917597 ], [ -77.163232608104494, 34.779225117184097 ], [ -77.160302921458793, 34.781951122265902 ], [ -77.157411809391604, 34.7808334901748 ], [ -77.160336185155103, 34.776389740738303 ], [ -77.159911291103697, 34.774087634534503 ], [ -77.157587019677294, 34.773576072201102 ], [ -77.155055034368104, 34.776712588081203 ], [ -77.153504415666802, 34.776498353393798 ], [ -77.153132358618805, 34.773146649626199 ], [ -77.150682672599501, 34.770788116147699 ], [ -77.1584148917742, 34.769493584676397 ], [ -77.157916332283094, 34.7660432204312 ], [ -77.1550260286228, 34.7656408282188 ], [ -77.149019544862895, 34.768513087885196 ], [ -77.143365620792693, 34.765795635087102 ], [ -77.1416884534232, 34.759710931735498 ], [ -77.139334859532497, 34.760111780687403 ], [ -77.135753398537204, 34.764616050144198 ], [ -77.131269609985395, 34.758924896011798 ], [ -77.125648080865901, 34.756713718019299 ], [ -77.125768743240201, 34.748276350610098 ], [ -77.121800449648504, 34.731540463916197 ], [ -77.109154853799595, 34.717880671293997 ], [ -77.105997016008999, 34.710335302604598 ], [ -77.105154883891799, 34.694718804013696 ], [ -77.108563600079293, 34.687353318449397 ], [ -77.113384623394495, 34.682916405181601 ], [ -77.113531650077604, 34.680547643077901 ], [ -77.107901598502394, 34.675946428408899 ], [ -77.096076284775407, 34.6712469303327 ], [ -77.104221333928507, 34.659061406982701 ], [ -77.112799959886004, 34.652014268526699 ], [ -77.113358086390207, 34.649957986106102 ], [ -77.108382632993894, 34.643064875467402 ], [ -77.108034794987404, 34.639746774891798 ], [ -77.145165772171893, 34.630084574055097 ], [ -77.2083423572752, 34.605700356941902 ], [ -77.247424483205705, 34.583867303936103 ], [ -77.307557070049299, 34.545073617280003 ], [ -77.330330833082996, 34.533847802084097 ], [ -77.345483594605, 34.524335995917902 ], [ -77.385771037691299, 34.507774267971101 ], [ -77.451372576002797, 34.476739221512297 ], [ -77.485155341586804, 34.459807069395097 ], [ -77.518386900623696, 34.4408105090682 ], [ -77.532172976654394, 34.457260241448601 ], [ -77.537240538407801, 34.459219397731701 ], [ -77.5391818908913, 34.463092545899201 ], [ -77.541407548814206, 34.463088596473298 ], [ -77.541161931769594, 34.464964456303797 ], [ -77.543976124294602, 34.463261632539897 ], [ -77.543522799677405, 34.465253402236399 ], [ -77.545519705712294, 34.464810761396002 ], [ -77.545877735616898, 34.466741493382699 ], [ -77.548661291160201, 34.466960175000899 ], [ -77.553363200244902, 34.4715227103259 ], [ -77.558339236449299, 34.4693814379184 ], [ -77.561539970198595, 34.471264959213201 ], [ -77.562847528360393, 34.469487813818297 ], [ -77.567524010476603, 34.469811454775503 ], [ -77.571758076920403, 34.472531416866303 ], [ -77.572368690239898, 34.4769982230343 ], [ -77.5761028453325, 34.476481481386102 ], [ -77.574926262553106, 34.478687566150498 ], [ -77.615804672555598, 34.5807682948303 ], [ -77.680130107794696, 34.720602679456199 ], [ -77.678876796226206, 34.784879545851503 ], [ -77.677052232417395, 34.799631164254798 ], [ -77.666072158393504, 34.839576800763297 ], [ -77.651046441820597, 34.923346758320001 ], [ -77.653354483162801, 34.940541139444697 ], [ -77.680083442316899, 34.971146908656699 ], [ -77.638980354134404, 34.984466776454603 ], [ -77.502773623730405, 34.969641522521599 ], [ -77.3667711481136, 34.908657666250598 ] ] ] } },
{ "type": "Feature", "properties": { "OBJECTID": 68, "County": "Orange", "FIPS": "135", "Rec_Survey": "Recorded survey data is available. Visit North Carolina Geodetic Survey for information. https://ncgs.state.nc.us", "NCGS_url": "https://ncem-gis.maps.arcgis.com/apps/webappviewer/index.html?id=8f3edbd62c004edd8b4fe3640f224738", "ck_date": "2025-01-13T00:00:00Z", "Shape__Area": 11178090316.994141, "Shape__Length": 443413.38900714164, "GlobalID": "38779671-fbe8-4501-bd21-9c87af70b220" }, "geometry": { "type": "Polygon", "coordinates": [ [ [ -79.016303641266703, 35.863216684505097 ], [ -79.025243349443699, 35.862826792565897 ], [ -79.025184373071994, 35.861365171612597 ], [ -79.026538865076503, 35.862770281548798 ], [ -79.082452115439693, 35.860768921981197 ], [ -79.2188190553656, 35.873732237833003 ], [ -79.218821202029304, 35.8752637036363 ], [ -79.221537534859905, 35.875474432013398 ], [ -79.221927890219206, 35.874050160204 ], [ -79.249542190465704, 35.876817282913997 ], [ -79.2579609673449, 35.8915299286164 ], [ -79.256949267030194, 35.9020939310142 ], [ -79.260422499452105, 35.905621138885202 ], [ -79.268245911916495, 35.909188785456401 ], [ -79.268437858333002, 35.910937579772302 ], [ -79.267152232575299, 35.913697942578899 ], [ -79.264029896413405, 35.914121349200997 ], [ -79.263991167829204, 35.967799082111398 ], [ -79.262927301167295, 35.968674908656197 ], [ -79.264543096746195, 35.973752251384298 ], [ -79.263380691881906, 35.973721715540897 ], [ -79.260863007972503, 36.040093385766397 ], [ -79.262143299093907, 36.061688887126799 ], [ -79.260465964373495, 36.0664908860726 ], [ -79.261439475237907, 36.070877468125602 ], [ -79.260110907660007, 36.103226875082598 ], [ -79.258698261155999, 36.103770914713003 ], [ -79.260105925611001, 36.1077749940982 ], [ -79.257955236953904, 36.243451985443699 ], [ -78.950600122330698, 36.239327820603201 ], [ -79.016303641266703, 35.863216684505097 ] ] ] } },
{ "type": "Feature", "properties": { "OBJECTID": 69, "County": "Pamlico", "FIPS": "137", "Rec_Survey": "No recent survey data available", "NCGS_url": " ", "ck_date": "2011-11-29T00:00:00Z", "Shape__Area": 15632667322.341553, "Shape__Length": 615613.21832978679, "GlobalID": "b8015417-e99f-4f73-b762-7ec8d2ed5bcd" }, "geometry": { "type": "Polygon", "coordinates": [ [ [ -76.94869367498022, 35.123728137396064 ], [ -76.955644259824297, 35.125444892623698 ], [ -76.959144792571607, 35.127625192237403 ], [ -76.968467288188407, 35.129279539738697 ], [ -76.975142190103696, 35.133175506193702 ], [ -76.977987354366803, 35.138357866592898 ], [ -76.984903228641798, 35.145069435880799 ], [ -76.987576377637893, 35.1546186815496 ], [ -76.9780248435831, 35.155040764796603 ], [ -76.971970188838597, 35.159614685901801 ], [ -76.970177313025303, 35.1622245935786 ], [ -76.971761823248897, 35.1664414356121 ], [ -76.969244017911905, 35.171090832607803 ], [ -76.971407378732394, 35.176652514738699 ], [ -76.966202095509601, 35.182866750484003 ], [ -76.962932507619598, 35.197863545347602 ], [ -76.955523293661102, 35.205858158100703 ], [ -76.944513268829695, 35.210909922947401 ], [ -76.942631821263305, 35.213330847608802 ], [ -76.942550675192507, 35.219695218368898 ], [ -76.9325920790628, 35.230293280663297 ], [ -76.906087185961994, 35.235945275573002 ], [ -76.895926225461096, 35.253899161759698 ], [ -76.845507102037303, 35.216066012608898 ], [ -76.632563154607197, 35.235330637061203 ], [ -76.613775614850397, 35.270949146569102 ], [ -76.614301752954802, 35.275026821859697 ], [ -76.612111995324398, 35.2792384225258 ], [ -76.614516550933004, 35.285263121565201 ], [ -76.614836371435899, 35.292280523937798 ], [ -76.6192872244889, 35.3017419579229 ], [ -76.616439832718996, 35.313777582118902 ], [ -76.617176372496601, 35.330477910035498 ], [ -76.613115943163805, 35.334639790889497 ], [ -76.604721884449006, 35.338006215009699 ], [ -76.591445320711401, 35.3604430227766 ], [ -76.463758370725003, 35.338140934110001 ], [ -76.445420441764199, 35.329271068615498 ], [ -76.304138509386803, 35.201460205364697 ], [ -76.624649566769904, 35.031063643592702 ], [ -76.756032105273803, 34.955983368433102 ], [ -76.763983416406802, 34.953139355834303 ], [ -76.780050049406199, 34.950294774885499 ], [ -76.815504138925306, 34.951540776347102 ], [ -76.829815784111105, 34.955389315632402 ], [ -76.896970500561494, 34.981659847190798 ], [ -76.907728184575902, 34.987381500438801 ], [ -76.955070069857797, 35.022696833533203 ], [ -76.967358136781996, 35.040405232100603 ], [ -76.953240542441407, 35.051533537161902 ], [ -76.941623602006203, 35.052091458403602 ], [ -76.941061920989199, 35.057702066214901 ], [ -76.936263233676101, 35.061651282474003 ], [ -76.935120475087203, 35.071272646646598 ], [ -76.937522133746597, 35.075809180736798 ], [ -76.933633104377094, 35.077573783256902 ], [ -76.933294670833106, 35.081948239720397 ], [ -76.935954992665799, 35.083099257114903 ], [ -76.935207893182906, 35.085204828471902 ], [ -76.937984280795902, 35.085051356577203 ], [ -76.936421358040306, 35.086804321658903 ], [ -76.938540181862606, 35.0887445484192 ], [ -76.937166367271601, 35.090635435770999 ], [ -76.938427322478802, 35.094727961908902 ], [ -76.937677982658698, 35.097164447396601 ], [ -76.935926154125497, 35.0970522540335 ], [ -76.9377340358418, 35.0980116917844 ], [ -76.936831652167498, 35.101616875992597 ], [ -76.940232267721996, 35.103132342936803 ], [ -76.937382619690894, 35.102931859677497 ], [ -76.936663551616306, 35.1053060166549 ], [ -76.932823655773305, 35.105617815810099 ], [ -76.936236404759498, 35.108148107943599 ], [ -76.9358743539686, 35.111857464176197 ], [ -76.937878245915599, 35.112889557033803 ], [ -76.937610101394995, 35.114597147170997 ], [ -76.930867355114401, 35.116826201245502 ], [ -76.940231853243702, 35.114713007920898 ], [ -76.942082199707002, 35.115719449166498 ], [ -76.940821039167503, 35.119109610165403 ], [ -76.943548706265005, 35.121313414889499 ], [ -76.947038242712694, 35.121350761326198 ], [ -76.947875884762396, 35.124095593729898 ], [ -76.948737022102407, 35.1234287557728 ], [ -76.94869367498022, 35.123728137396064 ] ] ] } },
{ "type": "Feature", "properties": { "OBJECTID": 70, "County": "Pasquotank", "FIPS": "139", "Rec_Survey": "No recent survey data available", "NCGS_url": " ", "ck_date": "2011-11-29T00:00:00Z", "Shape__Area": 8116743132.8605957, "Shape__Length": 542905.15087859414, "GlobalID": "f27831ee-12d8-4404-b2ee-6bc3cf36be14" }, "geometry": { "type": "Polygon", "coordinates": [ [ [ -76.1580409861443, 36.059688339449004 ], [ -76.177942899720406, 36.110086611183 ], [ -76.181692869711398, 36.113496762238498 ], [ -76.193988196281495, 36.117427364502603 ], [ -76.2153907819567, 36.131159241648398 ], [ -76.2242412446098, 36.139758924029998 ], [ -76.228772163048404, 36.149720768450202 ], [ -76.236897563726998, 36.157694383489499 ], [ -76.239853215185704, 36.163360039131298 ], [ -76.250685832657098, 36.168978129028297 ], [ -76.260366840640202, 36.179887391594299 ], [ -76.272219214075093, 36.185994429852101 ], [ -76.272984276443594, 36.194409750999903 ], [ -76.279336055857001, 36.198506774597298 ], [ -76.280429142710304, 36.203627801726697 ], [ -76.286987103515202, 36.210543575951398 ], [ -76.288413558417503, 36.2135875561791 ], [ -76.285036795652104, 36.2157948300435 ], [ -76.289913647105294, 36.218207791210901 ], [ -76.290246462057993, 36.223365081665897 ], [ -76.303652344909807, 36.221736448089104 ], [ -76.304195291794699, 36.225970260242597 ], [ -76.307027953946502, 36.2275387579785 ], [ -76.307183233398604, 36.230326308474098 ], [ -76.314728538893803, 36.232819697100801 ], [ -76.317232386145406, 36.240177167271398 ], [ -76.324796533173995, 36.240449114540901 ], [ -76.332227725588893, 36.244445045041402 ], [ -76.337294373201502, 36.240797525546398 ], [ -76.340614212121196, 36.241432562060297 ], [ -76.343538057622794, 36.243260783969397 ], [ -76.343365218333503, 36.246786590839001 ], [ -76.347451646325794, 36.249796145778198 ], [ -76.360602110595494, 36.252422701445397 ], [ -76.374984602317198, 36.258782315845401 ], [ -76.377941613592398, 36.269267741437297 ], [ -76.375488780290397, 36.272800069030097 ], [ -76.376640923519403, 36.275328092344701 ], [ -76.381220493426099, 36.275857647945102 ], [ -76.386462093021095, 36.283596627769299 ], [ -76.391950522610401, 36.287494883734297 ], [ -76.391792109456702, 36.290736650918802 ], [ -76.395110581922907, 36.292617239651001 ], [ -76.394667534869896, 36.296815196460201 ], [ -76.397971287844399, 36.3004095751009 ], [ -76.401731710432102, 36.3016258060008 ], [ -76.447706937552198, 36.363874233420098 ], [ -76.491385489301194, 36.4686682675515 ], [ -76.491322558974602, 36.510670950483103 ], [ -76.437288014499003, 36.467853422131299 ], [ -76.422712164667701, 36.4643929311748 ], [ -76.421132968040695, 36.461875128860598 ], [ -76.414755730433697, 36.460495064191797 ], [ -76.406992269630607, 36.4541824700025 ], [ -76.398667311041606, 36.455510545295397 ], [ -76.394751588692699, 36.454555957064699 ], [ -76.386819178697905, 36.446898749034801 ], [ -76.3824748908049, 36.447483883064699 ], [ -76.376553995016195, 36.445868201998998 ], [ -76.376046179431697, 36.442436245621998 ], [ -76.371146798003906, 36.441387712454699 ], [ -76.372100758359807, 36.439550110364003 ], [ -76.367355801104296, 36.439360009718399 ], [ -76.369330960501202, 36.435379350602602 ], [ -76.367469063376504, 36.4337199435166 ], [ -76.367431327358801, 36.4312290670726 ], [ -76.364219649804099, 36.429486469367802 ], [ -76.356914052194497, 36.426638214960299 ], [ -76.347412472794105, 36.428173398297197 ], [ -76.348346322231606, 36.4233714803769 ], [ -76.344597746002904, 36.421343931380797 ], [ -76.341289670537606, 36.421847456528802 ], [ -76.338370537818903, 36.424777753405102 ], [ -76.332895550310994, 36.425455264178296 ], [ -76.3295751630084, 36.4238568314451 ], [ -76.322174201301905, 36.427463389124497 ], [ -76.320012077949599, 36.423132343111902 ], [ -76.323058374726102, 36.420234739824103 ], [ -76.323066893402697, 36.417248741710502 ], [ -76.314638299451303, 36.410848959234499 ], [ -76.314453943938005, 36.4083232510567 ], [ -76.310383202093803, 36.4061622133678 ], [ -76.310543250526806, 36.401933404683298 ], [ -76.3018495302167, 36.400511256088102 ], [ -76.300476276793304, 36.395408147812503 ], [ -76.291543970149306, 36.3866360343062 ], [ -76.287387324877102, 36.384774584585102 ], [ -76.285128161208107, 36.388920143288203 ], [ -76.279531074614894, 36.386267083291301 ], [ -76.2737181795693, 36.388232160292901 ], [ -76.2588928113192, 36.384281513794903 ], [ -76.2570881994004, 36.382287192351498 ], [ -76.2591098677144, 36.376728446093701 ], [ -76.256479595456995, 36.373682039888202 ], [ -76.257304680467598, 36.370000439107102 ], [ -76.260226982962195, 36.367014158198998 ], [ -76.257179473500102, 36.363551145836603 ], [ -76.254705943168503, 36.362834630886702 ], [ -76.243954787850001, 36.365721511388998 ], [ -76.237588466088596, 36.371974046829102 ], [ -76.231330862130505, 36.372087349572098 ], [ -76.231408975700404, 36.362082358160798 ], [ -76.225775989801903, 36.354148053387 ], [ -76.227397201138103, 36.348337215689497 ], [ -76.225116846872993, 36.346437278369997 ], [ -76.218685562390704, 36.345177564690601 ], [ -76.214180143115101, 36.341606445984297 ], [ -76.218085045794695, 36.3336240965155 ], [ -76.215980299665901, 36.3276818932531 ], [ -76.192208882693905, 36.328147636106202 ], [ -76.181277779702, 36.321946490979499 ], [ -76.182756997271497, 36.317220103333497 ], [ -76.187965924308003, 36.314465684352001 ], [ -76.192272409894599, 36.314260482241302 ], [ -76.196942574960104, 36.317519772232998 ], [ -76.199640143399606, 36.317277534274702 ], [ -76.201110124304705, 36.314576405747701 ], [ -76.200920942912205, 36.305652701033999 ], [ -76.213794758290405, 36.304053063981002 ], [ -76.216945606683296, 36.301541848915903 ], [ -76.217087160068104, 36.298810384059102 ], [ -76.205101740841798, 36.296917276674598 ], [ -76.196424589843403, 36.291161212855599 ], [ -76.178920300942295, 36.292924755560598 ], [ -76.172646325352602, 36.283254106485899 ], [ -76.163950114919601, 36.277051409297798 ], [ -76.147879048796895, 36.2766454796378 ], [ -76.137717531807795, 36.273456749050197 ], [ -76.120264613044696, 36.259251202077301 ], [ -76.105301057958201, 36.2400833129091 ], [ -76.101863857312196, 36.231443059519599 ], [ -76.098272550969597, 36.227634305679203 ], [ -76.086399251258797, 36.222036064251597 ], [ -76.071471479637907, 36.218565403755399 ], [ -76.067592690050603, 36.215307242504402 ], [ -76.044472137695493, 36.1787959793391 ], [ -76.034314513109294, 36.167105526261999 ], [ -76.029392260857506, 36.158826690104803 ], [ -76.023199497186994, 36.125159854975003 ], [ -76.022400178302206, 36.086661164709902 ], [ -76.124313514852901, 36.061307230244097 ], [ -76.1580409861443, 36.059688339449004 ] ] ] } },
{ "type": "Feature", "properties": { "OBJECTID": 71, "County": "Pender", "FIPS": "141", "Rec_Survey": "Recorded survey data is available. Visit North Carolina Geodetic Survey for information. https://ncgs.state.nc.us", "NCGS_url": "https://ncem-gis.maps.arcgis.com/apps/webappviewer/index.html?id=8f3edbd62c004edd8b4fe3640f224738", "ck_date": "2025-01-13T00:00:00Z", "Shape__Area": 24587973819.12204, "Shape__Length": 830567.63667246851, "GlobalID": "e8d4a35c-6364-4ad4-8610-f5a29d21e0d2" }, "geometry": { "type": "Polygon", "coordinates": [ [ [ -78.009450011468303, 34.731454793683 ], [ -78.010478095877502, 34.729808044103201 ], [ -78.0075504099527, 34.728671849573502 ], [ -78.007964116327898, 34.726262208563497 ], [ -78.002634131925106, 34.726115073243001 ], [ -78.003064757557496, 34.724034060656898 ], [ -77.997911540653305, 34.721764931459298 ], [ -77.994471140702004, 34.717133345947097 ], [ -77.991949532699195, 34.715987264164397 ], [ -77.987275629927197, 34.717465785277199 ], [ -77.984766448386495, 34.714902739535901 ], [ -77.981594487763104, 34.715934290833303 ], [ -77.980985869608105, 34.713898207584698 ], [ -77.978674313149895, 34.715100134473602 ], [ -77.979399650686005, 34.7169397129842 ], [ -77.974622581069895, 34.714593315484002 ], [ -77.973216830298597, 34.717726449039098 ], [ -77.975436681504405, 34.718471037162402 ], [ -77.974056410484394, 34.719148398067396 ], [ -77.970248883257099, 34.719457173029902 ], [ -77.970057364965697, 34.7177423429887 ], [ -77.961538719077694, 34.719964005137001 ], [ -77.958815863777204, 34.715870004629302 ], [ -77.956085629948205, 34.716460310958198 ], [ -77.956013938080602, 34.715152256736303 ], [ -77.951997707521102, 34.7147244180725 ], [ -77.951609390459097, 34.717868321709197 ], [ -77.939702526414393, 34.720065272145703 ], [ -77.940937167229805, 34.721031516661 ], [ -77.938448725267605, 34.7233925696261 ], [ -77.937580198009698, 34.720237596444498 ], [ -77.935396250276895, 34.720752828660501 ], [ -77.935915158906695, 34.722410510759801 ], [ -77.930560320592093, 34.722998437028401 ], [ -77.921535113278196, 34.719751144390401 ], [ -77.680130107794696, 34.720602679456199 ], [ -77.615804672555598, 34.5807682948303 ], [ -77.574926262553106, 34.478687566150498 ], [ -77.5761028453325, 34.476481481386102 ], [ -77.572368690239898, 34.4769982230343 ], [ -77.571758076920403, 34.472531416866303 ], [ -77.567524010476603, 34.469811454775503 ], [ -77.562847528360393, 34.469487813818297 ], [ -77.561539970198595, 34.471264959213201 ], [ -77.558339236449299, 34.4693814379184 ], [ -77.553363200244902, 34.4715227103259 ], [ -77.548661291160201, 34.466960175000899 ], [ -77.545877735616898, 34.466741493382699 ], [ -77.545519705712294, 34.464810761396002 ], [ -77.543522799677405, 34.465253402236399 ], [ -77.543976124294602, 34.463261632539897 ], [ -77.541161931769594, 34.464964456303797 ], [ -77.541407548814206, 34.463088596473298 ], [ -77.5391818908913, 34.463092545899201 ], [ -77.537240538407801, 34.459219397731701 ], [ -77.532172976654394, 34.457260241448601 ], [ -77.518386900623696, 34.4408105090682 ], [ -77.585497686401595, 34.398570217207698 ], [ -77.616073945634596, 34.375527827319701 ], [ -77.649409962854193, 34.347196171055202 ], [ -77.654451856086396, 34.343932391479903 ], [ -77.661575305024598, 34.343503585303303 ], [ -77.666466263379604, 34.340053932286402 ], [ -77.668088885039495, 34.336567762429702 ], [ -77.696650535229494, 34.313143920547297 ], [ -77.710490824056293, 34.297965316193597 ], [ -77.715193164655204, 34.2991882013783 ], [ -77.7251505766382, 34.292781798979597 ], [ -77.7332779089989, 34.294501927557199 ], [ -77.739478282281993, 34.2929508157385 ], [ -77.741635559142097, 34.296370216909402 ], [ -77.740585337660093, 34.301296966623603 ], [ -77.744841842312397, 34.301024828094199 ], [ -77.748103800779901, 34.303570007881497 ], [ -77.751973965611398, 34.303336807937598 ], [ -77.812664907198993, 34.359011539898503 ], [ -77.814286448026095, 34.362852808824002 ], [ -77.812021741200198, 34.365160784373202 ], [ -77.815116140312099, 34.367175382679697 ], [ -77.809827226884295, 34.368801954564297 ], [ -77.807871396982407, 34.373672174137901 ], [ -77.8050531308469, 34.374296018026698 ], [ -77.804722860656994, 34.376748094794898 ], [ -77.8105205684097, 34.381995265430398 ], [ -77.814706447719999, 34.381490551170998 ], [ -77.818631731267999, 34.385824183202303 ], [ -77.820829503873696, 34.384941609722901 ], [ -77.823060206620198, 34.389279158919599 ], [ -77.843659414470295, 34.380852829435703 ], [ -77.858952978367398, 34.379510937108499 ], [ -77.871994510912501, 34.3731250068885 ], [ -77.879712848725305, 34.366555914539902 ], [ -77.885613394380101, 34.364493797185297 ], [ -77.897866856379494, 34.364682602302402 ], [ -77.8999677901014, 34.3677650768051 ], [ -77.899366150386498, 34.375172058209898 ], [ -77.9011210411429, 34.378107635246103 ], [ -77.907222879704307, 34.375258436536598 ], [ -77.916695892688693, 34.375804476230897 ], [ -77.922287768094705, 34.367536802379298 ], [ -77.928486897013201, 34.361701256792003 ], [ -77.931763191091804, 34.361584390661299 ], [ -77.930483132475999, 34.366884869605599 ], [ -77.933748695994495, 34.3673287052113 ], [ -77.935041535375504, 34.364187484671199 ], [ -77.933125406999807, 34.359787830581297 ], [ -77.934688103867501, 34.358041397872697 ], [ -77.938624370951601, 34.3596735563263 ], [ -77.940867404004706, 34.362590382929902 ], [ -77.939269762501496, 34.367871110154198 ], [ -77.940214733927505, 34.369916801463098 ], [ -77.949558474123293, 34.371259857069603 ], [ -77.951033172643307, 34.364474058566103 ], [ -77.959855000104497, 34.370322836052601 ], [ -77.961695452948803, 34.373710626726499 ], [ -77.958830343361001, 34.3803738281158 ], [ -77.962196017150106, 34.382861377048897 ], [ -77.970052111197006, 34.377927564152301 ], [ -77.975075616325597, 34.372476208642297 ], [ -77.984157343727603, 34.373132196979903 ], [ -77.987770599386295, 34.371087757626299 ], [ -77.988027586744195, 34.363748649373598 ], [ -77.980466562810705, 34.3610930687286 ], [ -77.978037238411304, 34.356958806739001 ], [ -77.986602476748899, 34.353043027781297 ], [ -77.993380138384097, 34.344105942122702 ], [ -77.994160345663701, 34.338901565781903 ], [ -77.991136069448402, 34.337304542056003 ], [ -78.032133077924001, 34.331903818246701 ], [ -78.033897661207703, 34.330332778999903 ], [ -78.037936680928993, 34.332608927659003 ], [ -78.042545390662198, 34.330495532048602 ], [ -78.047046089366106, 34.330699467302502 ], [ -78.047431785672401, 34.3358474587627 ], [ -78.054132281445007, 34.335749428752699 ], [ -78.0523561198642, 34.339716901823202 ], [ -78.059395295069393, 34.3454339526307 ], [ -78.060212741340806, 34.337662114917798 ], [ -78.065338042377505, 34.339046244096401 ], [ -78.078106932981996, 34.338779532718299 ], [ -78.078623566786703, 34.3402419359657 ], [ -78.075267714433807, 34.343772265419297 ], [ -78.074534320106693, 34.347225376974201 ], [ -78.079595990678499, 34.352135951106803 ], [ -78.079162316250603, 34.354170535584203 ], [ -78.085943140236694, 34.351478225775203 ], [ -78.0931686533294, 34.352783564496498 ], [ -78.094647781087005, 34.356180476573797 ], [ -78.103336525435907, 34.355247230846999 ], [ -78.113715932406095, 34.360837486371402 ], [ -78.113645485239999, 34.3646529924074 ], [ -78.1172077079367, 34.364614367922101 ], [ -78.121872689973898, 34.368521543873896 ], [ -78.132206818423697, 34.367025787801403 ], [ -78.136524268052696, 34.3719397589987 ], [ -78.140611512092406, 34.3691994663779 ], [ -78.140156900209305, 34.365375656791002 ], [ -78.143747495477399, 34.364959903336 ], [ -78.148098365541301, 34.367158817717502 ], [ -78.152808647260898, 34.366144041139101 ], [ -78.155810569067199, 34.3636732880693 ], [ -78.158548797385507, 34.357779383140603 ], [ -78.169809429457999, 34.356807461032801 ], [ -78.174694239114899, 34.351252924445099 ], [ -78.178815878064597, 34.355220186158697 ], [ -78.197750085523097, 34.352542155482197 ], [ -78.207965253916896, 34.356278303563201 ], [ -78.211373336692603, 34.360632170685399 ], [ -78.2105971988032, 34.368801686249803 ], [ -78.224782597545897, 34.373510291632797 ], [ -78.228800009025306, 34.378934631996202 ], [ -78.232679405679207, 34.373978278553203 ], [ -78.235158924960501, 34.374234911725203 ], [ -78.236712472556604, 34.380454823327199 ], [ -78.245602493016193, 34.385093940105499 ], [ -78.245002605211099, 34.389930298318397 ], [ -78.246618152369095, 34.393319436806401 ], [ -78.252633275215203, 34.391215193858997 ], [ -78.256087468779199, 34.399476229796903 ], [ -78.176503230020401, 34.465362432829899 ], [ -78.180021299717097, 34.465793197633602 ], [ -78.1821635027121, 34.469847360949998 ], [ -78.185082745952201, 34.467815267931698 ], [ -78.189758517930798, 34.469266323083403 ], [ -78.189317876950497, 34.471710986466597 ], [ -78.191158863943699, 34.473418824204202 ], [ -78.203513870249395, 34.475995191836397 ], [ -78.206544660467301, 34.480498793020502 ], [ -78.205385728000806, 34.482593703555303 ], [ -78.208658632661596, 34.486507648142201 ], [ -78.207344434454697, 34.487706689539998 ], [ -78.2120791022883, 34.486070092249399 ], [ -78.2128365215911, 34.488766548518697 ], [ -78.217199510055494, 34.487364249166902 ], [ -78.222321631670297, 34.493190020198803 ], [ -78.224096713699595, 34.492879483440298 ], [ -78.2236768524334, 34.490574030290603 ], [ -78.235623106868701, 34.492535966447299 ], [ -78.237220341141494, 34.496267050038703 ], [ -78.241746634441, 34.500193818240199 ], [ -78.245577515432402, 34.499877509631801 ], [ -78.252378752084596, 34.504663555980599 ], [ -78.252092333180897, 34.506221444545503 ], [ -78.255475245810601, 34.508768355646197 ], [ -78.254299047098499, 34.5116365605992 ], [ -78.2525049287255, 34.510035804149702 ], [ -78.251285047720799, 34.510975965772197 ], [ -78.252698437629803, 34.5135037377039 ], [ -78.2557459986038, 34.513538792747298 ], [ -78.256570635264396, 34.5166701706138 ], [ -78.254130921785205, 34.520061934617303 ], [ -78.264341357817898, 34.519848949482601 ], [ -78.263084633811005, 34.524897539585602 ], [ -78.265634919542904, 34.526831733260899 ], [ -78.262958013554197, 34.528791367911502 ], [ -78.270316292624997, 34.5322570683254 ], [ -78.269977536356095, 34.535666522554997 ], [ -78.272538813917805, 34.537984797212602 ], [ -78.262599500339704, 34.543971900969801 ], [ -78.257508840428699, 34.549068134059702 ], [ -78.156522060918107, 34.679076480088597 ], [ -78.113474896292502, 34.707225781397298 ], [ -78.1137505219871, 34.721999409975503 ], [ -78.1020041033415, 34.725611661176799 ], [ -78.093927118176495, 34.7240263794843 ], [ -78.087618627282197, 34.726117993171698 ], [ -78.081234904071394, 34.722599228752301 ], [ -78.066199654365505, 34.727873496242999 ], [ -78.056327291430804, 34.727026647725097 ], [ -78.052003235958196, 34.725127538705301 ], [ -78.040613019252504, 34.727622610454297 ], [ -78.0392299036791, 34.726150340540201 ], [ -78.036715471878196, 34.7274069719493 ], [ -78.036019589337698, 34.725813049954503 ], [ -78.032438136372804, 34.727554222442699 ], [ -78.029698673528202, 34.724762860694497 ], [ -78.028825774442396, 34.726784631020401 ], [ -78.025253606627103, 34.726326882621201 ], [ -78.023521436987906, 34.730451645037 ], [ -78.016075847908098, 34.732562407240998 ], [ -78.014333410997907, 34.731194632956402 ], [ -78.009450011468303, 34.731454793683 ] ] ] } },
{ "type": "Feature", "properties": { "OBJECTID": 72, "County": "Perquimans", "FIPS": "143", "Rec_Survey": "No recent survey data available", "NCGS_url": " ", "ck_date": "2011-11-29T00:00:00Z", "Shape__Area": 9170253706.4052734, "Shape__Length": 443325.94197840482, "GlobalID": "68e4f188-a79c-4877-8c88-cce40398dd68" }, "geometry": { "type": "Polygon", "coordinates": [ [ [ -76.396785165434096, 36.026366956916497 ], [ -76.403884584255493, 36.074058587571699 ], [ -76.412374751003398, 36.075403220877597 ], [ -76.4302624106666, 36.0750549860009 ], [ -76.437282068619197, 36.077033876230999 ], [ -76.445592841434106, 36.075910692379203 ], [ -76.448589864281303, 36.080001574928701 ], [ -76.455056109703804, 36.079964554039002 ], [ -76.462558183919, 36.088629766511602 ], [ -76.473068238896502, 36.089791644120098 ], [ -76.478790800316304, 36.093561374478902 ], [ -76.490850373820294, 36.085027510768199 ], [ -76.499834736131604, 36.085478923930701 ], [ -76.506964283314403, 36.088394492069 ], [ -76.510253797421399, 36.093665848248598 ], [ -76.517534034556903, 36.097408554203099 ], [ -76.528777264494593, 36.095736639082901 ], [ -76.534084574977101, 36.096696959957001 ], [ -76.539065838719196, 36.094579113201902 ], [ -76.547539447441807, 36.0991971830111 ], [ -76.559780431175795, 36.101102915486997 ], [ -76.569952851809404, 36.107050067135901 ], [ -76.572663830167002, 36.110527879702701 ], [ -76.590115750239406, 36.2389050621316 ], [ -76.588168916909595, 36.241889883149703 ], [ -76.587126667075694, 36.248911286546999 ], [ -76.572616420056306, 36.257855358307403 ], [ -76.571538214848104, 36.267058398854402 ], [ -76.567476351931404, 36.278153617528602 ], [ -76.568006976647297, 36.287317880313097 ], [ -76.5655155142084, 36.293529206833398 ], [ -76.568746830971307, 36.309728870868099 ], [ -76.5676563190178, 36.315201961260399 ], [ -76.561777987856502, 36.322319451592399 ], [ -76.563489148287601, 36.326012338667198 ], [ -76.559801486624906, 36.336226554156603 ], [ -76.561279879028405, 36.344889516877203 ], [ -76.556882803278796, 36.355211007747599 ], [ -76.539234543002195, 36.357273683822697 ], [ -76.453703342471997, 36.378101185925203 ], [ -76.447604373434103, 36.363693371588703 ], [ -76.401731710432102, 36.3016258060008 ], [ -76.397971287844399, 36.3004095751009 ], [ -76.394667534869896, 36.296815196460201 ], [ -76.395110581922907, 36.292617239651001 ], [ -76.391792109456702, 36.290736650918802 ], [ -76.391950522610401, 36.287494883734297 ], [ -76.386462093021095, 36.283596627769299 ], [ -76.381220493426099, 36.275857647945102 ], [ -76.377128607756205, 36.275647011396401 ], [ -76.375814171773996, 36.274085445578798 ], [ -76.377941613592398, 36.269267741437297 ], [ -76.374882300262797, 36.258660892076897 ], [ -76.360602110595494, 36.252422701445397 ], [ -76.347451646325794, 36.249796145778198 ], [ -76.343365218333503, 36.246786590839001 ], [ -76.343538057622794, 36.243260783969397 ], [ -76.340614212121196, 36.241432562060297 ], [ -76.337294373201502, 36.240797525546398 ], [ -76.332227725588893, 36.244445045041402 ], [ -76.324796533173995, 36.240449114540901 ], [ -76.317232386145406, 36.240177167271398 ], [ -76.314728538893803, 36.232819697100801 ], [ -76.307183233398604, 36.230326308474098 ], [ -76.307027953946502, 36.2275387579785 ], [ -76.304195291794699, 36.225970260242597 ], [ -76.303652344909807, 36.221736448089104 ], [ -76.290246462057993, 36.223365081665897 ], [ -76.289913647105294, 36.218207791210901 ], [ -76.285036795652104, 36.2157948300435 ], [ -76.288413558417503, 36.2135875561791 ], [ -76.286987103515202, 36.210543575951398 ], [ -76.280429142710304, 36.203627801726697 ], [ -76.279336055857001, 36.198506774597298 ], [ -76.272984276443594, 36.194409750999903 ], [ -76.272219214075093, 36.185994429852101 ], [ -76.260366840640202, 36.179887391594299 ], [ -76.250685832657098, 36.168978129028297 ], [ -76.239853215185704, 36.163360039131298 ], [ -76.236897563726998, 36.157694383489499 ], [ -76.228772163048404, 36.149720768450202 ], [ -76.2242412446098, 36.139758924029998 ], [ -76.2153907819567, 36.131159241648398 ], [ -76.193988196281495, 36.117427364502603 ], [ -76.181692869711398, 36.113496762238498 ], [ -76.177942899720406, 36.110086611183 ], [ -76.1580409861443, 36.059688339449004 ], [ -76.180742886735999, 36.0493712382547 ], [ -76.209843934431007, 36.042074193841898 ], [ -76.231036154548505, 36.0405092617112 ], [ -76.2789005656401, 36.0322995072016 ], [ -76.332504076802394, 36.0199468347056 ], [ -76.355071727472406, 36.019505349252299 ], [ -76.3819128984223, 36.026426900152401 ], [ -76.396785165434096, 36.026366956916497 ] ] ] } },
{ "type": "Feature", "properties": { "OBJECTID": 73, "County": "Person", "FIPS": "145", "Rec_Survey": "Recorded survey data is available. Visit North Carolina Geodetic Survey for information. https://ncgs.state.nc.us", "NCGS_url": "https://ncem-gis.maps.arcgis.com/apps/webappviewer/index.html?id=8f3edbd62c004edd8b4fe3640f224738", "ck_date": "2011-11-29T00:00:00Z", "Shape__Area": 11275173894.2146, "Shape__Length": 425031.96684428962, "GlobalID": "67f91214-2690-4e1d-9f7f-a5e9c698af44" }, "geometry": { "type": "Polygon", "coordinates": [ [ [ -78.796276917937604, 36.541748529666599 ], [ -78.794847985271204, 36.526446273280001 ], [ -78.802337974620002, 36.235801593601998 ], [ -79.153999681433007, 36.241882135656901 ], [ -79.138322879284402, 36.541982231179901 ], [ -78.796276917937604, 36.541748529666599 ] ] ] } },
{ "type": "Feature", "properties": { "OBJECTID": 74, "County": "Pitt", "FIPS": "147", "Rec_Survey": "No recent survey data available", "NCGS_url": " ", "ck_date": "2011-11-29T00:00:00Z", "Shape__Area": 18271650864.246582, "Shape__Length": 750034.49620284047, "GlobalID": "eee77b72-aeda-4a1d-9d10-99a31a9e27d9" }, "geometry": { "type": "Polygon", "coordinates": [ [ [ -77.189121272789706, 35.418370448109499 ], [ -77.201561739409897, 35.398671790807803 ], [ -77.211218823905199, 35.398191804701099 ], [ -77.220058212264604, 35.402048048908497 ], [ -77.221914004352996, 35.400334400491602 ], [ -77.227129459854694, 35.399852966650499 ], [ -77.228511604482307, 35.395264700918602 ], [ -77.227108502414694, 35.3932104062376 ], [ -77.234686488930606, 35.391021888005596 ], [ -77.236481444177997, 35.388882975590001 ], [ -77.237258696834701, 35.383408314890197 ], [ -77.239651260772604, 35.381367918938601 ], [ -77.238125426376897, 35.380085915723498 ], [ -77.238469786469395, 35.3755616079468 ], [ -77.236812230527406, 35.371793806941596 ], [ -77.2393533257911, 35.366437622264897 ], [ -77.237946515997095, 35.361549307186401 ], [ -77.247898309998803, 35.354422453733697 ], [ -77.259424649154596, 35.351598906823703 ], [ -77.266561376650003, 35.353879547516797 ], [ -77.270349213929904, 35.360084718429199 ], [ -77.267902299215393, 35.366002991750896 ], [ -77.269294834535302, 35.369160519042502 ], [ -77.279382649765296, 35.375667350838498 ], [ -77.294342317125995, 35.379144371044497 ], [ -77.352944695129494, 35.3274319317348 ], [ -77.364762840310803, 35.333036024098199 ], [ -77.382575500803696, 35.3343581006637 ], [ -77.391020230967698, 35.339540896804401 ], [ -77.391671246023407, 35.345402521220002 ], [ -77.393144705610197, 35.346861969062402 ], [ -77.401316192167599, 35.348097721924198 ], [ -77.4080761523566, 35.3533535672345 ], [ -77.413257429770894, 35.351709881988498 ], [ -77.418841034689294, 35.352580897951697 ], [ -77.420822666102893, 35.351513826933797 ], [ -77.421254519383595, 35.348888343388303 ], [ -77.425684125643002, 35.349246690705897 ], [ -77.427086580474494, 35.350765507631998 ], [ -77.427142631756197, 35.359902824515501 ], [ -77.431713663278799, 35.367225066944201 ], [ -77.434849224050097, 35.368159028175803 ], [ -77.440409010690104, 35.367030831091199 ], [ -77.448469107378898, 35.372026402502797 ], [ -77.448801802692202, 35.374557667969 ], [ -77.445096866860396, 35.3805009639809 ], [ -77.449841607416701, 35.381079292734803 ], [ -77.455034764766296, 35.385540387215698 ], [ -77.449430404942504, 35.389320013890398 ], [ -77.450417136060594, 35.391605187029697 ], [ -77.448571718003805, 35.392900002702703 ], [ -77.451720388889896, 35.392096015757602 ], [ -77.451594318558406, 35.394268655090301 ], [ -77.455589821990003, 35.392723646929099 ], [ -77.458216319251306, 35.394144907290801 ], [ -77.456114443139199, 35.395569580197801 ], [ -77.462968269810403, 35.398866021935703 ], [ -77.463181281065999, 35.4002912361968 ], [ -77.460788905498603, 35.400654085764003 ], [ -77.463263227403502, 35.401182788316397 ], [ -77.464927435009301, 35.402753604151798 ], [ -77.463654719221196, 35.404368155966502 ], [ -77.470505826758199, 35.409364190106402 ], [ -77.471269255747501, 35.416810152079798 ], [ -77.470035642435704, 35.4208423596125 ], [ -77.473125956612293, 35.426195448029901 ], [ -77.475690503281697, 35.4266327279569 ], [ -77.476904639063903, 35.430629015968897 ], [ -77.474348017634497, 35.439437151843002 ], [ -77.479565377849895, 35.439313849673901 ], [ -77.476685359415896, 35.445331546659403 ], [ -77.480046870720699, 35.446760979821399 ], [ -77.481649164716998, 35.443473623007598 ], [ -77.481943388670203, 35.444950795694901 ], [ -77.484403729890403, 35.445243042694997 ], [ -77.484353535964104, 35.447457667642901 ], [ -77.482201470548503, 35.447278226580501 ], [ -77.482052277594704, 35.450515711614102 ], [ -77.480482794004899, 35.451467750138796 ], [ -77.485408001260495, 35.4527474976368 ], [ -77.486324673237704, 35.455442662832297 ], [ -77.484123943417003, 35.457859210684397 ], [ -77.493462240852097, 35.462326139246002 ], [ -77.490320332544698, 35.468126594468998 ], [ -77.494305595845105, 35.473445729328297 ], [ -77.494118695971096, 35.477430386615197 ], [ -77.498763770817106, 35.479805054700201 ], [ -77.501094167544807, 35.483832175677698 ], [ -77.5007543278318, 35.486377303053899 ], [ -77.502734147459606, 35.4858497581968 ], [ -77.500868335010196, 35.489334764085498 ], [ -77.502478522548003, 35.489605219829102 ], [ -77.502024595441895, 35.491600584479997 ], [ -77.507064992040597, 35.494041331757998 ], [ -77.507150427071906, 35.496152290092603 ], [ -77.511589527965, 35.4970420616797 ], [ -77.511616697751293, 35.498948934294098 ], [ -77.507038589046104, 35.502233695337097 ], [ -77.505898503602793, 35.5048597725837 ], [ -77.511322890009694, 35.508194784141303 ], [ -77.505808403826805, 35.510236936368997 ], [ -77.507119070585105, 35.510888580364998 ], [ -77.503410859427106, 35.517982462471501 ], [ -77.507308921220897, 35.5169773192588 ], [ -77.510399969630498, 35.519789760111699 ], [ -77.512918562756198, 35.518001254475799 ], [ -77.517339054348696, 35.519006777133399 ], [ -77.518445039426993, 35.517266267608498 ], [ -77.522368632641601, 35.517771656734297 ], [ -77.525290404074994, 35.519670139158102 ], [ -77.522382774960803, 35.523821895399401 ], [ -77.523524565240095, 35.525967470269599 ], [ -77.525544801167101, 35.525214878066798 ], [ -77.525168300345399, 35.528344272824597 ], [ -77.530137854060101, 35.527997815295699 ], [ -77.530991367345607, 35.530386766559801 ], [ -77.534566893956793, 35.529554788204003 ], [ -77.541189616386205, 35.533066291662401 ], [ -77.557805486948595, 35.531917536546302 ], [ -77.566366411272995, 35.539881030333198 ], [ -77.570834933036593, 35.548848911742901 ], [ -77.581479306081206, 35.553647367533998 ], [ -77.591376126950706, 35.563204266759897 ], [ -77.601420993871002, 35.566886385166399 ], [ -77.610372375026202, 35.567559246873998 ], [ -77.621499287739994, 35.582138949262202 ], [ -77.628821878252197, 35.585980289525601 ], [ -77.662440169583803, 35.619258621457199 ], [ -77.673631379452502, 35.623244936633 ], [ -77.681624505588701, 35.6307688003876 ], [ -77.682669691824302, 35.633736013736197 ], [ -77.680437104404206, 35.638722987879902 ], [ -77.688282001114601, 35.6489516575582 ], [ -77.694810635383902, 35.651845442379802 ], [ -77.700694878264997, 35.652301932983598 ], [ -77.670270996454207, 35.672203150534301 ], [ -77.562878644262298, 35.735930935058498 ], [ -77.516242990805296, 35.7613531673585 ], [ -77.472288539913393, 35.801102339560899 ], [ -77.452291200383797, 35.799907530925097 ], [ -77.448914837667601, 35.8068343981097 ], [ -77.445339923045097, 35.808912714237898 ], [ -77.425086794461293, 35.805513660795199 ], [ -77.417905415091596, 35.811214453030502 ], [ -77.414050955892705, 35.817723378602601 ], [ -77.413994388140196, 35.823047945390101 ], [ -77.4124975387288, 35.825105477139502 ], [ -77.409616409685199, 35.826410951067999 ], [ -77.397097305323001, 35.825200623648797 ], [ -77.391310140459794, 35.829307542511302 ], [ -77.390158573624802, 35.8330690463916 ], [ -77.255202821692805, 35.7863591387176 ], [ -77.255281851242103, 35.783021462487298 ], [ -77.264822804269897, 35.774384060208 ], [ -77.264576041329903, 35.771482697928299 ], [ -77.259794657768097, 35.765229346577698 ], [ -77.255626955500105, 35.765393075617297 ], [ -77.252078551850602, 35.762243903615001 ], [ -77.245985921108201, 35.760512649062697 ], [ -77.2394846072485, 35.7620853872479 ], [ -77.222790178114906, 35.758715914727802 ], [ -77.215007317094106, 35.759799019450199 ], [ -77.201398995782299, 35.752222325108598 ], [ -77.201150066882093, 35.750786873989099 ], [ -77.203818034647895, 35.748890519203997 ], [ -77.202621631007602, 35.746490401587899 ], [ -77.192148455497005, 35.747045490809803 ], [ -77.192282310750201, 35.744510379841003 ], [ -77.184476375464499, 35.740717419432599 ], [ -77.182334893285997, 35.741925841861899 ], [ -77.174291532710697, 35.734602099130903 ], [ -77.173299698740493, 35.730880634688802 ], [ -77.175106999559205, 35.7296744621841 ], [ -77.173525529415102, 35.727942995532203 ], [ -77.174591405154402, 35.726102217340902 ], [ -77.171152493380703, 35.722600837364197 ], [ -77.170787294663896, 35.716470043990697 ], [ -77.182846714021196, 35.7185417371238 ], [ -77.184952379350804, 35.720484738011102 ], [ -77.187719148429593, 35.7146541772074 ], [ -77.187176751790602, 35.712258324258002 ], [ -77.193808359609903, 35.709636868301999 ], [ -77.194647374140402, 35.703633640132502 ], [ -77.193502456078306, 35.701526912551103 ], [ -77.195773961176798, 35.6997860526808 ], [ -77.192929161135297, 35.694118681223898 ], [ -77.190193587658797, 35.693344899473402 ], [ -77.187848889648805, 35.695358629086002 ], [ -77.1810844941281, 35.693099432427601 ], [ -77.179670086411903, 35.685082435310001 ], [ -77.177239261393495, 35.684210136807103 ], [ -77.175323135207506, 35.687312615611503 ], [ -77.169913483354094, 35.684566068995998 ], [ -77.169428320812401, 35.678556724474099 ], [ -77.1724573569917, 35.677451189573397 ], [ -77.166985128221995, 35.672312320784499 ], [ -77.168190207969303, 35.670227004291803 ], [ -77.172010778032302, 35.668982666938703 ], [ -77.177455715066003, 35.669372698913001 ], [ -77.180692957858895, 35.664953873736103 ], [ -77.174675154251801, 35.658724597415201 ], [ -77.172755134892796, 35.644170135196902 ], [ -77.174156127314703, 35.635599103660198 ], [ -77.167935234350793, 35.631051885072097 ], [ -77.164985471275898, 35.630952585698303 ], [ -77.162541636986305, 35.633210144732899 ], [ -77.161586933879704, 35.6291317376443 ], [ -77.1592569999912, 35.629750504036501 ], [ -77.157265923580198, 35.626596941120297 ], [ -77.152017599986394, 35.626206034227103 ], [ -77.148102114588099, 35.620242207704898 ], [ -77.143555469333805, 35.6205124676179 ], [ -77.142392315564507, 35.617886743802501 ], [ -77.144542555592295, 35.616102980802196 ], [ -77.143647944849107, 35.615105730852399 ], [ -77.145743893043701, 35.608835678615897 ], [ -77.140202400333905, 35.605675284567702 ], [ -77.142371130715802, 35.603757271385 ], [ -77.147088627151803, 35.605232585547 ], [ -77.146359050086403, 35.604221846584402 ], [ -77.148302281213105, 35.604616708547503 ], [ -77.150688456827794, 35.602435947274998 ], [ -77.144058521275994, 35.601626829402001 ], [ -77.144415495045294, 35.599389553597597 ], [ -77.143127083847901, 35.598822006432599 ], [ -77.139004625989301, 35.602180718941298 ], [ -77.134658497009895, 35.596164453100101 ], [ -77.131737224083395, 35.596379097 ], [ -77.130083699452996, 35.594652395782198 ], [ -77.129203859397194, 35.596090222114903 ], [ -77.128501878046606, 35.5938975535366 ], [ -77.126998129831904, 35.5945151683501 ], [ -77.126958004455801, 35.597269913780501 ], [ -77.124646724404798, 35.596869023803002 ], [ -77.121857712969998, 35.592048911501799 ], [ -77.123818588274204, 35.5920023108119 ], [ -77.123302334239696, 35.586534872801003 ], [ -77.123984107050802, 35.585526554051903 ], [ -77.125416089653996, 35.586650798839301 ], [ -77.125509009779506, 35.584665798535703 ], [ -77.1180488880794, 35.583224070776197 ], [ -77.118199340167095, 35.586815364270798 ], [ -77.114070877322504, 35.588448880547197 ], [ -77.117210707460004, 35.581393874160398 ], [ -77.114301272001299, 35.580344364915803 ], [ -77.109899193513499, 35.583129623347197 ], [ -77.106678663912902, 35.5814070380845 ], [ -77.109602164218998, 35.575721358448398 ], [ -77.111885264019506, 35.574829294792004 ], [ -77.110455546978798, 35.569636867902197 ], [ -77.108826695511198, 35.569249279706703 ], [ -77.107323213516196, 35.571256627053003 ], [ -77.101724358258394, 35.5701264551261 ], [ -77.102349277566105, 35.568665286051598 ], [ -77.100519903200095, 35.567670706450798 ], [ -77.101638520650198, 35.566338012409702 ], [ -77.097153121996698, 35.564687137833303 ], [ -77.090693822461503, 35.569338878677797 ], [ -77.086551064804695, 35.562841104260599 ], [ -77.089694335786902, 35.560475606552998 ], [ -77.089235687339993, 35.558584549004301 ], [ -77.087485520548299, 35.558508882258103 ], [ -77.088816727752103, 35.554424381558398 ], [ -77.084643434587306, 35.552668159944901 ], [ -77.113180516874905, 35.5497448308316 ], [ -77.127092760107502, 35.554087516986897 ], [ -77.176212717745003, 35.5191073272319 ], [ -77.178172461959207, 35.5076873005507 ], [ -77.176545485161299, 35.501345839667401 ], [ -77.167069465829599, 35.4969297442628 ], [ -77.173820194750704, 35.484973390743903 ], [ -77.1738429666363, 35.456602900507498 ], [ -77.180801628834004, 35.455110949119998 ], [ -77.182255976573202, 35.448179790369899 ], [ -77.179973791883796, 35.444158716396799 ], [ -77.181370801023803, 35.440697874772198 ], [ -77.191232588391003, 35.435032728727201 ], [ -77.1891909926442, 35.426192756060701 ], [ -77.190530024800196, 35.419207138069602 ], [ -77.189121272789706, 35.418370448109499 ] ] ] } },
{ "type": "Feature", "properties": { "OBJECTID": 75, "County": "Polk", "FIPS": "149", "Rec_Survey": "Recorded survey data is available. Visit North Carolina Geodetic Survey for information. https://ncgs.state.nc.us", "NCGS_url": "https://ncem-gis.maps.arcgis.com/apps/webappviewer/index.html?id=8f3edbd62c004edd8b4fe3640f224738", "ck_date": "2011-11-29T00:00:00Z", "Shape__Area": 6645518384.7859802, "Shape__Length": 380536.83398789552, "GlobalID": "44482ad9-2af4-4df8-9bbe-24be96c62c35" }, "geometry": { "type": "Polygon", "coordinates": [ [ [ -82.353758413372901, 35.1909723218848 ], [ -82.350934803233002, 35.2282962166774 ], [ -82.359260235522399, 35.228331845967197 ], [ -82.359155934566701, 35.244495537025401 ], [ -82.349656623592395, 35.244311894081598 ], [ -82.3460848299068, 35.2861583083318 ], [ -82.341829327232503, 35.288621215185302 ], [ -82.341173393910196, 35.291485011349401 ], [ -82.3377222932655, 35.294376393061299 ], [ -82.3379511137869, 35.296547188679497 ], [ -82.330464898656004, 35.302709842197899 ], [ -82.329507016186994, 35.307639722297701 ], [ -82.326577625872304, 35.309244920203398 ], [ -82.318833580687993, 35.307954214402699 ], [ -82.318149568013098, 35.306667778543101 ], [ -82.314227790882796, 35.312966484986099 ], [ -82.310432490460101, 35.3147142463649 ], [ -82.311284553196998, 35.320100395908497 ], [ -82.307991561530301, 35.322122963475103 ], [ -82.308145856711107, 35.326997779747302 ], [ -82.305697926211295, 35.326706483293698 ], [ -82.305268756132506, 35.332636323808998 ], [ -82.302478515551797, 35.335224964445302 ], [ -82.297810529404202, 35.336378737749897 ], [ -82.297977554940303, 35.339736948767303 ], [ -82.290033436004805, 35.351760678881497 ], [ -82.2900121826397, 35.353843521317302 ], [ -82.2847119351961, 35.357772085290001 ], [ -82.279878874377602, 35.364937852034402 ], [ -82.281253043789405, 35.367829300429001 ], [ -82.275122447033397, 35.3766931190519 ], [ -82.261466615909001, 35.388455821880797 ], [ -82.261309054158801, 35.393204213793901 ], [ -82.249072111890797, 35.400065039274601 ], [ -82.239119048758099, 35.402563719078302 ], [ -82.228479489321799, 35.396010573227002 ], [ -82.220546926563003, 35.394642651990303 ], [ -82.214371458453797, 35.398174937272003 ], [ -82.209021411621293, 35.397675680113998 ], [ -82.204555527155193, 35.403636366088797 ], [ -82.197151557176198, 35.402213679589302 ], [ -82.196469910087401, 35.399018769739897 ], [ -82.194114096268393, 35.397359055658299 ], [ -82.190006399774006, 35.399348694152003 ], [ -82.185153964653495, 35.3966261362689 ], [ -82.180864185174897, 35.402789157703197 ], [ -82.173131430405405, 35.4056973621528 ], [ -82.171369065304802, 35.409514964074702 ], [ -82.1659501068319, 35.407708379888199 ], [ -82.159894146679605, 35.409358210433403 ], [ -82.151733361973896, 35.407652442096897 ], [ -82.140440885390703, 35.398608852495698 ], [ -82.131672256832204, 35.395648774999202 ], [ -82.127767167052596, 35.396304562184397 ], [ -82.122466386216203, 35.3928535960518 ], [ -82.120116215841705, 35.388194321058101 ], [ -82.115205002038294, 35.387394339675502 ], [ -82.107663891102902, 35.381162558388198 ], [ -82.108065662895399, 35.377594030944501 ], [ -82.106251584732107, 35.374814645896898 ], [ -82.105247533580595, 35.3672210611971 ], [ -82.101835358358997, 35.366289950151 ], [ -82.100290361863699, 35.369775455550098 ], [ -82.097222240112998, 35.369873018173799 ], [ -82.088328999881199, 35.358660785728901 ], [ -82.088345110688394, 35.355308004289299 ], [ -82.084789784771502, 35.353310704249999 ], [ -82.079665903508896, 35.352985257513403 ], [ -82.079623165557607, 35.346649188534499 ], [ -82.076223374275997, 35.341162991376301 ], [ -82.070945015081193, 35.338150404560103 ], [ -82.067973029454393, 35.339225545947997 ], [ -82.064445917278505, 35.3344686727552 ], [ -82.058563403435897, 35.337090715333801 ], [ -82.053886283588497, 35.335376373589703 ], [ -82.051515513081398, 35.329062245964899 ], [ -82.0472633541291, 35.327551944869398 ], [ -82.048191437488697, 35.325286334280797 ], [ -82.046329267526602, 35.320804571419998 ], [ -82.043720735213896, 35.320803996816103 ], [ -82.031008262164903, 35.308735338439902 ], [ -82.029520194000199, 35.301509151670103 ], [ -82.022998857575502, 35.298209544178697 ], [ -82.016761089265799, 35.299159116284002 ], [ -82.015193678720806, 35.292412614210001 ], [ -82.010514303565103, 35.2896987024358 ], [ -82.0055840242144, 35.2840648932482 ], [ -82.000663163800894, 35.282554922368099 ], [ -81.999433989038906, 35.276189484894402 ], [ -81.995893634550598, 35.270792872638502 ], [ -81.987845808049997, 35.265823670197001 ], [ -81.984379739873106, 35.265350475623201 ], [ -81.982511486528907, 35.263377587937299 ], [ -81.977626127080399, 35.263356364777401 ], [ -81.9695868362422, 35.258401054231101 ], [ -81.968291463677801, 35.2505800398338 ], [ -81.963866853787493, 35.249393239070997 ], [ -81.965681171854101, 35.231071796511799 ], [ -81.962809368505901, 35.226866732062497 ], [ -81.968132944096894, 35.219024219305403 ], [ -81.970891958958703, 35.2117059253451 ], [ -81.969460930458695, 35.209504676901297 ], [ -81.971055411602904, 35.205818025063103 ], [ -81.969334535976202, 35.187224228251303 ], [ -82.161419214565697, 35.193429042715103 ], [ -82.291084061330906, 35.2000925830664 ], [ -82.294163919733805, 35.195417773251798 ], [ -82.315080604988907, 35.190719660401001 ], [ -82.323106030049203, 35.185180225056499 ], [ -82.329941217627507, 35.186782560261598 ], [ -82.330825025767098, 35.1896072200974 ], [ -82.333682290849097, 35.190845051012403 ], [ -82.339026815378404, 35.1885652474962 ], [ -82.344420298100104, 35.193695488614097 ], [ -82.350397833302594, 35.192903205703701 ], [ -82.351455926670894, 35.1903862523722 ], [ -82.353758413372901, 35.1909723218848 ] ] ] } },
{ "type": "Feature", "properties": { "OBJECTID": 76, "County": "Randolph", "FIPS": "151", "Rec_Survey": "No recent survey data available", "NCGS_url": " ", "ck_date": "2011-11-29T00:00:00Z", "Shape__Area": 22023859784.049805, "Shape__Length": 593047.35786219547, "GlobalID": "3402df3a-b3fb-4acc-8d55-34a0fe23c22a" }, "geometry": { "type": "Polygon", "coordinates": [ [ [ -79.541763710280094, 35.899566045416897 ], [ -79.546352164910303, 35.714898234739998 ], [ -79.553235695575296, 35.599269910251003 ], [ -79.555806385936705, 35.5150457763853 ], [ -80.066828655303098, 35.5058479891076 ], [ -80.059937460812293, 35.678685203666198 ], [ -80.046870972451899, 35.920700326394503 ], [ -79.541763710280094, 35.899566045416897 ] ] ] } },
{ "type": "Feature", "properties": { "OBJECTID": 77, "County": "Richmond", "FIPS": "153", "Rec_Survey": "Recorded survey data is available. Visit North Carolina Geodetic Survey for information. https://ncgs.state.nc.us", "NCGS_url": "https://ncem-gis.maps.arcgis.com/apps/webappviewer/index.html?id=8f3edbd62c004edd8b4fe3640f224738", "ck_date": "2025-01-13T00:00:00Z", "Shape__Area": 13368474653.347229, "Shape__Length": 683174.3907895959, "GlobalID": "90a80b8f-5d10-497a-9d6b-3ef94125354f" }, "geometry": { "type": "Polygon", "coordinates": [ [ [ -80.0753677123475, 35.143087777678303 ], [ -80.041085036575595, 35.139670857752201 ], [ -80.033761509887498, 35.140330170025898 ], [ -80.022755719496402, 35.137198316137997 ], [ -80.002175371567702, 35.149041096253697 ], [ -79.988722067756598, 35.153997032273502 ], [ -79.984657818867603, 35.158178861986102 ], [ -79.9749864948745, 35.156607667797303 ], [ -79.966536096781198, 35.158183162311801 ], [ -79.952467430887097, 35.156499052548497 ], [ -79.949273156748404, 35.1577191649002 ], [ -79.944274039771003, 35.1641758672503 ], [ -79.898576842517997, 35.1617178226589 ], [ -79.851270850721605, 35.183862134615502 ], [ -79.836258454461202, 35.177275873388503 ], [ -79.829997086006102, 35.177053470398 ], [ -79.824445008177094, 35.179097512567701 ], [ -79.818780509076106, 35.177898075881998 ], [ -79.8105915212752, 35.179885769580501 ], [ -79.7923052610995, 35.175966365906902 ], [ -79.768381285772804, 35.177181207701302 ], [ -79.7494660534893, 35.173005772886498 ], [ -79.736906407621703, 35.178134636359403 ], [ -79.713789869699596, 35.173029452521 ], [ -79.703611453343399, 35.175388365545302 ], [ -79.694348328753506, 35.179619174972203 ], [ -79.693696049162099, 35.178235722207397 ], [ -79.683598598125499, 35.1765803501143 ], [ -79.679757600854302, 35.177359214334402 ], [ -79.673452810622905, 35.175400725635903 ], [ -79.670643239590405, 35.172579450355997 ], [ -79.664555049692495, 35.1714980058766 ], [ -79.657661024878294, 35.164698664288501 ], [ -79.642068669835098, 35.1577388713254 ], [ -79.614307979838301, 35.163678607984998 ], [ -79.614410639178701, 35.159659535031999 ], [ -79.610214693861494, 35.155364963562903 ], [ -79.609412347604803, 35.1489778876008 ], [ -79.606254326683, 35.149014933242903 ], [ -79.605057758218905, 35.1475998305065 ], [ -79.605896069619305, 35.146259015727097 ], [ -79.602272572003699, 35.146470003996001 ], [ -79.588133969739104, 35.1381008729673 ], [ -79.584583761583602, 35.133576886776503 ], [ -79.584375671682693, 35.129131576711302 ], [ -79.573308255348707, 35.1225429955824 ], [ -79.575652327651596, 35.111179664185997 ], [ -79.574780851622904, 35.101341224592502 ], [ -79.582481624936804, 35.089936556402201 ], [ -79.582840532222505, 35.084130038966002 ], [ -79.576206963996398, 35.070058340522898 ], [ -79.572366975499804, 35.069162330712203 ], [ -79.568265480249494, 35.0648428790849 ], [ -79.565138672785295, 35.063672131483202 ], [ -79.563965434607795, 35.064955355814902 ], [ -79.551501985825894, 35.066340529935601 ], [ -79.538617913013496, 35.064692196264801 ], [ -79.523595257963294, 35.066189011474698 ], [ -79.507890182870597, 35.061507111627698 ], [ -79.499183848734006, 35.06393752732 ], [ -79.492458769009701, 35.0613492056425 ], [ -79.492375878415302, 35.059988856021597 ], [ -79.488344644698401, 35.061023868881399 ], [ -79.486318335255703, 35.058945500086303 ], [ -79.483104596060301, 35.059521659083899 ], [ -79.477373757867497, 35.057253338938899 ], [ -79.475290249070099, 35.052108091688098 ], [ -79.470696910557393, 35.048428509390902 ], [ -79.467347098070704, 35.047920168396999 ], [ -79.461793756115597, 35.043379348194598 ], [ -79.458761964035304, 35.043648837984399 ], [ -79.4609006286652, 35.040941851532999 ], [ -79.469043027169505, 35.036514212077101 ], [ -79.510508882037399, 35.026158617236803 ], [ -79.521384104206405, 35.019231969472301 ], [ -79.5528194322075, 35.004995479987201 ], [ -79.567938175780498, 34.9943318593266 ], [ -79.573426478902306, 34.9922168717696 ], [ -79.5666710156178, 34.979422469099902 ], [ -79.577995920579994, 34.972392608252399 ], [ -79.577582244187099, 34.9687780897194 ], [ -79.581902982068897, 34.963884013351802 ], [ -79.581610418491806, 34.957420159912097 ], [ -79.585621014301097, 34.954752213979297 ], [ -79.583243685054896, 34.948007145518098 ], [ -79.5847895099825, 34.945392341650297 ], [ -79.581732565900197, 34.935448790742299 ], [ -79.578607455617302, 34.930902539546402 ], [ -79.568261924894202, 34.927379286924698 ], [ -79.5639900562837, 34.917953046172698 ], [ -79.566010330596001, 34.911142788953597 ], [ -79.561860084748403, 34.910358193314202 ], [ -79.616004265905502, 34.8659355677148 ], [ -79.626769872854496, 34.851917586595697 ], [ -79.619932481556901, 34.8489101282007 ], [ -79.6197213134311, 34.846468702391697 ], [ -79.622811531096602, 34.843745389114801 ], [ -79.617369568376503, 34.8392885926906 ], [ -79.620135695622295, 34.835248643830802 ], [ -79.618594517807196, 34.833337865849998 ], [ -79.619224683782704, 34.830974543186699 ], [ -79.621996016877503, 34.829394665795597 ], [ -79.622932358249699, 34.826823700382299 ], [ -79.621448065139106, 34.8248773556099 ], [ -79.622768132115496, 34.820244467822697 ], [ -79.620803716036306, 34.8179886661136 ], [ -79.617127900872603, 34.818607880200901 ], [ -79.614058060858298, 34.815392386301603 ], [ -79.625556532161596, 34.817837528980903 ], [ -79.634506715295501, 34.825474343595097 ], [ -79.654839490680004, 34.814656672802599 ], [ -79.678424390100801, 34.813964038923402 ], [ -79.688388069643494, 34.811341972740998 ], [ -79.692971656490101, 34.8051629696783 ], [ -79.927414462649807, 34.806740912492003 ], [ -79.923092022916293, 34.808762596007099 ], [ -79.913905465178999, 34.818458834725398 ], [ -79.9087118602923, 34.8416260197925 ], [ -79.900465313085903, 34.857785537904199 ], [ -79.883138861322905, 34.864457466887103 ], [ -79.870616533257603, 34.875003939995899 ], [ -79.863021949546095, 34.882485455143801 ], [ -79.848691379643199, 34.902614490498202 ], [ -79.849387200763701, 34.910649280201497 ], [ -79.855651310356905, 34.9250800088722 ], [ -79.860111768053002, 34.933196094512702 ], [ -79.866996821930897, 34.939816443042098 ], [ -79.872305854215398, 34.950377534380003 ], [ -79.872344360705597, 34.9550099862983 ], [ -79.863815978011601, 34.974215220520499 ], [ -79.864796471140096, 34.979994586674501 ], [ -79.880499341847298, 34.9888399142446 ], [ -79.900629628159905, 35.005743983008898 ], [ -79.900020061780097, 35.009047329417903 ], [ -79.894648503846199, 35.016441990372897 ], [ -79.892430236515295, 35.024876642942601 ], [ -79.876746832707596, 35.035951553508802 ], [ -79.876192084607396, 35.043454440512001 ], [ -79.883598540252905, 35.051728484206599 ], [ -79.903135522302605, 35.062075027463301 ], [ -79.908985757342904, 35.066970256179999 ], [ -79.9123444538493, 35.075345082692799 ], [ -79.912521408666194, 35.096073738221698 ], [ -79.921903076603002, 35.106691917685602 ], [ -79.923172537319402, 35.114253160055902 ], [ -79.926539810788597, 35.117291795461298 ], [ -79.942842448437204, 35.119184531835103 ], [ -79.958478383294903, 35.113725722857303 ], [ -79.978774718985093, 35.100791385119301 ], [ -79.986070941272899, 35.089123145084699 ], [ -79.993380411805106, 35.085466982310599 ], [ -79.999507894729405, 35.0855696236531 ], [ -80.024358421527197, 35.090381665328998 ], [ -80.042208781545895, 35.1029735011019 ], [ -80.067721650286202, 35.111718725268503 ], [ -80.069688799939797, 35.115009150158798 ], [ -80.069027849509098, 35.122297625278797 ], [ -80.074855746525799, 35.134386629507702 ], [ -80.0753677123475, 35.143087777678303 ] ] ] } },
{ "type": "Feature", "properties": { "OBJECTID": 78, "County": "Robeson", "FIPS": "155", "Rec_Survey": "Recorded survey data is available. Visit North Carolina Geodetic Survey for information. https://ncgs.state.nc.us", "NCGS_url": "https://ncem-gis.maps.arcgis.com/apps/webappviewer/index.html?id=8f3edbd62c004edd8b4fe3640f224738", "ck_date": "2025-01-13T00:00:00Z", "Shape__Area": 26460080778.549469, "Shape__Length": 827047.42368928471, "GlobalID": "3ed24ed8-85b9-45ce-bff8-06a849a7c2f0" }, "geometry": { "type": "Polygon", "coordinates": [ [ [ -79.191396003588395, 34.833721928017098 ], [ -79.038751321590496, 34.952720804134103 ], [ -78.954876543089, 34.913270042760402 ], [ -78.953106165541897, 34.909304454088797 ], [ -78.940691062930298, 34.903209543453201 ], [ -78.938667371233194, 34.897720893115299 ], [ -78.929957194208299, 34.8904939309638 ], [ -78.925710473508602, 34.884756751405298 ], [ -78.921595281430896, 34.870669671421098 ], [ -78.927081766999194, 34.865332615719602 ], [ -78.924007977608795, 34.858607593442102 ], [ -78.904222608159301, 34.834868541984299 ], [ -78.902000563751699, 34.835274410229601 ], [ -78.900323373510602, 34.832455185576002 ], [ -78.899796861593998, 34.824791194169698 ], [ -78.892692132421104, 34.814031094307602 ], [ -78.887140206734799, 34.810858669895502 ], [ -78.883341350231106, 34.812127407061503 ], [ -78.886701640503802, 34.8095707426586 ], [ -78.883915684729701, 34.804613950507402 ], [ -78.884769189154298, 34.802304583555198 ], [ -78.877590865949301, 34.792086981702603 ], [ -78.877127687574003, 34.788020583595497 ], [ -78.869999117805506, 34.7786988953915 ], [ -78.870784690826696, 34.776885975299102 ], [ -78.868662900766793, 34.775083613245698 ], [ -78.869167225090095, 34.7733364681864 ], [ -78.866104942796895, 34.773105964724799 ], [ -78.863810474915297, 34.7709387002743 ], [ -78.865299116322802, 34.767781458717103 ], [ -78.861985039821903, 34.759817699143603 ], [ -78.862200426627098, 34.756661827848198 ], [ -78.858354777669504, 34.753518858362597 ], [ -78.856066996793899, 34.747778502404501 ], [ -78.854250780097601, 34.735497036863002 ], [ -78.848793073303099, 34.732625265353001 ], [ -78.844890032589205, 34.727081069924502 ], [ -78.840821594551002, 34.727299168538998 ], [ -78.844458976553298, 34.724131057014802 ], [ -78.837815596567907, 34.717866168457498 ], [ -78.832377798409496, 34.719749206374601 ], [ -78.832674072583899, 34.715623554199297 ], [ -78.821633875464599, 34.7096038344812 ], [ -78.811941138965395, 34.694415110270498 ], [ -78.805837080616897, 34.689566926450198 ], [ -78.807206099057794, 34.681396307026901 ], [ -78.806132878093393, 34.676082182726198 ], [ -78.810320206513893, 34.6730417021476 ], [ -78.809433906055801, 34.668283353127897 ], [ -78.813728282794699, 34.667854812965203 ], [ -78.819381648048406, 34.662085968032997 ], [ -78.818420476747804, 34.6550390661154 ], [ -78.815386315525203, 34.654709559942702 ], [ -78.813606070558393, 34.651747739067901 ], [ -78.818100934776595, 34.650848681371997 ], [ -78.819807288586603, 34.645580192791002 ], [ -78.821775343270801, 34.645701553053001 ], [ -78.821770120312806, 34.643971269960403 ], [ -78.819097689237196, 34.643651837333998 ], [ -78.818504110714699, 34.641713855545902 ], [ -78.822787920360099, 34.643010232696703 ], [ -78.825142861635896, 34.640659662950299 ], [ -78.826480235503794, 34.6383567567268 ], [ -78.825470029642901, 34.6370479172949 ], [ -78.827612252626096, 34.637088643417499 ], [ -78.827215089080696, 34.634825011841798 ], [ -78.829846417875899, 34.632230470794703 ], [ -78.8283886700995, 34.629704848849002 ], [ -78.8305903368299, 34.6279092744591 ], [ -78.829850034029405, 34.625827064533397 ], [ -78.832007149760699, 34.625761401612898 ], [ -78.834436466131294, 34.621589813019199 ], [ -78.833100437571105, 34.618068348246297 ], [ -78.834749175687904, 34.615009335276198 ], [ -78.831519046544003, 34.611405550616098 ], [ -78.831665558754295, 34.608186738379601 ], [ -78.833998880197598, 34.601601107330502 ], [ -78.837181988720701, 34.598443334717402 ], [ -78.841248620642403, 34.597229584842601 ], [ -78.835255252449301, 34.597498499481702 ], [ -78.836047921585703, 34.593423268155199 ], [ -78.838981862775697, 34.589708412040402 ], [ -78.843308106467902, 34.587836843101201 ], [ -78.843619280017805, 34.578482488442198 ], [ -78.847957162767997, 34.575692204044699 ], [ -78.854188904220194, 34.5749615974457 ], [ -78.856950889562597, 34.5688665732036 ], [ -78.857043489830204, 34.563115294509302 ], [ -78.861352442940301, 34.563723470819603 ], [ -78.862661291214806, 34.562233773936597 ], [ -78.862694279070197, 34.559982015608803 ], [ -78.858037307271601, 34.556944725784398 ], [ -78.860805701317005, 34.552550170055099 ], [ -78.857556581507595, 34.547047270903398 ], [ -78.858273827463194, 34.545593040658702 ], [ -78.859949449613296, 34.547736964409602 ], [ -78.860091995142199, 34.544937775595997 ], [ -78.861220930876797, 34.544860587899102 ], [ -78.860057697136099, 34.537374244694398 ], [ -78.855721459125505, 34.533991301246999 ], [ -78.855520953294601, 34.530569268911599 ], [ -78.8529909899503, 34.527768433155202 ], [ -78.8565955772672, 34.524735146993002 ], [ -78.853905699341595, 34.5187791637833 ], [ -78.857257519059203, 34.515386688004703 ], [ -78.8503395608722, 34.513778158748302 ], [ -78.849635818521804, 34.512459541648198 ], [ -78.851136289548094, 34.5120473314973 ], [ -78.844723622525507, 34.508976826951503 ], [ -78.846341172434606, 34.499819715439003 ], [ -78.849427852740106, 34.499964821851002 ], [ -78.849372888111404, 34.502617825389102 ], [ -78.857698635030999, 34.501221167715997 ], [ -78.863549279341896, 34.497958446839696 ], [ -78.869360950559795, 34.487149774678102 ], [ -78.869837566535793, 34.482196282090001 ], [ -78.881592110964903, 34.475269548371699 ], [ -78.881824309749504, 34.472780859606402 ], [ -78.887741252480396, 34.470666101112201 ], [ -78.888882541720506, 34.468726714097301 ], [ -78.891861188246494, 34.467429755052997 ], [ -78.894521354422693, 34.468385314150296 ], [ -78.893140825242796, 34.465358823866502 ], [ -78.895534682255104, 34.462288139835003 ], [ -78.901128838963103, 34.459913657619197 ], [ -78.906194796978596, 34.4623516283214 ], [ -78.907282074419697, 34.460097637694297 ], [ -78.903735448554499, 34.457836666896199 ], [ -78.906856657985998, 34.455848370915803 ], [ -78.914058912179897, 34.459166723959797 ], [ -78.9199024628101, 34.459304468666801 ], [ -78.920889294296103, 34.458339453419697 ], [ -78.917076297934102, 34.453285708408004 ], [ -78.918619221156604, 34.4518159776121 ], [ -78.921646406651107, 34.453868170417103 ], [ -78.925214277830094, 34.4528304949255 ], [ -78.929370771553494, 34.455031752691198 ], [ -78.932938670596798, 34.4539047102597 ], [ -78.936827141440304, 34.455347882184803 ], [ -78.935053894490906, 34.453712736678902 ], [ -78.936758214890702, 34.451737736291598 ], [ -78.941127704658598, 34.453607655540701 ], [ -78.945732526156405, 34.449075612890397 ], [ -78.948323775431803, 34.449975125426299 ], [ -78.951810073263999, 34.448763288099101 ], [ -78.954280806228994, 34.445513416059001 ], [ -78.953958015331096, 34.443420168225998 ], [ -78.955376109828293, 34.444522826651998 ], [ -78.9562706422914, 34.442930152222999 ], [ -78.959834138065006, 34.442903603078101 ], [ -78.960785383494994, 34.439291872601203 ], [ -78.966070541907001, 34.435449882391197 ], [ -78.966720054157904, 34.431356419444 ], [ -78.971189129958105, 34.427476922743303 ], [ -78.968185673154807, 34.425095939564599 ], [ -78.969995220558701, 34.424346207536601 ], [ -78.969281166290301, 34.422447395488497 ], [ -78.967404973604403, 34.422354298600901 ], [ -78.971862594143204, 34.417817191107098 ], [ -78.968066044574201, 34.416871580347703 ], [ -78.970233090919706, 34.415260594371198 ], [ -78.969697922386402, 34.412991368811497 ], [ -78.967877739322105, 34.412990907152498 ], [ -78.9710388388486, 34.410472523786602 ], [ -78.967286793435505, 34.410786476993898 ], [ -78.969633568360805, 34.405961763102397 ], [ -78.967947623173501, 34.405729796143 ], [ -78.967178610853395, 34.402228693164702 ], [ -78.969892163322001, 34.4012198683779 ], [ -78.968084904056198, 34.397440659420901 ], [ -78.970351635993197, 34.3966076735407 ], [ -78.969905600290005, 34.395162754163302 ], [ -78.975744320341903, 34.395923493665201 ], [ -78.973512687716806, 34.392135026258202 ], [ -78.977253115837996, 34.390357533610199 ], [ -78.979697829929904, 34.390867344302897 ], [ -78.978525151892299, 34.392654646126601 ], [ -78.982890352171395, 34.392294123982097 ], [ -78.983537529973702, 34.3938501686523 ], [ -78.994925056331397, 34.392582286799602 ], [ -78.995159658618206, 34.3902668789231 ], [ -78.998519901578405, 34.391202381997999 ], [ -79.002125701498301, 34.384256138188 ], [ -79.006367573765203, 34.383616939613702 ], [ -79.006914387917405, 34.381468210209498 ], [ -79.008477222323805, 34.382357228409802 ], [ -79.011613741307997, 34.380893626379297 ], [ -79.009559749311094, 34.379986170229699 ], [ -79.010095189770297, 34.376837173530099 ], [ -79.007472145948697, 34.376929982026901 ], [ -79.007229928377697, 34.372359921434601 ], [ -79.005669129304295, 34.372845687550601 ], [ -79.005112928226794, 34.369963964381498 ], [ -79.002840020483703, 34.368968369417601 ], [ -79.002830152753305, 34.364556706936398 ], [ -79.001659651800196, 34.365633333406301 ], [ -79.0008110209954, 34.364459593592201 ], [ -79.004059119193798, 34.362792003972103 ], [ -79.003824966787406, 34.361237812361502 ], [ -79.008067901233701, 34.361456166625103 ], [ -79.005570787875797, 34.359440702721599 ], [ -79.010729941897097, 34.355198689601004 ], [ -79.009539787805195, 34.352592268834698 ], [ -79.016776206467597, 34.351806299334697 ], [ -79.017175713399297, 34.350025394902303 ], [ -79.018522024944502, 34.352162215627601 ], [ -79.021857349707602, 34.3516921707823 ], [ -79.022004031788896, 34.353222056602199 ], [ -79.027250974659495, 34.352905290640301 ], [ -79.024968446997207, 34.351675379640398 ], [ -79.025064940674497, 34.348162220903099 ], [ -79.026820567483796, 34.348866090441703 ], [ -79.030428208876501, 34.346833453221997 ], [ -79.028740630151404, 34.345498225751903 ], [ -79.028720199795004, 34.3427541030143 ], [ -79.032250282175397, 34.342745116564302 ], [ -79.030445286515501, 34.340130978634399 ], [ -79.034462132988295, 34.338430005015397 ], [ -79.0335742743776, 34.337167471840502 ], [ -79.035651041434093, 34.336729762848698 ], [ -79.035006282726499, 34.333880594519499 ], [ -79.037151248482402, 34.333515689359999 ], [ -79.034760858996293, 34.329889951628502 ], [ -79.036466670947306, 34.328829032354598 ], [ -79.034915744516397, 34.327194350084902 ], [ -79.036923691129303, 34.326060488220399 ], [ -79.033832548256996, 34.324790511393601 ], [ -79.0353803943689, 34.319301826553001 ], [ -79.0365511411661, 34.321317073733297 ], [ -79.040331905748701, 34.317446583327502 ], [ -79.037221656301696, 34.316460021925302 ], [ -79.038604364571, 34.313043601705303 ], [ -79.045563237513306, 34.310734173787502 ], [ -79.049463062153706, 34.311898279386398 ], [ -79.050400464507803, 34.314536782779697 ], [ -79.052886336584393, 34.314640952142 ], [ -79.0575628897722, 34.310858564203002 ], [ -79.054783502619699, 34.308965682017401 ], [ -79.058390063210297, 34.308883042048699 ], [ -79.060903341912905, 34.306720479147202 ], [ -79.0616258130745, 34.308282404400302 ], [ -79.065261976187102, 34.308693346590601 ], [ -79.0683602807988, 34.306983629033901 ], [ -79.069635540520807, 34.305023972573998 ], [ -79.067178126130699, 34.303633054415599 ], [ -79.070355519511295, 34.303477457943302 ], [ -79.068881821620295, 34.301187489850399 ], [ -79.0712142241359, 34.299348751763297 ], [ -79.215881212008597, 34.420819100321197 ], [ -79.375553251771393, 34.560360672067098 ], [ -79.461509581297193, 34.630386921104197 ], [ -79.330874202423999, 34.773949679443298 ], [ -79.331793253143303, 34.776474907038597 ], [ -79.333134029280998, 34.776440665213798 ], [ -79.331926200197998, 34.777106071382299 ], [ -79.334381474844093, 34.777383703881398 ], [ -79.337180516668397, 34.785531233592202 ], [ -79.338840993222902, 34.785582816636698 ], [ -79.338303107002901, 34.787774617307903 ], [ -79.339616318005994, 34.787150631381301 ], [ -79.339566086691903, 34.789120905330499 ], [ -79.342414397156105, 34.790203966056303 ], [ -79.341912536986598, 34.792149819775503 ], [ -79.344178897681005, 34.792287991004898 ], [ -79.342965985215997, 34.794099285445803 ], [ -79.345449591426302, 34.7958887709527 ], [ -79.346471189657905, 34.800399803094102 ], [ -79.348137755324402, 34.800894762261798 ], [ -79.346807255523004, 34.802529667709997 ], [ -79.3501926354717, 34.805240459585697 ], [ -79.349150366830202, 34.808732208852199 ], [ -79.3517663585951, 34.810837761691801 ], [ -79.351404397026997, 34.812693254179699 ], [ -79.353523724144296, 34.8124636891676 ], [ -79.353079830452401, 34.814277647026003 ], [ -79.355514269169902, 34.815311801504699 ], [ -79.354871906869107, 34.816703716122603 ], [ -79.357420880696907, 34.818974860716203 ], [ -79.357665970380907, 34.820700013089599 ], [ -79.353000775792907, 34.823945373975803 ], [ -79.353660912565502, 34.8261996177187 ], [ -79.352202983741606, 34.8258953554177 ], [ -79.351634341588905, 34.827706456051303 ], [ -79.3536193780958, 34.828756422349798 ], [ -79.351207024976404, 34.832051331131602 ], [ -79.351933144979597, 34.8337959822721 ], [ -79.349034943824805, 34.838758677278101 ], [ -79.191396003588395, 34.833721928017098 ] ] ] } },
{ "type": "Feature", "properties": { "OBJECTID": 79, "County": "Rockingham", "FIPS": "157", "Rec_Survey": "No recent survey data available", "NCGS_url": " ", "ck_date": "2011-11-29T00:00:00Z", "Shape__Area": 15821325494.081421, "Shape__Length": 510706.82904019969, "GlobalID": "456214ad-f8a5-4ac8-a717-0947d4b9f75e" }, "geometry": { "type": "Polygon", "coordinates": [ [ [ -79.5136415416342, 36.540908814248198 ], [ -79.532057589701594, 36.246091135482096 ], [ -80.035122231594102, 36.257191316257497 ], [ -80.027342069602, 36.5424869353049 ], [ -79.5136415416342, 36.540908814248198 ] ] ] } },
{ "type": "Feature", "properties": { "OBJECTID": 80, "County": "Rowan", "FIPS": "159", "Rec_Survey": "Recorded survey data is available. Visit North Carolina Geodetic Survey for information. https://ncgs.state.nc.us", "NCGS_url": "https://ncem-gis.maps.arcgis.com/apps/webappviewer/index.html?id=8f3edbd62c004edd8b4fe3640f224738", "ck_date": "2025-01-13T00:00:00Z", "Shape__Area": 14603202641.106201, "Shape__Length": 570306.77604373835, "GlobalID": "b9e02e35-3e75-4040-8acc-c99646ed5aa3" }, "geometry": { "type": "Polygon", "coordinates": [ [ [ -80.182565505979497, 35.504156394772401 ], [ -80.422326609802894, 35.501962750268397 ], [ -80.562083510144305, 35.503141567302102 ], [ -80.675486873288804, 35.506516706459699 ], [ -80.680796847117094, 35.505360264865601 ], [ -80.737250773671903, 35.505810261546102 ], [ -80.736911864961101, 35.5254353946682 ], [ -80.740920895170007, 35.537012299598501 ], [ -80.739798987016897, 35.5441453785891 ], [ -80.771583662297004, 35.672167704953303 ], [ -80.707827377465307, 35.852933857572602 ], [ -80.700041151784603, 35.850501917988304 ], [ -80.696521547719996, 35.854577759480698 ], [ -80.693246701864993, 35.853694834378402 ], [ -80.691812945372703, 35.863515693264098 ], [ -80.687370141795796, 35.859774787108002 ], [ -80.676861402148702, 35.855945194292801 ], [ -80.6744050652933, 35.857778488777399 ], [ -80.672107173565195, 35.855822732199798 ], [ -80.668813174860404, 35.856326880536997 ], [ -80.669513221644195, 35.852394842635498 ], [ -80.672931395687598, 35.849854706850699 ], [ -80.671300387331399, 35.846538817423699 ], [ -80.660091044993905, 35.844793381812899 ], [ -80.650047453498303, 35.846494590195597 ], [ -80.642317071378301, 35.844199632136799 ], [ -80.631498556130197, 35.845748048630803 ], [ -80.631056705680507, 35.838608024254597 ], [ -80.622538734773102, 35.839112941823601 ], [ -80.611071738719005, 35.831399328904901 ], [ -80.610113966111101, 35.828793546201901 ], [ -80.612618260673898, 35.825646468020601 ], [ -80.609583043972904, 35.823188124984597 ], [ -80.604170998595706, 35.823681997529299 ], [ -80.6035350762684, 35.8263140311659 ], [ -80.601579458097603, 35.823408349363902 ], [ -80.599521656261999, 35.827300447626399 ], [ -80.594222953644305, 35.827390758566203 ], [ -80.594503566911101, 35.823767174670401 ], [ -80.591332007991397, 35.817439883897599 ], [ -80.587520645484503, 35.819247404553003 ], [ -80.590216653934505, 35.821262145982701 ], [ -80.586708112117904, 35.823180436163803 ], [ -80.570385856571093, 35.816303370918298 ], [ -80.568279267017601, 35.812303751612497 ], [ -80.562178896636198, 35.809941045588999 ], [ -80.554779790230498, 35.8004278326299 ], [ -80.546804998528103, 35.7983595086856 ], [ -80.543286773620196, 35.792562197356801 ], [ -80.537651516401098, 35.790145426048198 ], [ -80.533644566453304, 35.791249586212103 ], [ -80.534243424423394, 35.787064014767097 ], [ -80.532887898262899, 35.7852554759436 ], [ -80.528073646260793, 35.783412133871202 ], [ -80.520738118018301, 35.784421989139197 ], [ -80.514983193513899, 35.7782814337912 ], [ -80.508136610605106, 35.774616107461497 ], [ -80.501923523597995, 35.782986375020201 ], [ -80.496576945570396, 35.782754875177602 ], [ -80.491893161800803, 35.778738634291898 ], [ -80.489629778364403, 35.769607018828403 ], [ -80.487221190675001, 35.766292981584201 ], [ -80.487264919929103, 35.771106841562897 ], [ -80.484891829250003, 35.775647651230003 ], [ -80.478541402795003, 35.774890343190002 ], [ -80.471420942494802, 35.767841080816297 ], [ -80.468762046257098, 35.757388988812103 ], [ -80.461874171019502, 35.750691041762302 ], [ -80.456762364096505, 35.738285355883498 ], [ -80.452932077086899, 35.734451535740902 ], [ -80.442718093159399, 35.734978550409302 ], [ -80.421301811336207, 35.725065155994898 ], [ -80.411288292417893, 35.722302396679801 ], [ -80.395008871124105, 35.725044926645303 ], [ -80.389171709383504, 35.719420734680099 ], [ -80.382318534310301, 35.719728566127202 ], [ -80.372090332359406, 35.716397306743303 ], [ -80.341011413618006, 35.721285656508996 ], [ -80.333792717666, 35.720040253306401 ], [ -80.325890581280305, 35.711948452261403 ], [ -80.324214679416997, 35.707722167782201 ], [ -80.324844760783805, 35.703714085928702 ], [ -80.332219725556897, 35.697442471714801 ], [ -80.3344250025321, 35.693579278025297 ], [ -80.334028176404701, 35.686581448389497 ], [ -80.330605072303101, 35.678805683246502 ], [ -80.325670232641798, 35.674723137460298 ], [ -80.315060887008102, 35.671891430088998 ], [ -80.308324720551994, 35.666908438267697 ], [ -80.304940207288297, 35.654129941186298 ], [ -80.295327127462599, 35.645067645753798 ], [ -80.288656700897604, 35.6356760480068 ], [ -80.263863923577702, 35.629150377904899 ], [ -80.256278352365797, 35.622307882284197 ], [ -80.243450142700794, 35.614437230181203 ], [ -80.237029605254307, 35.607851969939098 ], [ -80.233783356755396, 35.598909103507999 ], [ -80.231092809867306, 35.596016533068301 ], [ -80.208566273943902, 35.580616008517303 ], [ -80.207160700532597, 35.570626724171703 ], [ -80.210330913980599, 35.557023131580998 ], [ -80.209797097599093, 35.552270117684401 ], [ -80.198818485582393, 35.545457776639303 ], [ -80.1953201101405, 35.5368947988717 ], [ -80.197013378486403, 35.529551337405998 ], [ -80.190947573324607, 35.526150368362401 ], [ -80.184042509348203, 35.517295989135697 ], [ -80.184702181159594, 35.508151330078498 ], [ -80.182565505979497, 35.504156394772401 ] ] ] } },
{ "type": "Feature", "properties": { "OBJECTID": 81, "County": "Rutherford", "FIPS": "161", "Rec_Survey": "No recent survey data available", "NCGS_url": " ", "ck_date": "2011-11-29T00:00:00Z", "Shape__Area": 15810287981.496338, "Shape__Length": 647841.10555114027, "GlobalID": "2993ba79-e135-4d1e-97b3-04076f924e61" }, "geometry": { "type": "Polygon", "coordinates": [ [ [ -82.261309054158801, 35.393204213793901 ], [ -82.263763868279298, 35.396651163315802 ], [ -82.270205405421606, 35.400467794630202 ], [ -82.268517385395199, 35.406221143010001 ], [ -82.272610472444498, 35.409674299041399 ], [ -82.272716263726494, 35.418846778729197 ], [ -82.275806730643197, 35.423288771266797 ], [ -82.273426413482696, 35.4307132562801 ], [ -82.276150348914797, 35.437149898734098 ], [ -82.278909629288094, 35.438321060700197 ], [ -82.280532727213995, 35.443399543375797 ], [ -82.265798498648195, 35.467825089978902 ], [ -82.251440526575195, 35.460691524271297 ], [ -82.242503726672396, 35.467844846904903 ], [ -82.224339789941595, 35.498276250895202 ], [ -82.224106654937898, 35.500367399549397 ], [ -82.227195580103697, 35.504706776854803 ], [ -82.233338651392302, 35.5096362474888 ], [ -82.233889127854397, 35.518536838962902 ], [ -82.2326061234576, 35.519676810817302 ], [ -82.220518929915698, 35.520032662201899 ], [ -82.169052409955199, 35.527817992826897 ], [ -82.150512824726107, 35.5179933050633 ], [ -82.095721721029406, 35.531683958158801 ], [ -82.082624716631599, 35.533407389650101 ], [ -82.039841309008196, 35.532710766512402 ], [ -82.022135778318102, 35.537328264613102 ], [ -82.012998447033397, 35.547713112627903 ], [ -82.002801189026002, 35.551864038866697 ], [ -81.994460759723793, 35.544047446444303 ], [ -81.986255322179105, 35.540715730027102 ], [ -81.986213122848596, 35.538083267058603 ], [ -81.978006137395298, 35.530643973249099 ], [ -81.967623175065199, 35.526014001370903 ], [ -81.957329622540797, 35.527780545935201 ], [ -81.933125641687397, 35.536081765340199 ], [ -81.924054825479303, 35.534027949335602 ], [ -81.921191221384902, 35.535185434995803 ], [ -81.920902508786298, 35.533668357559499 ], [ -81.904958164661707, 35.541924613280798 ], [ -81.842471316010503, 35.542269849263803 ], [ -81.843919508615798, 35.5463442883905 ], [ -81.841117097838307, 35.550413484021199 ], [ -81.840976375622901, 35.554156358370399 ], [ -81.833170081643701, 35.559351910622297 ], [ -81.833823284217303, 35.562863858801698 ], [ -81.829499001319405, 35.567690572735899 ], [ -81.829453688696503, 35.571856553883997 ], [ -81.828190205645797, 35.574109343967201 ], [ -81.824125759519404, 35.574990359182998 ], [ -81.822271765812303, 35.580441318579702 ], [ -81.818495912350002, 35.577986946952997 ], [ -81.810123644058095, 35.581325492977697 ], [ -81.802841539831405, 35.578172283445902 ], [ -81.798786217708695, 35.579974686682199 ], [ -81.796036185849701, 35.584562013670002 ], [ -81.796590552102103, 35.588859240093797 ], [ -81.794076682568004, 35.593240952303297 ], [ -81.787421008265497, 35.5942421062392 ], [ -81.783017387792995, 35.591967866414798 ], [ -81.772186146208696, 35.592630189085298 ], [ -81.768017776467701, 35.5972305241703 ], [ -81.771910769371104, 35.602118340915197 ], [ -81.768340117248101, 35.602953760567999 ], [ -81.766124874591796, 35.607000522265302 ], [ -81.7573645793194, 35.609423967670097 ], [ -81.753410685982502, 35.613594733653699 ], [ -81.750417181025298, 35.611770648864201 ], [ -81.746826596384295, 35.605696255097598 ], [ -81.739010586437203, 35.604194447996001 ], [ -81.737147431867399, 35.601915817989401 ], [ -81.731791748436194, 35.601998909069302 ], [ -81.721705258109495, 35.606315124984 ], [ -81.717290740171606, 35.604586038077201 ], [ -81.715839983340601, 35.602955328141199 ], [ -81.716711105686599, 35.600933407497699 ], [ -81.715209382638605, 35.601150020698803 ], [ -81.717511026400899, 35.598838208311498 ], [ -81.715980716584994, 35.598027133821297 ], [ -81.716329707254104, 35.595018788789098 ], [ -81.712048318749694, 35.591951672937903 ], [ -81.712141894883104, 35.589273408574002 ], [ -81.709209289318594, 35.589900268894297 ], [ -81.705656956454206, 35.5812210265536 ], [ -81.703343718472297, 35.581534529631597 ], [ -81.702591128996005, 35.583338513131302 ], [ -81.697506801905305, 35.578810305965298 ], [ -81.691992220609905, 35.580048178028797 ], [ -81.692170146489104, 35.546126080165102 ], [ -81.702856994570794, 35.357310665091703 ], [ -81.759544624615103, 35.222652823666202 ], [ -81.768105378628704, 35.1806182487624 ], [ -81.969334535976202, 35.187224228251303 ], [ -81.971055411602904, 35.205818025063103 ], [ -81.969460930458695, 35.209504676901297 ], [ -81.970891958958703, 35.2117059253451 ], [ -81.968132944096894, 35.219024219305403 ], [ -81.962809368505901, 35.226866732062497 ], [ -81.965681171854101, 35.231071796511799 ], [ -81.963866853787493, 35.249393239070997 ], [ -81.968291463677801, 35.2505800398338 ], [ -81.968913864943403, 35.2577542806537 ], [ -81.977626127080399, 35.263356364777401 ], [ -81.982511486528907, 35.263377587937299 ], [ -81.995893634550598, 35.270792872638502 ], [ -81.999433989038906, 35.276189484894402 ], [ -82.000663163800894, 35.282554922368099 ], [ -82.0055840242144, 35.2840648932482 ], [ -82.010514303565103, 35.2896987024358 ], [ -82.015193678720806, 35.292412614210001 ], [ -82.016761089265799, 35.299159116284002 ], [ -82.022998857575502, 35.298209544178697 ], [ -82.029520194000199, 35.301509151670103 ], [ -82.031008262164903, 35.308735338439902 ], [ -82.043720735213896, 35.320803996816103 ], [ -82.046329267526602, 35.320804571419998 ], [ -82.048191437488697, 35.325286334280797 ], [ -82.0472633541291, 35.327551944869398 ], [ -82.051515513081398, 35.329062245964899 ], [ -82.053886283588497, 35.335376373589703 ], [ -82.058563403435897, 35.337090715333801 ], [ -82.064445917278505, 35.3344686727552 ], [ -82.067973029454393, 35.339225545947997 ], [ -82.070945015081193, 35.338150404560103 ], [ -82.076223374275997, 35.341162991376301 ], [ -82.079623165557607, 35.346649188534499 ], [ -82.079665903508896, 35.352985257513403 ], [ -82.084789784771502, 35.353310704249999 ], [ -82.088345110688394, 35.355308004289299 ], [ -82.088328999881199, 35.358660785728901 ], [ -82.097222240112998, 35.369873018173799 ], [ -82.100290361863699, 35.369775455550098 ], [ -82.101835358358997, 35.366289950151 ], [ -82.105247533580595, 35.3672210611971 ], [ -82.106251584732107, 35.374814645896898 ], [ -82.108065662895399, 35.377594030944501 ], [ -82.107663891102902, 35.381162558388198 ], [ -82.115205002038294, 35.387394339675502 ], [ -82.120116215841705, 35.388194321058101 ], [ -82.123044123007404, 35.3934121485036 ], [ -82.129241332981806, 35.396839949422997 ], [ -82.131672256832204, 35.395648774999202 ], [ -82.141712232031907, 35.399134570579399 ], [ -82.151733361973896, 35.407652442096897 ], [ -82.159894146679605, 35.409358210433403 ], [ -82.167120105176593, 35.4077954462552 ], [ -82.171270741084896, 35.409524890553499 ], [ -82.173313662594595, 35.405538208493297 ], [ -82.180864185174897, 35.402789157703197 ], [ -82.185153964653495, 35.3966261362689 ], [ -82.190006399774006, 35.399348694152003 ], [ -82.194114096268393, 35.397359055658299 ], [ -82.196469910087401, 35.399018769739897 ], [ -82.197151557176198, 35.402213679589302 ], [ -82.204555527155193, 35.403636366088797 ], [ -82.209021411621293, 35.397675680113998 ], [ -82.214371458453797, 35.398174937272003 ], [ -82.220546926563003, 35.394642651990303 ], [ -82.228479489321799, 35.396010573227002 ], [ -82.239119048758099, 35.402563719078302 ], [ -82.249072111890797, 35.400065039274601 ], [ -82.261309054158801, 35.393204213793901 ] ] ] } },
{ "type": "Feature", "properties": { "OBJECTID": 82, "County": "Sampson", "FIPS": "163", "Rec_Survey": "Recorded survey data is available. Visit North Carolina Geodetic Survey for information. https://ncgs.state.nc.us", "NCGS_url": "https://ncem-gis.maps.arcgis.com/apps/webappviewer/index.html?id=8f3edbd62c004edd8b4fe3640f224738", "ck_date": "2025-01-13T00:00:00Z", "Shape__Area": 26411685965.775696, "Shape__Length": 951879.53941814392, "GlobalID": "ca98b1ef-0a71-4aca-b59b-a534298ecd14" }, "geometry": { "type": "Polygon", "coordinates": [ [ [ -78.526641068656602, 35.303043341148097 ], [ -78.521942861473505, 35.294527875784901 ], [ -78.491899813280099, 35.263326695099103 ], [ -78.4302747082248, 35.256423228385302 ], [ -78.411737105189502, 35.254670418530402 ], [ -78.397727232303694, 35.262966598130703 ], [ -78.306582904154297, 35.287611284703502 ], [ -78.246232895319807, 35.226020344884397 ], [ -78.161847345280506, 35.204329512244797 ], [ -78.164627566646899, 35.169116608272702 ], [ -78.163005386545294, 35.1372684743273 ], [ -78.170720334012898, 35.114881933808 ], [ -78.171848164537906, 35.093535404850599 ], [ -78.1598206001687, 35.079806626816499 ], [ -78.147131174427201, 34.9025128945906 ], [ -78.198646051970798, 34.7416384080027 ], [ -78.150547508633693, 34.721966502207799 ], [ -78.135204918495404, 34.710206987194802 ], [ -78.124548489815396, 34.713437341137499 ], [ -78.114009577050496, 34.7218018352172 ], [ -78.113474896292502, 34.707225781397298 ], [ -78.156522060918107, 34.679076480088597 ], [ -78.254556035213298, 34.553457417868302 ], [ -78.256987874393801, 34.555974618770001 ], [ -78.260396692716597, 34.556180487294199 ], [ -78.251699085936593, 34.562128539270198 ], [ -78.2544180412565, 34.5639893280878 ], [ -78.254927254620796, 34.568847847091597 ], [ -78.257734396749399, 34.568285627007903 ], [ -78.262240225604501, 34.571312308308002 ], [ -78.260592017618904, 34.574235960050103 ], [ -78.264013239603102, 34.576541863487698 ], [ -78.262693211480396, 34.578814434266199 ], [ -78.265094189908098, 34.579137868944002 ], [ -78.266017783255194, 34.583725870036801 ], [ -78.271260914230794, 34.581036139813499 ], [ -78.273497794793997, 34.582990157063698 ], [ -78.275199556525195, 34.581444298971498 ], [ -78.2748604428986, 34.584201735592401 ], [ -78.280403044828901, 34.5890232417728 ], [ -78.279844003810595, 34.591109455302998 ], [ -78.282401292507302, 34.590734159306898 ], [ -78.285908345858203, 34.593829565934698 ], [ -78.287128235464095, 34.593101795799001 ], [ -78.289029866324597, 34.598081828474697 ], [ -78.292653571581795, 34.597133007058297 ], [ -78.291210347171003, 34.600495098454097 ], [ -78.294174250744902, 34.601877603570401 ], [ -78.297917421665005, 34.599738587557297 ], [ -78.300813924196902, 34.601292741926201 ], [ -78.303242620681004, 34.6005382432609 ], [ -78.302784116929899, 34.602805747782803 ], [ -78.305497410768396, 34.603228885087297 ], [ -78.303516269550002, 34.603897828395603 ], [ -78.304839898881298, 34.605612853190799 ], [ -78.303992123110405, 34.607071683701903 ], [ -78.306423039057506, 34.608475997887801 ], [ -78.304563536881204, 34.610960111821399 ], [ -78.306878806399595, 34.613443175062599 ], [ -78.310994549851102, 34.6120178252838 ], [ -78.312947865143101, 34.614027855756703 ], [ -78.311195706355406, 34.615737053876003 ], [ -78.314448574928605, 34.619014890054402 ], [ -78.3131187135358, 34.625890130572799 ], [ -78.317099672911098, 34.626303712366301 ], [ -78.315664081443899, 34.627112541777002 ], [ -78.3164955839611, 34.628419199518603 ], [ -78.3193888946398, 34.627133712718901 ], [ -78.322395511510706, 34.628902288874102 ], [ -78.3211852111273, 34.631267123330197 ], [ -78.313992918023899, 34.633139457624999 ], [ -78.316939321513999, 34.635748343171102 ], [ -78.312617589887793, 34.638618476857701 ], [ -78.311426181551496, 34.641232972761799 ], [ -78.313416499800695, 34.641361240745297 ], [ -78.312739244821501, 34.643611383091702 ], [ -78.313933676589798, 34.644726851529903 ], [ -78.319006548857899, 34.645790898498497 ], [ -78.318033006100606, 34.6467637855879 ], [ -78.320894024353507, 34.650062503798601 ], [ -78.322088295641393, 34.648776952765402 ], [ -78.324669028359196, 34.649836682564903 ], [ -78.322639745463803, 34.6539125363417 ], [ -78.326578755381703, 34.655874807090697 ], [ -78.325525382654703, 34.663115127235599 ], [ -78.327212854512098, 34.664273305425297 ], [ -78.326083480416301, 34.666003400211203 ], [ -78.323550095780902, 34.6655083085965 ], [ -78.325487465317494, 34.669693295300199 ], [ -78.327807316449693, 34.669141959586 ], [ -78.327583146126102, 34.670857097754997 ], [ -78.330786375708499, 34.671489409034301 ], [ -78.330793060444293, 34.672651516079199 ], [ -78.338523055099699, 34.6746811950715 ], [ -78.342291678891399, 34.679921171765997 ], [ -78.344543179122496, 34.678841530672898 ], [ -78.345023655834197, 34.680413615792801 ], [ -78.347133418361395, 34.680385027566501 ], [ -78.347562799135602, 34.682290748887503 ], [ -78.344381605291602, 34.6838896372753 ], [ -78.346238291586701, 34.6841869300466 ], [ -78.346971571997003, 34.690562255377301 ], [ -78.348713216121695, 34.690097526039203 ], [ -78.348783952453601, 34.688314739740797 ], [ -78.350321918882699, 34.689064384254102 ], [ -78.3494958065655, 34.692325716438098 ], [ -78.355179813798699, 34.690119047749697 ], [ -78.358140642023699, 34.692926525353997 ], [ -78.361919970611496, 34.691343798143599 ], [ -78.362745064105795, 34.693351742135199 ], [ -78.360583241787893, 34.693794401089903 ], [ -78.361879150570203, 34.695551065272099 ], [ -78.365601508850503, 34.695069884328099 ], [ -78.366643452569093, 34.6930918464531 ], [ -78.369137326202804, 34.696764810186302 ], [ -78.373407220702504, 34.699214802065903 ], [ -78.373753658693005, 34.701487309823598 ], [ -78.369339644965706, 34.7004156944786 ], [ -78.371709115831905, 34.702431670401303 ], [ -78.368495533255199, 34.7045219025783 ], [ -78.377400945480701, 34.709854427721901 ], [ -78.376377616130199, 34.711518756098997 ], [ -78.377825406966295, 34.712521360353101 ], [ -78.376214037065793, 34.712826900893702 ], [ -78.3823255626274, 34.717286325049002 ], [ -78.379544086378402, 34.720471015939701 ], [ -78.379352391660603, 34.72336183582 ], [ -78.382920654852896, 34.723630650079699 ], [ -78.3835504433643, 34.726448881680703 ], [ -78.392032903456396, 34.729831344181598 ], [ -78.392889446864103, 34.732657354154497 ], [ -78.387588003240495, 34.738070125643503 ], [ -78.392790911210199, 34.742137019415402 ], [ -78.392912936983606, 34.744228014706501 ], [ -78.390028665763097, 34.744854555706702 ], [ -78.391900924910999, 34.748166577237903 ], [ -78.390861878321999, 34.749744131914298 ], [ -78.395155418010404, 34.751094829780598 ], [ -78.398786709362497, 34.750111262820703 ], [ -78.400821464145395, 34.751730948940398 ], [ -78.400269954004699, 34.753030507436797 ], [ -78.403744798981904, 34.754650633497299 ], [ -78.403528541807404, 34.7571306339252 ], [ -78.405545118852501, 34.756275753714299 ], [ -78.407582239070905, 34.7576081527518 ], [ -78.405813395458594, 34.759442698966602 ], [ -78.409139626393895, 34.761529429059301 ], [ -78.4099933204987, 34.765440562710403 ], [ -78.420389633394294, 34.765883172473004 ], [ -78.420921859493603, 34.767936105912703 ], [ -78.424463060473698, 34.769878544141399 ], [ -78.423173737910901, 34.770815565804902 ], [ -78.423669141322094, 34.773007288485999 ], [ -78.430289321667402, 34.776533670572803 ], [ -78.428417287423102, 34.780439687686403 ], [ -78.429824172532506, 34.7821984706476 ], [ -78.438695558553903, 34.785686627330399 ], [ -78.4391900713307, 34.7911248157043 ], [ -78.437348431852698, 34.792273352800699 ], [ -78.444766249087195, 34.7976593786533 ], [ -78.441011061142106, 34.800480956862401 ], [ -78.449442451193093, 34.8078421216942 ], [ -78.4477565533698, 34.810842018401601 ], [ -78.4497582960024, 34.813513688653899 ], [ -78.4594186510068, 34.812831350882902 ], [ -78.458840823235406, 34.819900818203898 ], [ -78.460075825853707, 34.822098524869297 ], [ -78.4618570937821, 34.821078620371502 ], [ -78.463118242323304, 34.822424298537797 ], [ -78.464715257498497, 34.8206399999235 ], [ -78.466540756293199, 34.821975491237097 ], [ -78.4673334504417, 34.823281086121597 ], [ -78.464912484178797, 34.826196498298401 ], [ -78.4658253269656, 34.827641842103901 ], [ -78.482215176030905, 34.836802713731998 ], [ -78.485401198561703, 34.834996851949803 ], [ -78.487729803799397, 34.836414323776097 ], [ -78.488280245776195, 34.839456714549897 ], [ -78.4908145901138, 34.8409945240615 ], [ -78.489555099440196, 34.842819968909502 ], [ -78.493582243619002, 34.8431449254876 ], [ -78.492068846775595, 34.849346606234903 ], [ -78.495461056577298, 34.852310189995798 ], [ -78.494951116489204, 34.858987384109298 ], [ -78.499500317994404, 34.859253357295799 ], [ -78.502521278975806, 34.862064752520297 ], [ -78.502558797501095, 34.8646168358746 ], [ -78.513215149637603, 34.869229130973501 ], [ -78.512753495579602, 34.872365719303197 ], [ -78.515095069205699, 34.875215211745399 ], [ -78.512775012396304, 34.880803616885103 ], [ -78.517649357070098, 34.883817614447302 ], [ -78.519686719336093, 34.883825752057298 ], [ -78.519686057201596, 34.882343986842301 ], [ -78.524668605632996, 34.883979274221097 ], [ -78.5265177136516, 34.891179267942398 ], [ -78.534972244071, 34.893666345180797 ], [ -78.535095343152605, 34.895616780074498 ], [ -78.536919870991397, 34.8952379218983 ], [ -78.546863191623302, 34.900626510927701 ], [ -78.547518361190598, 34.902352545733102 ], [ -78.545731676731293, 34.902639092034597 ], [ -78.545821063602801, 34.9050884414414 ], [ -78.541890375220802, 34.908139985180497 ], [ -78.543091103947503, 34.909410213564399 ], [ -78.542031915152705, 34.911289263085301 ], [ -78.544487257593204, 34.9148280271814 ], [ -78.547993184475999, 34.916950667321103 ], [ -78.5506075886519, 34.914912739232101 ], [ -78.557706098913599, 34.915350590266598 ], [ -78.561845300264196, 34.917608911833597 ], [ -78.564468077328002, 34.925073498779497 ], [ -78.570310437048505, 34.926829729308501 ], [ -78.572693222321902, 34.929833569225998 ], [ -78.572835054099798, 34.9375218157167 ], [ -78.583596180655704, 34.938392840788197 ], [ -78.584572458780698, 34.941814489501702 ], [ -78.588287704215503, 34.9420987185798 ], [ -78.591177688570696, 34.9445966683666 ], [ -78.591012972842904, 34.946502520268403 ], [ -78.597162338994394, 34.951301189651701 ], [ -78.602109403695707, 34.951352893693901 ], [ -78.605189919429804, 34.954299694263597 ], [ -78.607538429195799, 34.9536194914959 ], [ -78.610779241211901, 34.957823350535101 ], [ -78.6112036159723, 34.960915717296302 ], [ -78.613619108756197, 34.9596888433652 ], [ -78.614900140422293, 34.962836853474101 ], [ -78.620707995776201, 34.9667972736152 ], [ -78.620524502895506, 34.968256209559001 ], [ -78.623773283017201, 34.968672055144502 ], [ -78.627169895070196, 34.971643679447503 ], [ -78.627647861637897, 34.974478798679499 ], [ -78.6323475964642, 34.9780784066078 ], [ -78.634119988102796, 34.977681911429201 ], [ -78.637160606916396, 34.981105994042203 ], [ -78.634591775455803, 34.985662039954398 ], [ -78.636336341585903, 34.9878334112313 ], [ -78.643788914063407, 34.989181645624598 ], [ -78.647562151857798, 34.9930617320124 ], [ -78.645779451256999, 35.003410169295499 ], [ -78.647557709138098, 35.005604168764101 ], [ -78.644995090007598, 35.009956087098097 ], [ -78.650209739057502, 35.015102710350597 ], [ -78.650017563946093, 35.018739549188901 ], [ -78.652879221960504, 35.0206368907279 ], [ -78.650056583148199, 35.023802945021998 ], [ -78.649651596383293, 35.026866983516697 ], [ -78.655866796051001, 35.034600116229598 ], [ -78.653471421437104, 35.0345523915108 ], [ -78.658381328887103, 35.041791200434901 ], [ -78.653937231257103, 35.049679972246203 ], [ -78.661574134960802, 35.059937131368201 ], [ -78.660646727473093, 35.063281861199599 ], [ -78.664082108995103, 35.067277340601699 ], [ -78.662484271754295, 35.069507646927299 ], [ -78.662979038692001, 35.078073422124902 ], [ -78.665559085476701, 35.080537288205399 ], [ -78.669204379415902, 35.080488292004603 ], [ -78.672310646949995, 35.085387447954297 ], [ -78.670539555624103, 35.087666763603899 ], [ -78.670480395861304, 35.0927434658417 ], [ -78.667267303346193, 35.093683732629202 ], [ -78.663611290582807, 35.092170525669601 ], [ -78.658240464097005, 35.094472814296502 ], [ -78.659029522096006, 35.1000323888982 ], [ -78.657929058410403, 35.101387435180101 ], [ -78.654358423574195, 35.100714428030599 ], [ -78.6519299286375, 35.103698221090802 ], [ -78.654016995650593, 35.107889907073996 ], [ -78.653811578622495, 35.111422738300199 ], [ -78.650651374166202, 35.113070880949998 ], [ -78.643082294581006, 35.113139967448902 ], [ -78.639011932875107, 35.117000548508997 ], [ -78.641447094054101, 35.121214498849398 ], [ -78.649321885713206, 35.117812387216397 ], [ -78.651835093573297, 35.118844922606897 ], [ -78.652541327834697, 35.121021178716298 ], [ -78.648716749117298, 35.125185403743998 ], [ -78.642901564317995, 35.127958290549103 ], [ -78.641749737862696, 35.131737099048102 ], [ -78.638371589739506, 35.132650609344303 ], [ -78.635532586069104, 35.137387532201899 ], [ -78.634663280441799, 35.139920492831997 ], [ -78.636890799299195, 35.1417830185081 ], [ -78.637990542586707, 35.148438002485499 ], [ -78.636021764714698, 35.150773133504302 ], [ -78.639925339899193, 35.155075380892903 ], [ -78.638054545782595, 35.157382451084899 ], [ -78.633666996867206, 35.157121870160999 ], [ -78.632361783308696, 35.163945672916697 ], [ -78.637840400295005, 35.1651573641361 ], [ -78.638910728748797, 35.167241855852502 ], [ -78.635625643315507, 35.170948231310298 ], [ -78.631963706851906, 35.1698706485302 ], [ -78.629467628901907, 35.1716267531312 ], [ -78.630245075208506, 35.174081898658699 ], [ -78.634865053875501, 35.177179970627201 ], [ -78.635203938762501, 35.179696343314397 ], [ -78.638838427583707, 35.182057086263697 ], [ -78.640043761472398, 35.185934940391903 ], [ -78.635814779393201, 35.191891932925301 ], [ -78.640134328989603, 35.192450985476199 ], [ -78.646660641846395, 35.198126210114097 ], [ -78.642603697558201, 35.200929746371301 ], [ -78.636952858030796, 35.197893308601301 ], [ -78.632132404365393, 35.201129256365398 ], [ -78.626968977932606, 35.201171142146102 ], [ -78.624518597564801, 35.203425561746897 ], [ -78.625369569717407, 35.205750453073101 ], [ -78.630435894885494, 35.208141419085401 ], [ -78.631367514987303, 35.213413231697302 ], [ -78.623257597683903, 35.222172057223297 ], [ -78.619534507465204, 35.223463359273801 ], [ -78.617063714822194, 35.2280922784634 ], [ -78.619015486435998, 35.234069156631499 ], [ -78.615125239986398, 35.238502042658901 ], [ -78.616889144397703, 35.246279728496297 ], [ -78.6086694646647, 35.254382655647198 ], [ -78.599985075771798, 35.258409507478099 ], [ -78.598524300057605, 35.2649821533496 ], [ -78.584636853889194, 35.273322507668603 ], [ -78.583116357583904, 35.279149746322702 ], [ -78.585606385465397, 35.284656373625999 ], [ -78.583289600081798, 35.291116126406003 ], [ -78.585321799030694, 35.2935470940998 ], [ -78.582973972888396, 35.295418153941299 ], [ -78.583528474769096, 35.296824935151498 ], [ -78.580953389615701, 35.298218721042602 ], [ -78.576119249443195, 35.296011734140301 ], [ -78.572550207507504, 35.297687620934298 ], [ -78.570279236818607, 35.302125829353201 ], [ -78.564290344467807, 35.304456134702797 ], [ -78.557726467519799, 35.304713965457999 ], [ -78.559889646033398, 35.306340226735699 ], [ -78.555502542676805, 35.309559824375 ], [ -78.547680700940006, 35.3110552516304 ], [ -78.538349086292399, 35.316426683456697 ], [ -78.526641068656602, 35.303043341148097 ] ] ] } },
{ "type": "Feature", "properties": { "OBJECTID": 83, "County": "Scotland", "FIPS": "165", "Rec_Survey": "Recorded survey data is available. Visit North Carolina Geodetic Survey for information. https://ncgs.state.nc.us", "NCGS_url": "https://ncem-gis.maps.arcgis.com/apps/webappviewer/index.html?id=8f3edbd62c004edd8b4fe3640f224738", "ck_date": "2025-01-13T00:00:00Z", "Shape__Area": 8938111061.6452026, "Shape__Length": 510940.81982840807, "GlobalID": "b6e57023-db21-4c78-8232-df5340b77697" }, "geometry": { "type": "Polygon", "coordinates": [ [ [ -79.347871115952898, 34.838560555597901 ], [ -79.349034943824805, 34.838758677278101 ], [ -79.351933144979597, 34.8337959822721 ], [ -79.351207024976404, 34.832051331131602 ], [ -79.3536193780958, 34.828756422349798 ], [ -79.351634341588905, 34.827706456051303 ], [ -79.352202983741606, 34.8258953554177 ], [ -79.353660912565502, 34.8261996177187 ], [ -79.353000775792907, 34.823945373975803 ], [ -79.357665970380907, 34.820700013089599 ], [ -79.357420880696907, 34.818974860716203 ], [ -79.354871906869107, 34.816703716122603 ], [ -79.355514269169902, 34.815311801504699 ], [ -79.353079830452401, 34.814277647026003 ], [ -79.353523724144296, 34.8124636891676 ], [ -79.351404397026997, 34.812693254179699 ], [ -79.3517663585951, 34.810837761691801 ], [ -79.349150366830202, 34.808732208852199 ], [ -79.3501926354717, 34.805240459585697 ], [ -79.346807255523004, 34.802529667709997 ], [ -79.348137755324402, 34.800894762261798 ], [ -79.346471189657905, 34.800399803094102 ], [ -79.345449591426302, 34.7958887709527 ], [ -79.342965985215997, 34.794099285445803 ], [ -79.344178897681005, 34.792287991004898 ], [ -79.341912536986598, 34.792149819775503 ], [ -79.342414397156105, 34.790203966056303 ], [ -79.339566086691903, 34.789120905330499 ], [ -79.339616318005994, 34.787150631381301 ], [ -79.338303107002901, 34.787774617307903 ], [ -79.338840993222902, 34.785582816636698 ], [ -79.337180516668397, 34.785531233592202 ], [ -79.334381474844093, 34.777383703881398 ], [ -79.331926200197998, 34.777106071382299 ], [ -79.333134029280998, 34.776440665213798 ], [ -79.331793253143303, 34.776474907038597 ], [ -79.330874202423999, 34.773949679443298 ], [ -79.461509581297193, 34.630386921104197 ], [ -79.676497127146604, 34.805071788820598 ], [ -79.692971656490101, 34.8051629696783 ], [ -79.688388069643494, 34.811341972740998 ], [ -79.678424390100801, 34.813964038923402 ], [ -79.654839490680004, 34.814656672802599 ], [ -79.634506715295501, 34.825474343595097 ], [ -79.625556532161596, 34.817837528980903 ], [ -79.614058060858298, 34.815392386301603 ], [ -79.617127900872603, 34.818607880200901 ], [ -79.620803716036306, 34.8179886661136 ], [ -79.622768132115496, 34.820244467822697 ], [ -79.621448065139106, 34.8248773556099 ], [ -79.622932358249699, 34.826823700382299 ], [ -79.621996016877503, 34.829394665795597 ], [ -79.619224683782704, 34.830974543186699 ], [ -79.618594517807196, 34.833337865849998 ], [ -79.620135695622295, 34.835248643830802 ], [ -79.617369568376503, 34.8392885926906 ], [ -79.622811531096602, 34.843745389114801 ], [ -79.6197213134311, 34.846468702391697 ], [ -79.619932481556901, 34.8489101282007 ], [ -79.626769872854496, 34.851917586595697 ], [ -79.616004265905502, 34.8659355677148 ], [ -79.561860084748403, 34.910358193314202 ], [ -79.566010330596001, 34.911142788953597 ], [ -79.5639900562837, 34.917953046172698 ], [ -79.568261924894202, 34.927379286924698 ], [ -79.578607455617302, 34.930902539546402 ], [ -79.581732565900197, 34.935448790742299 ], [ -79.5847895099825, 34.945392341650297 ], [ -79.583243685054896, 34.948007145518098 ], [ -79.585621014301097, 34.954752213979297 ], [ -79.581610418491806, 34.957420159912097 ], [ -79.581902982068897, 34.963884013351802 ], [ -79.577582244187099, 34.9687780897194 ], [ -79.577995920579994, 34.972392608252399 ], [ -79.5666710156178, 34.979422469099902 ], [ -79.573426478902306, 34.9922168717696 ], [ -79.567938175780498, 34.9943318593266 ], [ -79.5528194322075, 35.004995479987201 ], [ -79.521384104206405, 35.019231969472301 ], [ -79.510508882037399, 35.026158617236803 ], [ -79.469043027169505, 35.036514212077101 ], [ -79.458378730901003, 35.043762937622098 ], [ -79.456191073113501, 35.0393426407555 ], [ -79.457342180954996, 35.037674912359101 ], [ -79.452818356411598, 35.033791796513498 ], [ -79.452059195881503, 35.030444624631002 ], [ -79.450054681404097, 35.030208239987402 ], [ -79.449348585255905, 35.0268637571425 ], [ -79.445812226161905, 35.026045130360501 ], [ -79.441969059690507, 35.0222824665857 ], [ -79.431332662493602, 35.020137784338999 ], [ -79.424920350919194, 35.010360044868598 ], [ -79.421112678886701, 35.009049597308902 ], [ -79.415983126197304, 35.002924648705601 ], [ -79.410101346105904, 35.001998324457901 ], [ -79.407618440366605, 34.999249823823398 ], [ -79.401165561628105, 34.997413705490899 ], [ -79.398364022092693, 34.993966385625598 ], [ -79.396509012541898, 34.994121914138901 ], [ -79.396612978123997, 34.991822017810101 ], [ -79.390190402132703, 34.985940520142996 ], [ -79.390597945651606, 34.9838469449735 ], [ -79.388391643355604, 34.9814741362134 ], [ -79.386348848796601, 34.981469422014001 ], [ -79.381906481533406, 34.976509973211499 ], [ -79.378539709237401, 34.975790990445397 ], [ -79.370518897024397, 34.966643283797197 ], [ -79.369950003360003, 34.9633539775485 ], [ -79.363975332450295, 34.960318866977303 ], [ -79.362381019439795, 34.957519508681699 ], [ -79.3608419282141, 34.957929055235802 ], [ -79.363647693122502, 34.954190922903003 ], [ -79.362066838116405, 34.953080437477702 ], [ -79.362245893493494, 34.950354505540702 ], [ -79.358455307803794, 34.949658730339202 ], [ -79.355263186159704, 34.944844062903002 ], [ -79.353135280908504, 34.944336057851999 ], [ -79.352907996946797, 34.9395704978146 ], [ -79.354298246540296, 34.938636008788897 ], [ -79.353212374104004, 34.936898854029799 ], [ -79.354660641091101, 34.937212792540798 ], [ -79.354219797196194, 34.934479049880999 ], [ -79.356132746240405, 34.933146085740603 ], [ -79.354593101121097, 34.9265829722736 ], [ -79.352451182582797, 34.924067920139002 ], [ -79.351028194322694, 34.9245910984585 ], [ -79.349727733394005, 34.921397022949201 ], [ -79.351748583048803, 34.919822776347303 ], [ -79.350420821043301, 34.917525466203699 ], [ -79.352099141475605, 34.911129723017503 ], [ -79.348516582404898, 34.902989616372899 ], [ -79.348323983982596, 34.899642067928802 ], [ -79.349808096964097, 34.898925899046802 ], [ -79.348301379481001, 34.896164676121202 ], [ -79.350317565585598, 34.894548671904303 ], [ -79.348920232287298, 34.893657642101502 ], [ -79.346552843995099, 34.879074867283798 ], [ -79.344259530444603, 34.877734799539397 ], [ -79.345704172860906, 34.876064248137801 ], [ -79.342035331907098, 34.871935165347701 ], [ -79.3435521456354, 34.868440544934899 ], [ -79.342109756819298, 34.868296802152202 ], [ -79.341552920659197, 34.862322092205098 ], [ -79.337852450717406, 34.859293742429799 ], [ -79.338974964308505, 34.857032818952703 ], [ -79.337335967347997, 34.856401053290199 ], [ -79.336925893278504, 34.853797314201799 ], [ -79.340231377743507, 34.851848438386803 ], [ -79.338756762832602, 34.850435251995599 ], [ -79.342150952104205, 34.8492477657311 ], [ -79.341781414375305, 34.847516509034499 ], [ -79.345294844250503, 34.846007210506798 ], [ -79.345137637004598, 34.843370635398102 ], [ -79.347906437915697, 34.843153770414403 ], [ -79.347871115952898, 34.838560555597901 ] ] ] } },
{ "type": "Feature", "properties": { "OBJECTID": 84, "County": "Stanly", "FIPS": "167", "Rec_Survey": "Recorded survey data is available. Visit North Carolina Geodetic Survey for information. https://ncgs.state.nc.us", "NCGS_url": "https://ncem-gis.maps.arcgis.com/apps/webappviewer/index.html?id=8f3edbd62c004edd8b4fe3640f224738", "ck_date": "2025-01-13T00:00:00Z", "Shape__Area": 11285018856.247742, "Shape__Length": 547988.37777874421, "GlobalID": "ee922c2b-5992-4145-8e36-dd8b1b590a67" }, "geometry": { "type": "Polygon", "coordinates": [ [ [ -80.0753677123475, 35.143087777678303 ], [ -80.079585731369306, 35.150038795924097 ], [ -80.089863115903896, 35.160933039301497 ], [ -80.107073704912395, 35.173068676653202 ], [ -80.108881077061994, 35.178676491778504 ], [ -80.108809490071593, 35.1906253125237 ], [ -80.114526135684301, 35.194308731399303 ], [ -80.122475705363996, 35.192358456658198 ], [ -80.128895010392398, 35.187799178825998 ], [ -80.128932731546001, 35.184128208182997 ], [ -80.124178520254404, 35.175288116068799 ], [ -80.131769918314802, 35.173369398977499 ], [ -80.135547460181101, 35.167735691722697 ], [ -80.141897960097097, 35.168258447645997 ], [ -80.151643030742903, 35.174556229337902 ], [ -80.157263628672297, 35.173574053275097 ], [ -80.159147297910494, 35.167338713513402 ], [ -80.165590846426895, 35.164673304897299 ], [ -80.167577097138704, 35.162178139396097 ], [ -80.166604653860304, 35.158482636664701 ], [ -80.159853669842093, 35.151183342800302 ], [ -80.161662527036498, 35.148298539717302 ], [ -80.174265537593499, 35.148103897460402 ], [ -80.185930631055399, 35.1546351345592 ], [ -80.190641015366694, 35.155544626418902 ], [ -80.193531449697801, 35.158884209995897 ], [ -80.194922991239693, 35.165388190570098 ], [ -80.197805750356807, 35.166661376901303 ], [ -80.205255421977597, 35.165440343598398 ], [ -80.207841014229601, 35.155992953591102 ], [ -80.224692766766907, 35.156105540674098 ], [ -80.241244530742705, 35.179076499519802 ], [ -80.2421027141975, 35.181580111773897 ], [ -80.2400017680785, 35.1880738938221 ], [ -80.250548326929604, 35.202103599165099 ], [ -80.251300539438901, 35.208856289084899 ], [ -80.254349154104702, 35.211301056338797 ], [ -80.263857748860005, 35.208417116240398 ], [ -80.265015113432995, 35.204056602560598 ], [ -80.271510257775304, 35.201676685306602 ], [ -80.275733576244605, 35.1960639927279 ], [ -80.281762244190901, 35.195703336874203 ], [ -80.284369365824503, 35.192242186027102 ], [ -80.287924418962007, 35.191425199596502 ], [ -80.292254789323906, 35.194060198788499 ], [ -80.295968137134807, 35.193949327082997 ], [ -80.303877745409395, 35.188060360196999 ], [ -80.305354967062101, 35.1819281818617 ], [ -80.320933686200704, 35.178732276539399 ], [ -80.321474577611198, 35.173126704550597 ], [ -80.328248310213596, 35.176670527775897 ], [ -80.334897865306999, 35.173717230720001 ], [ -80.339898611382793, 35.174309260012599 ], [ -80.346109202589304, 35.169123552058402 ], [ -80.351553809825703, 35.169293349449802 ], [ -80.354338454613995, 35.165669551614101 ], [ -80.357630122924206, 35.164888797427302 ], [ -80.364486523160807, 35.170613878242499 ], [ -80.366013970140898, 35.175747439979602 ], [ -80.370125641851502, 35.179793047340702 ], [ -80.376775474502097, 35.177513674516298 ], [ -80.379595782788002, 35.1727910037892 ], [ -80.388331575301706, 35.165868637837399 ], [ -80.397784230875601, 35.165459180807503 ], [ -80.402912216166001, 35.167299945689201 ], [ -80.4085591216854, 35.163753811706897 ], [ -80.412190471631405, 35.163377954896298 ], [ -80.4157467432141, 35.166498795714702 ], [ -80.417049769948406, 35.171607237403101 ], [ -80.419438116603501, 35.172855057328697 ], [ -80.430319794408305, 35.166171135720198 ], [ -80.435927334618299, 35.165049865013003 ], [ -80.440439158401603, 35.161083304305897 ], [ -80.447232475881606, 35.164802530490299 ], [ -80.459350547232603, 35.165084356911301 ], [ -80.463736611497396, 35.170379007136503 ], [ -80.467893330599793, 35.1668064407055 ], [ -80.469824314227907, 35.166932277050897 ], [ -80.476227433292294, 35.171808323918597 ], [ -80.477066229959405, 35.177525821251699 ], [ -80.480600030998005, 35.179918909937903 ], [ -80.482761019342902, 35.179953494207297 ], [ -80.485590005736995, 35.176525541788401 ], [ -80.488895364606606, 35.175496070510498 ], [ -80.493366980507702, 35.1788629267784 ], [ -80.503545947438397, 35.1817272643477 ], [ -80.505339118302501, 35.183418959449803 ], [ -80.5041105966895, 35.187493361304803 ], [ -80.506184680944699, 35.192360562937203 ], [ -80.499231164795205, 35.198412731530702 ], [ -80.494392051359696, 35.205628747598901 ], [ -80.483104941059395, 35.212847682863703 ], [ -80.484359405738104, 35.216374490863998 ], [ -80.295428436053697, 35.502927396475101 ], [ -80.182565505979497, 35.504156394772401 ], [ -80.179728733377303, 35.499166560961797 ], [ -80.176920191054904, 35.486255503377599 ], [ -80.165230096623603, 35.479607768125398 ], [ -80.161592925457597, 35.4752599185015 ], [ -80.148864671241199, 35.472537030774703 ], [ -80.139342172604699, 35.474934772012901 ], [ -80.129491659042003, 35.467100697228801 ], [ -80.119118509613898, 35.465634910107802 ], [ -80.109495640656903, 35.460687851344197 ], [ -80.108093195101503, 35.458089693613303 ], [ -80.109418670991602, 35.448799264149002 ], [ -80.108468064566495, 35.444868162929403 ], [ -80.097310511848804, 35.437789425136202 ], [ -80.097134810722494, 35.435319903262702 ], [ -80.100376332577198, 35.429765484660003 ], [ -80.090037287419307, 35.415591658611199 ], [ -80.093963926539402, 35.404925774236403 ], [ -80.093575721125106, 35.4014557066591 ], [ -80.088027418179493, 35.399407507664399 ], [ -80.084714988910406, 35.395357496850899 ], [ -80.0756809634061, 35.395414696645602 ], [ -80.068066128832299, 35.390866153800403 ], [ -80.061980805458603, 35.385720928448301 ], [ -80.057314305309305, 35.3769495690307 ], [ -80.051174415854504, 35.371850905405402 ], [ -80.0538183486848, 35.366232899570598 ], [ -80.065293924676993, 35.3606307528961 ], [ -80.066518919894506, 35.3401746926193 ], [ -80.082115922903, 35.321968869282699 ], [ -80.079586988960102, 35.310288346786201 ], [ -80.093796967075704, 35.287850234288598 ], [ -80.091700236719703, 35.273484957695302 ], [ -80.098247588387594, 35.258598527697103 ], [ -80.091957672011603, 35.237603588771897 ], [ -80.076318874264999, 35.227351856652199 ], [ -80.070800749615501, 35.2199114403954 ], [ -80.061833418100306, 35.200716244059997 ], [ -80.060851446817693, 35.189616067738598 ], [ -80.053403701256897, 35.179423311327199 ], [ -80.053116800253306, 35.172594992816499 ], [ -80.056046003018295, 35.165412225613601 ], [ -80.060364199285104, 35.160350372828198 ], [ -80.068688943080403, 35.155252992605597 ], [ -80.0753677123475, 35.143087777678303 ] ] ] } },
{ "type": "Feature", "properties": { "OBJECTID": 85, "County": "Stokes", "FIPS": "169", "Rec_Survey": "No recent survey data available", "NCGS_url": " ", "ck_date": "2011-11-29T00:00:00Z", "Shape__Area": 12708995566.290527, "Shape__Length": 453418.51927175489, "GlobalID": "447c8415-7a2f-4ee4-8bfe-ff607c17b0be" }, "geometry": { "type": "Polygon", "coordinates": [ [ [ -80.035122231594102, 36.257191316257497 ], [ -80.451699758959407, 36.261509403872601 ], [ -80.447281108792694, 36.421085534704503 ], [ -80.440108486376204, 36.550661290386103 ], [ -80.294434044525204, 36.5440458674003 ], [ -80.027342069602, 36.5424869353049 ], [ -80.035122231594102, 36.257191316257497 ] ] ] } },
{ "type": "Feature", "properties": { "OBJECTID": 86, "County": "Surry", "FIPS": "171", "Rec_Survey": "No recent survey data available", "NCGS_url": " ", "ck_date": "2011-11-29T00:00:00Z", "Shape__Area": 14991263630.331421, "Shape__Length": 575219.78894741833, "GlobalID": "cf881fac-e859-4095-adcd-a2a1ff9be65a" }, "geometry": { "type": "Polygon", "coordinates": [ [ [ -80.452325500441603, 36.241425968690798 ], [ -80.4608563939682, 36.247795312664998 ], [ -80.461297613105401, 36.2536238153901 ], [ -80.463379578618202, 36.257476067072901 ], [ -80.471044167113703, 36.2609715306263 ], [ -80.477074896680094, 36.260681588473602 ], [ -80.483689764168702, 36.256008951242997 ], [ -80.505173071645302, 36.259923040490399 ], [ -80.509191486093499, 36.258433299084999 ], [ -80.534180717174294, 36.2585125703974 ], [ -80.537424508972506, 36.262720472481902 ], [ -80.535503597736707, 36.271295964499103 ], [ -80.536684970131702, 36.279289018221803 ], [ -80.539293772614101, 36.282109766213203 ], [ -80.547148006424706, 36.285281075881599 ], [ -80.554141893592103, 36.282384438978497 ], [ -80.559570451255098, 36.282967733001001 ], [ -80.573006100335107, 36.280187189345199 ], [ -80.593256484978298, 36.269852357115496 ], [ -80.6150294818096, 36.2796407991951 ], [ -80.622324571225604, 36.285713501567997 ], [ -80.627843125733804, 36.2879412839577 ], [ -80.631587689906098, 36.285119527505401 ], [ -80.626408939475496, 36.2775789641816 ], [ -80.627200645786999, 36.274162343283997 ], [ -80.630607350284194, 36.272350607252797 ], [ -80.638880194515494, 36.273436043564999 ], [ -80.643319969903104, 36.272407313221798 ], [ -80.647749888755001, 36.263542628166903 ], [ -80.6478899924507, 36.257018332108501 ], [ -80.655148707969104, 36.252073990832699 ], [ -80.668219208023302, 36.250945567614501 ], [ -80.673158154051706, 36.252228021494702 ], [ -80.676826456365802, 36.256888555375703 ], [ -80.678734438895503, 36.264218305068503 ], [ -80.684586670376206, 36.268758070031502 ], [ -80.702817907093205, 36.266005888625301 ], [ -80.7130397217542, 36.266724061075699 ], [ -80.720747473079896, 36.2701038061861 ], [ -80.733351612651802, 36.267208527495796 ], [ -80.734554672867603, 36.268822131234401 ], [ -80.732071631464507, 36.276548320194998 ], [ -80.737599118168006, 36.280365454999803 ], [ -80.741814825358702, 36.277805355356698 ], [ -80.743857826664097, 36.271480307119901 ], [ -80.751781245381494, 36.263386314004698 ], [ -80.755447760846806, 36.264149173072397 ], [ -80.759897809380206, 36.269294321816197 ], [ -80.768732465150705, 36.275010246791098 ], [ -80.775754453534105, 36.274029993485399 ], [ -80.780039538299206, 36.268867591335898 ], [ -80.778383617382502, 36.256933609595897 ], [ -80.783976702025896, 36.2528391271141 ], [ -80.796134076744295, 36.2481772636228 ], [ -80.799543219708497, 36.249187174611997 ], [ -80.802168255975303, 36.2526092070229 ], [ -80.808717843131006, 36.254333623633102 ], [ -80.817011048850702, 36.251094578145498 ], [ -80.8252356191974, 36.250030199086503 ], [ -80.849128747875596, 36.240893573376603 ], [ -80.867632494017002, 36.239063801586802 ], [ -80.873208349994997, 36.236312252405497 ], [ -80.868747388485303, 36.326471029267502 ], [ -80.879427963946796, 36.3353021826576 ], [ -80.882429709442903, 36.335309708542503 ], [ -80.885052273469995, 36.337967448622599 ], [ -80.893272945155303, 36.341216363043898 ], [ -80.899988929587295, 36.353884589375198 ], [ -80.905994275024995, 36.361452577967398 ], [ -80.913255053298599, 36.364441506164802 ], [ -80.916593369451107, 36.367970140061502 ], [ -80.9201740834323, 36.3674085345286 ], [ -80.922838896663507, 36.3645182979864 ], [ -80.930344725053303, 36.366732706216197 ], [ -80.932719569102602, 36.369564851526 ], [ -80.942139806871197, 36.373611008224998 ], [ -80.951833148371506, 36.383500535162902 ], [ -80.955780672261, 36.384738741968903 ], [ -80.957297192673494, 36.387712277281402 ], [ -80.955178619621606, 36.394608477259403 ], [ -80.957397177848193, 36.397380164968403 ], [ -80.964540520327802, 36.399024823574301 ], [ -80.967156457848006, 36.402026826200398 ], [ -80.947182879300797, 36.419079008942902 ], [ -80.973645971980204, 36.453480748980503 ], [ -80.963881328712603, 36.459283616473897 ], [ -80.926865622361007, 36.501317788237998 ], [ -80.918618466525302, 36.5403298322083 ], [ -80.9090932390571, 36.552843987236898 ], [ -80.908360242086701, 36.556773985671498 ], [ -80.901644626449198, 36.561773462636502 ], [ -80.837895686658797, 36.559158892408597 ], [ -80.799829598549096, 36.561105814552199 ], [ -80.773630612597699, 36.560379925279697 ], [ -80.7046985090562, 36.5622918679246 ], [ -80.440108486376204, 36.550661290386103 ], [ -80.447281108792694, 36.421085534704503 ], [ -80.452325500441603, 36.241425968690798 ] ] ] } },
{ "type": "Feature", "properties": { "OBJECTID": 87, "County": "Swain", "FIPS": "173", "Rec_Survey": "No recent survey data available", "NCGS_url": " ", "ck_date": "2011-11-29T00:00:00Z", "Shape__Area": 15057499408.862366, "Shape__Length": 851408.0017885915, "GlobalID": "d9c96200-2436-4e35-8558-3521824c5d45" }, "geometry": { "type": "Polygon", "coordinates": [ [ [ -83.186325608306902, 35.514375200769102 ], [ -83.195518303564597, 35.519313616531697 ], [ -83.204831831053696, 35.519438349589301 ], [ -83.207687528826398, 35.518031371379699 ], [ -83.2111018350123, 35.519733748424898 ], [ -83.216406638953899, 35.526050231434802 ], [ -83.220015370768806, 35.524769234119198 ], [ -83.227501845133304, 35.525596374264502 ], [ -83.232681868389506, 35.523298574491498 ], [ -83.236077042320602, 35.524570682419103 ], [ -83.241838969643695, 35.519041207346099 ], [ -83.247233110967699, 35.5167089094641 ], [ -83.257153292444798, 35.513159418809998 ], [ -83.261775471516003, 35.5145018467257 ], [ -83.264491870213405, 35.510722918140203 ], [ -83.264356406003799, 35.506535990826499 ], [ -83.272409610338599, 35.504682355377 ], [ -83.275360733965201, 35.500464056683001 ], [ -83.283467260675096, 35.497429927819198 ], [ -83.286399527546195, 35.492542097402001 ], [ -83.285282035877401, 35.488907206328498 ], [ -83.291657192623006, 35.483135727487202 ], [ -83.297049053261503, 35.4842846396296 ], [ -83.304919383151997, 35.478606693256097 ], [ -83.308935597100898, 35.479329661512601 ], [ -83.311805071130394, 35.471507591495701 ], [ -83.317886005710506, 35.465309287578499 ], [ -83.331973237223494, 35.469955881607802 ], [ -83.336225565434802, 35.474928810071198 ], [ -83.342916368082697, 35.472844062552497 ], [ -83.345413986133806, 35.473528161396203 ], [ -83.351730313693196, 35.468098937456098 ], [ -83.358976926899402, 35.440354583478999 ], [ -83.357394030785699, 35.437585939143403 ], [ -83.363770277144496, 35.4269299192148 ], [ -83.360707923779202, 35.411820213786598 ], [ -83.355656129840398, 35.409899755051903 ], [ -83.3518090745346, 35.411081859254203 ], [ -83.347956483485106, 35.405362353189901 ], [ -83.349148925655498, 35.401228450951102 ], [ -83.343583803762698, 35.397402759775503 ], [ -83.341146902596705, 35.397385197306001 ], [ -83.340020649901902, 35.395481521150998 ], [ -83.342856397256995, 35.394218494190902 ], [ -83.345857916491696, 35.3893448204783 ], [ -83.337412137452603, 35.382082214164598 ], [ -83.338531209710197, 35.376121631762601 ], [ -83.337015847699504, 35.371079446859902 ], [ -83.334706601120203, 35.368922784522901 ], [ -83.335149882161403, 35.3598488611253 ], [ -83.331444000065204, 35.353740037194399 ], [ -83.336515167164606, 35.346490447519599 ], [ -83.335835639149593, 35.342934743439201 ], [ -83.340311862475204, 35.337388668385799 ], [ -83.339381652228994, 35.330910222096001 ], [ -83.347276533033494, 35.328483857021503 ], [ -83.357254163529404, 35.329690276568002 ], [ -83.364232152645997, 35.326000169179501 ], [ -83.372460359815406, 35.329102007045499 ], [ -83.379323714617399, 35.3255126213189 ], [ -83.386308439017299, 35.326788248643503 ], [ -83.391401308370007, 35.325528687076499 ], [ -83.399568505340994, 35.3277769270276 ], [ -83.404266581689299, 35.324907302732498 ], [ -83.410922498121806, 35.316535242359002 ], [ -83.415857926673297, 35.319466160986003 ], [ -83.4217549880224, 35.317628544246702 ], [ -83.428372884616905, 35.324555044586603 ], [ -83.432590517167597, 35.325162061996899 ], [ -83.437749332028602, 35.321921421540402 ], [ -83.440811906929198, 35.317211713240702 ], [ -83.448128568473095, 35.316677937168201 ], [ -83.4520700134386, 35.314210873475901 ], [ -83.455894102437199, 35.302803584510599 ], [ -83.461348512799404, 35.3017321387998 ], [ -83.463612909483601, 35.298979418839899 ], [ -83.467385933051503, 35.297784673912602 ], [ -83.474055686539302, 35.2976754630157 ], [ -83.486669024762094, 35.305437208542102 ], [ -83.490279844374101, 35.305554076312497 ], [ -83.495754356132096, 35.299527577627401 ], [ -83.672818770117601, 35.282802422401801 ], [ -83.678686204957998, 35.279115738548498 ], [ -83.681855484973696, 35.2806749040098 ], [ -83.681764403862005, 35.285026298357401 ], [ -83.685230023459496, 35.289428187687299 ], [ -83.695347499998903, 35.297542463230698 ], [ -83.6946287897876, 35.305541208650801 ], [ -83.691246464788406, 35.310022638774697 ], [ -83.690597929228403, 35.317165285727299 ], [ -83.685049299702996, 35.323804084568003 ], [ -83.678586386101102, 35.328225177701299 ], [ -83.670180336798296, 35.328583185170103 ], [ -83.668285497345394, 35.331235528438697 ], [ -83.660511104704398, 35.3356328905776 ], [ -83.651760213935503, 35.336871099626997 ], [ -83.645020690952407, 35.340218151464001 ], [ -83.638954399012306, 35.3388247868482 ], [ -83.628571940057398, 35.343925291325398 ], [ -83.620762989753004, 35.345295805533503 ], [ -83.616998686565196, 35.3490705017404 ], [ -83.613630159253205, 35.357270580251097 ], [ -83.601005911059801, 35.370530868546098 ], [ -83.596885769113001, 35.371878756949798 ], [ -83.593096532357706, 35.376992982123703 ], [ -83.595372681147495, 35.381083287429298 ], [ -83.592948311781001, 35.383053622233803 ], [ -83.588302034275998, 35.398087952511403 ], [ -83.586010926192102, 35.400942717605602 ], [ -83.585221517177501, 35.406591212486497 ], [ -83.583027398433799, 35.407424264598099 ], [ -83.582390099156598, 35.409637352156899 ], [ -83.585209343207296, 35.413341211809403 ], [ -83.585090846380595, 35.418211343701302 ], [ -83.589034493905103, 35.418943435167797 ], [ -83.585184994452902, 35.426011894108399 ], [ -83.5857602134286, 35.434839402814902 ], [ -83.589747881285007, 35.434925121553498 ], [ -83.594396517055003, 35.4317858075486 ], [ -83.600296754027596, 35.4313803787038 ], [ -83.610817754701799, 35.4270519293974 ], [ -83.6138240093006, 35.429021324443497 ], [ -83.618004899784594, 35.435839986172397 ], [ -83.623492043936096, 35.436682266938703 ], [ -83.632254900904101, 35.441949149867099 ], [ -83.642424537680498, 35.443624795976902 ], [ -83.644607094557998, 35.4417823555466 ], [ -83.645863024053995, 35.429460607947497 ], [ -83.652228318285097, 35.426482582337698 ], [ -83.657893789811098, 35.432267989316401 ], [ -83.664635192587795, 35.431167525902197 ], [ -83.669865126664902, 35.435650032235401 ], [ -83.674800363774494, 35.435612728517697 ], [ -83.703022406952101, 35.443238845622098 ], [ -83.707969091980004, 35.443792429000197 ], [ -83.713833405661404, 35.4420541636973 ], [ -83.7211128521067, 35.442975316121498 ], [ -83.732823432997705, 35.447412976743301 ], [ -83.756681354723696, 35.441716159696497 ], [ -83.775570112919894, 35.4436121155777 ], [ -83.801229059284793, 35.455854716271297 ], [ -83.8047942496041, 35.4538601206024 ], [ -83.804404324378496, 35.450027507859502 ], [ -83.808428178735994, 35.443962348100101 ], [ -83.8159887455286, 35.446442252124903 ], [ -83.819128862309398, 35.450385447035302 ], [ -83.831392278526394, 35.450965369671998 ], [ -83.837903221828299, 35.448748594869301 ], [ -83.844332277811802, 35.453118121941998 ], [ -83.865770589226102, 35.448286679059002 ], [ -83.868035434884803, 35.455185320814202 ], [ -83.873798071411599, 35.460419791531002 ], [ -83.882050905943601, 35.463182029343599 ], [ -83.895379662395996, 35.461497987475099 ], [ -83.907499115599094, 35.4664741255108 ], [ -83.914081089479197, 35.465060922743497 ], [ -83.928752823767894, 35.449951792830198 ], [ -83.935749314012, 35.448441944395 ], [ -83.944304511036805, 35.450794993655599 ], [ -83.953396003950601, 35.4602395650315 ], [ -83.942882955088507, 35.464404842047799 ], [ -83.941974446798696, 35.467318426726003 ], [ -83.936726957439404, 35.471559998513598 ], [ -83.924145342220996, 35.474317580839397 ], [ -83.916625764823095, 35.473656226801303 ], [ -83.911657563125203, 35.476249597411901 ], [ -83.905785424013004, 35.488696106663603 ], [ -83.900369654499201, 35.493037574568902 ], [ -83.9014705346992, 35.496558631854398 ], [ -83.889931009913596, 35.504670291252097 ], [ -83.879851809930301, 35.519056377747802 ], [ -83.873240739007002, 35.520863207639998 ], [ -83.86807378108, 35.520014979889503 ], [ -83.857185278498307, 35.521579426869202 ], [ -83.849148546566994, 35.518639118209002 ], [ -83.832147614333707, 35.524580476992703 ], [ -83.820471321690903, 35.525659040906703 ], [ -83.809897433408807, 35.533003025327403 ], [ -83.808042765951498, 35.537100136218299 ], [ -83.802808161011399, 35.541494077543298 ], [ -83.7987894761456, 35.541647463862603 ], [ -83.794649963086499, 35.545656228324802 ], [ -83.780186278316805, 35.550641061209497 ], [ -83.772670266632403, 35.557438449714702 ], [ -83.771364511876598, 35.561612384146102 ], [ -83.759554766952107, 35.562580341742802 ], [ -83.754995874862502, 35.5646215040057 ], [ -83.746516525556203, 35.5603424518455 ], [ -83.736140935617996, 35.565527382447897 ], [ -83.722775985302505, 35.562302993054203 ], [ -83.714011058931604, 35.564190094938098 ], [ -83.712479348920994, 35.566409309868099 ], [ -83.706994257147599, 35.568558173328398 ], [ -83.701246645798506, 35.567482933892897 ], [ -83.695613741918606, 35.570329110881801 ], [ -83.687701295479897, 35.568203893394497 ], [ -83.679761641531201, 35.570357411588297 ], [ -83.663808958848307, 35.569763336863701 ], [ -83.661006164934605, 35.568345685521699 ], [ -83.656017793720395, 35.5700202237499 ], [ -83.645155948224598, 35.565919974224002 ], [ -83.640134173702904, 35.566171515060901 ], [ -83.635333498410603, 35.568103167322199 ], [ -83.6338664052669, 35.570678713543103 ], [ -83.629317243283396, 35.568177688616601 ], [ -83.621312387547803, 35.572704347379897 ], [ -83.618575367206603, 35.5722606041736 ], [ -83.608340449564594, 35.580021975078303 ], [ -83.601777787346506, 35.5789260466901 ], [ -83.598353455975399, 35.575032709657698 ], [ -83.596120959513101, 35.575006172715 ], [ -83.5843777581197, 35.562705328987001 ], [ -83.572667604807506, 35.565388393292899 ], [ -83.566529283238694, 35.564301303965102 ], [ -83.564983361142296, 35.566097584223002 ], [ -83.551047461436895, 35.563461350013199 ], [ -83.540721022454505, 35.5658723729521 ], [ -83.531988195320906, 35.564492150079602 ], [ -83.521043711966797, 35.565572115452902 ], [ -83.516567898019204, 35.562444803247899 ], [ -83.498407079023096, 35.562939392974798 ], [ -83.493320650897402, 35.566836991181802 ], [ -83.485361360182495, 35.568477489163001 ], [ -83.478630516528199, 35.579236540637297 ], [ -83.479076359427197, 35.5832244845733 ], [ -83.472857976381107, 35.586258624696598 ], [ -83.471299705213696, 35.590275060331898 ], [ -83.462692033179493, 35.592578991900197 ], [ -83.461462441084194, 35.595287335846699 ], [ -83.456593539077801, 35.597200610161103 ], [ -83.455014678522005, 35.602029382555202 ], [ -83.451261441178104, 35.603941661651199 ], [ -83.445679794014495, 35.611753538339798 ], [ -83.432307117152305, 35.609996558287897 ], [ -83.422041852700502, 35.611056141138498 ], [ -83.420143899211197, 35.6135224725667 ], [ -83.415037919166096, 35.614510694529898 ], [ -83.405537195826795, 35.620518704063997 ], [ -83.396151534537296, 35.622872861353201 ], [ -83.391674731313401, 35.626571330483401 ], [ -83.388730136977799, 35.633629173131403 ], [ -83.378091609402901, 35.634569333991301 ], [ -83.371832458807404, 35.639169775251403 ], [ -83.367800806241206, 35.637848080942199 ], [ -83.366059938889094, 35.641034932232003 ], [ -83.358277381027705, 35.647004552650202 ], [ -83.355937431799006, 35.650763489180903 ], [ -83.355973195144301, 35.654312043524698 ], [ -83.352603638748505, 35.6589719504057 ], [ -83.350565029038407, 35.6606537802232 ], [ -83.345011605874006, 35.6612162088785 ], [ -83.341068352030504, 35.664595623757499 ], [ -83.338725374146094, 35.663640623789199 ], [ -83.334660169652807, 35.665668779473897 ], [ -83.321760869501105, 35.663116355531002 ], [ -83.3120802029663, 35.654618852529097 ], [ -83.298248001919205, 35.657261488280298 ], [ -83.293548933931106, 35.661886300660299 ], [ -83.290308787934094, 35.673504499893298 ], [ -83.283993237683902, 35.674470420030097 ], [ -83.281345932920402, 35.677705567486001 ], [ -83.2744712411954, 35.679083282690698 ], [ -83.271170179409296, 35.683174575138104 ], [ -83.270684077146399, 35.686833448582902 ], [ -83.259295559277803, 35.6903780443484 ], [ -83.257306394802299, 35.694239279271102 ], [ -83.252335755162605, 35.695885406575599 ], [ -83.2483032128156, 35.694313993981098 ], [ -83.239966406361305, 35.695328948760398 ], [ -83.215134063390295, 35.692343885129503 ], [ -83.206948412558503, 35.681072746937502 ], [ -83.203776387671397, 35.679688997580499 ], [ -83.199723280191193, 35.681062794369502 ], [ -83.194618501988202, 35.677866133788399 ], [ -83.191979387134793, 35.677877454505399 ], [ -83.189358994124007, 35.673553819972298 ], [ -83.181981373010601, 35.6713338387001 ], [ -83.194669355533094, 35.660896221045903 ], [ -83.196384935192, 35.654319610303098 ], [ -83.202824925296795, 35.6495721087418 ], [ -83.202433696406999, 35.6445072223149 ], [ -83.199861812913497, 35.641194556067099 ], [ -83.187518297703804, 35.640827435924798 ], [ -83.177102142715, 35.631961550017003 ], [ -83.175875315370405, 35.627506646670099 ], [ -83.180710770734805, 35.622996041843798 ], [ -83.181637110820702, 35.618693644060897 ], [ -83.179018992219198, 35.614303373205303 ], [ -83.175984430423497, 35.6124574958598 ], [ -83.182658676962703, 35.605212149955697 ], [ -83.185375768195499, 35.599376506136402 ], [ -83.183202702416693, 35.596091364408998 ], [ -83.184642076151206, 35.591427324961202 ], [ -83.183162208194702, 35.589405576094897 ], [ -83.183545280428504, 35.586323523421299 ], [ -83.175213278507599, 35.580769308731597 ], [ -83.166753047763194, 35.578472190456303 ], [ -83.162068297147798, 35.568187039167498 ], [ -83.163346445107507, 35.564676257717998 ], [ -83.160059517094496, 35.5626158193664 ], [ -83.159519066474502, 35.558661598646601 ], [ -83.155838937167005, 35.552629362630398 ], [ -83.159680174950694, 35.548430678264403 ], [ -83.162926543741605, 35.548057471291102 ], [ -83.165368818840506, 35.538482040562201 ], [ -83.171613069907494, 35.537652878549103 ], [ -83.1717479553445, 35.533812559183097 ], [ -83.169954171992103, 35.531043453455602 ], [ -83.1731468878329, 35.5288624344727 ], [ -83.173987381403407, 35.521687458 ], [ -83.186325608306902, 35.514375200769102 ] ] ] } },
{ "type": "Feature", "properties": { "OBJECTID": 88, "County": "Transylvania", "FIPS": "175", "Rec_Survey": "Recorded survey data is available. Visit North Carolina Geodetic Survey for information. https://ncgs.state.nc.us", "NCGS_url": "https://ncem-gis.maps.arcgis.com/apps/webappviewer/index.html?id=8f3edbd62c004edd8b4fe3640f224738", "ck_date": "2025-01-13T00:00:00Z", "Shape__Area": 10600068558.989227, "Shape__Length": 548386.77970392781, "GlobalID": "20c8a2e2-b49f-4cfe-a10a-e13d45976371" }, "geometry": { "type": "Polygon", "coordinates": [ [ [ -83.008535156162296, 35.0274014475348 ], [ -83.018114390782699, 35.037100149787499 ], [ -83.028588567190795, 35.039897506833697 ], [ -83.032605948794298, 35.037810052701701 ], [ -83.0334458842553, 35.0407157499899 ], [ -83.037998896316196, 35.042224858735402 ], [ -83.039022064195507, 35.047924108522302 ], [ -83.043759176788598, 35.051461582938302 ], [ -83.0473462717773, 35.050484303706902 ], [ -83.0569337408173, 35.053875385843803 ], [ -83.052180060111397, 35.055920942171802 ], [ -83.048704833683601, 35.0609890136665 ], [ -83.048614096316399, 35.064604169498999 ], [ -83.043416048269705, 35.0715404675611 ], [ -83.045257658139505, 35.075123028698101 ], [ -83.044019905741607, 35.078220174360098 ], [ -83.037434981273606, 35.079705068579997 ], [ -83.035956282119002, 35.0830339379634 ], [ -82.983219737790606, 35.131926410086002 ], [ -82.978958061619494, 35.130314857060398 ], [ -82.976810682202895, 35.132690670597597 ], [ -82.976683090882105, 35.135498553566102 ], [ -82.979581074505404, 35.1391114827764 ], [ -82.978468337302601, 35.1407995223014 ], [ -82.981518648235294, 35.143620095572302 ], [ -82.980080113795907, 35.147268185818902 ], [ -82.984755037780999, 35.150243422553899 ], [ -82.989066616518002, 35.148447333432003 ], [ -82.992725753554794, 35.153028320630703 ], [ -82.994812601632702, 35.153527550901401 ], [ -82.997649962232998, 35.158464597038098 ], [ -82.995894311799503, 35.1613788146513 ], [ -82.996630971176401, 35.163584549195498 ], [ -82.981215490456094, 35.167647323038501 ], [ -82.981827332475106, 35.169880442670703 ], [ -82.988627384515695, 35.174507230797502 ], [ -82.985394033325903, 35.179811443870797 ], [ -82.988489936123599, 35.1831251605322 ], [ -82.987166223009794, 35.1874890859551 ], [ -82.969477710541994, 35.193820107910902 ], [ -82.967896244239199, 35.199303463417401 ], [ -82.963241435504102, 35.201213941637 ], [ -82.960215256644105, 35.205464607110699 ], [ -82.959632693646896, 35.215521411034501 ], [ -82.946020286992706, 35.222799577212697 ], [ -82.935605874093596, 35.224980659470802 ], [ -82.9320341725726, 35.228920916613902 ], [ -82.931321016876495, 35.232679342444499 ], [ -82.928511934113999, 35.234747470276098 ], [ -82.927218649339693, 35.238843312570403 ], [ -82.928457141132299, 35.241448929420997 ], [ -82.924789025775894, 35.2455971262278 ], [ -82.925302181098104, 35.253454275486803 ], [ -82.919188653362895, 35.270807648365199 ], [ -82.921263019582099, 35.272945563953499 ], [ -82.919980072449306, 35.276016892063403 ], [ -82.922234583052202, 35.283207861370002 ], [ -82.920884984907303, 35.292043941717097 ], [ -82.917632280576498, 35.291690904372103 ], [ -82.9144616940128, 35.297363418828702 ], [ -82.908408898825698, 35.2991326809708 ], [ -82.899758561076396, 35.305284516571902 ], [ -82.894942005212101, 35.305493750305203 ], [ -82.892899049954295, 35.3077292606092 ], [ -82.885010949453502, 35.308051214692398 ], [ -82.876869855986499, 35.314510781539198 ], [ -82.872836542682407, 35.313989304547199 ], [ -82.869183037658701, 35.315849283627301 ], [ -82.861239124203294, 35.314421362841401 ], [ -82.857900636557702, 35.317004431251199 ], [ -82.845266273426205, 35.319031171250103 ], [ -82.831875255111797, 35.318394484663202 ], [ -82.829462788718601, 35.322726142155602 ], [ -82.824961068844203, 35.324175580092003 ], [ -82.825110796466504, 35.3278480634118 ], [ -82.823024112995299, 35.331944514269999 ], [ -82.815078500541006, 35.336084719636197 ], [ -82.813193981602097, 35.339535384845099 ], [ -82.814711185557499, 35.344398975703001 ], [ -82.805328627479497, 35.3478540001826 ], [ -82.803201345868601, 35.3501861641452 ], [ -82.801267851088397, 35.356252343110299 ], [ -82.7975472474414, 35.358788964579702 ], [ -82.796029313526901, 35.364433692524301 ], [ -82.791680859290594, 35.367221119376801 ], [ -82.787652554378894, 35.381132392160502 ], [ -82.782588565346501, 35.382891082434597 ], [ -82.7817304758604, 35.386813281896202 ], [ -82.777320590134906, 35.388649108187003 ], [ -82.7736839941429, 35.393884816955001 ], [ -82.764610657425905, 35.396245221470799 ], [ -82.759819464837193, 35.402306642480099 ], [ -82.754373917408003, 35.403024490396902 ], [ -82.750132063809104, 35.406695840956999 ], [ -82.745623890302596, 35.407352070734902 ], [ -82.746062726125601, 35.4102108530167 ], [ -82.749506726927393, 35.413018495268901 ], [ -82.7451430001707, 35.422973681522699 ], [ -82.650531498183099, 35.331831292025498 ], [ -82.619252278063598, 35.303714533261697 ], [ -82.622218062160698, 35.302962991737203 ], [ -82.623387179577193, 35.295405955341899 ], [ -82.619037735153199, 35.288435844662402 ], [ -82.610190364205195, 35.2882060223235 ], [ -82.616198079543395, 35.260252239427601 ], [ -82.614409324666497, 35.2595152173459 ], [ -82.611018330602107, 35.261515153635798 ], [ -82.604271203143, 35.2589470741597 ], [ -82.603971996723502, 35.221797407900503 ], [ -82.598556540478, 35.196943032327503 ], [ -82.590744173641696, 35.162024642522901 ], [ -82.589244956284205, 35.159685544861198 ], [ -82.585798265618706, 35.158757404247403 ], [ -82.586687636063203, 35.155894286820299 ], [ -82.585374450865203, 35.151783818220999 ], [ -82.579211286456299, 35.1499605601322 ], [ -82.577284287770894, 35.148103249959902 ], [ -82.577632075153105, 35.146361347933897 ], [ -82.574843161949602, 35.145456096011102 ], [ -82.577113406106307, 35.144744996038902 ], [ -82.578534073689895, 35.141056763057001 ], [ -82.588263306370195, 35.1428202120264 ], [ -82.591872083108001, 35.141262268919903 ], [ -82.592613345124093, 35.138631153142697 ], [ -82.597836014985404, 35.137716385258997 ], [ -82.613098855793993, 35.139660652801503 ], [ -82.614864211316899, 35.136234098114301 ], [ -82.623678134736096, 35.1336629540301 ], [ -82.624181010539104, 35.130624978688601 ], [ -82.628760674268904, 35.125783995317398 ], [ -82.636148272984897, 35.125463365407903 ], [ -82.636499288064002, 35.130065957038497 ], [ -82.639564419937102, 35.129880818832603 ], [ -82.643351897727101, 35.133789738363298 ], [ -82.644864979964893, 35.126994621519302 ], [ -82.651946371695999, 35.1262009506273 ], [ -82.651940025580799, 35.123152371609997 ], [ -82.655712589602103, 35.119947943391203 ], [ -82.662981493225104, 35.118106813842097 ], [ -82.6668940412994, 35.118061051824 ], [ -82.6692417495575, 35.120606305604397 ], [ -82.673567462944007, 35.117268833057601 ], [ -82.674839469224295, 35.1178430719768 ], [ -82.6733028510195, 35.122148581382604 ], [ -82.6748816775996, 35.127305447911098 ], [ -82.681751155067204, 35.1279796321936 ], [ -82.687282381736097, 35.125301414809996 ], [ -82.686384449958695, 35.121230204971503 ], [ -82.687742273865396, 35.1190574197391 ], [ -82.692332063566994, 35.118946305323497 ], [ -82.694539951515793, 35.116169008460702 ], [ -82.693638050824603, 35.113249558653997 ], [ -82.687118864109394, 35.1107803598413 ], [ -82.686768813714707, 35.108031834415002 ], [ -82.697638096186196, 35.095960335379203 ], [ -82.6997377601094, 35.0962828037243 ], [ -82.700074539619294, 35.100897791877898 ], [ -82.715764468375099, 35.0928613003314 ], [ -82.726737044775206, 35.094680617460398 ], [ -82.7299815295532, 35.092038428236499 ], [ -82.730316846616404, 35.087662491702297 ], [ -82.735287709243096, 35.087164926804299 ], [ -82.735067469087696, 35.084245140084398 ], [ -82.739713306713597, 35.080495954849702 ], [ -82.738920344953897, 35.078101965154197 ], [ -82.751363598016198, 35.0815402622815 ], [ -82.751117282982904, 35.073889628484501 ], [ -82.752679480259701, 35.0702723064285 ], [ -82.756514954676305, 35.067367165629598 ], [ -82.764579254351801, 35.068387226536302 ], [ -82.770095369831395, 35.067746507307298 ], [ -82.774107320049296, 35.064820333823199 ], [ -82.781735184848401, 35.065311995614401 ], [ -82.782118100595198, 35.066894943341097 ], [ -82.778928749737901, 35.070567533884699 ], [ -82.780145295051895, 35.0724919337502 ], [ -82.777398416786497, 35.0754407971544 ], [ -82.7786876895468, 35.077362522503599 ], [ -82.777005743828397, 35.077581059363098 ], [ -82.776232353138099, 35.0811717655791 ], [ -82.783175823132297, 35.085928376255197 ], [ -83.008535156162296, 35.0274014475348 ] ] ] } },
{ "type": "Feature", "properties": { "OBJECTID": 89, "County": "Tyrrell", "FIPS": "177", "Rec_Survey": "Recorded survey data is available. Visit North Carolina Geodetic Survey for information. https://ncgs.state.nc.us", "NCGS_url": "https://ncem-gis.maps.arcgis.com/apps/webappviewer/index.html?id=8f3edbd62c004edd8b4fe3640f224738", "ck_date": "2025-01-13T00:00:00Z", "Shape__Area": 16716996548.43457, "Shape__Length": 696221.2003072832, "GlobalID": "31a30585-fdcc-4a79-a1b7-7c0a4ee973ae" }, "geometry": { "type": "Polygon", "coordinates": [ [ [ -76.030699231921005, 35.663618286537698 ], [ -76.035566308536602, 35.661502059439002 ], [ -76.042750592980497, 35.663842119485103 ], [ -76.056977886734998, 35.674011761945899 ], [ -76.061096614175895, 35.675228836471597 ], [ -76.073394889374995, 35.671823770798703 ], [ -76.085373085082395, 35.674905087738203 ], [ -76.092628676653405, 35.669770794166503 ], [ -76.096683812707596, 35.669588305844997 ], [ -76.099708735037495, 35.671103869843101 ], [ -76.104100111740195, 35.678262471840199 ], [ -76.114617307800501, 35.677988618433098 ], [ -76.119611791532193, 35.679864655758301 ], [ -76.1206721343449, 35.683323591975899 ], [ -76.118270420905603, 35.691915316194297 ], [ -76.122684803426793, 35.693288574504301 ], [ -76.130074449148296, 35.6907859149822 ], [ -76.140570226042598, 35.702463546479002 ], [ -76.144265271126699, 35.702625980392398 ], [ -76.162782981587398, 35.695923937015003 ], [ -76.168218570107399, 35.698908168239299 ], [ -76.170103464608502, 35.698428232259701 ], [ -76.172764885353203, 35.695312424504998 ], [ -76.166998820856506, 35.6911799830795 ], [ -76.175585526127307, 35.690896581887202 ], [ -76.176560282229502, 35.6862516160773 ], [ -76.171883041741907, 35.681981694363898 ], [ -76.175493786762402, 35.678608538238699 ], [ -76.169613104489301, 35.672279375637601 ], [ -76.175696994911803, 35.672374247434398 ], [ -76.175860937036205, 35.664812083759699 ], [ -76.181646280364902, 35.666506049671298 ], [ -76.178760412541195, 35.659734513807599 ], [ -76.180232485456898, 35.656550205784399 ], [ -76.177829946951903, 35.6549405297216 ], [ -76.184348937430798, 35.648631463546103 ], [ -76.193403335802998, 35.645616538286298 ], [ -76.194729922191996, 35.641157039133702 ], [ -76.192786366134698, 35.640597104600701 ], [ -76.194244190479495, 35.635843817097999 ], [ -76.197454133543005, 35.636246693231101 ], [ -76.196312161067993, 35.633217242323603 ], [ -76.198756007719297, 35.634035999732603 ], [ -76.196912985237404, 35.631089340919097 ], [ -76.194825852860205, 35.631081933293999 ], [ -76.194756431287203, 35.628560264500003 ], [ -76.196493625099507, 35.628385005239601 ], [ -76.196457753290304, 35.623245103386701 ], [ -76.199728771389502, 35.622485337281901 ], [ -76.195781010814002, 35.621701732854298 ], [ -76.195621694595204, 35.620336171378099 ], [ -76.199913809485807, 35.618985953972597 ], [ -76.200136664499794, 35.617483696919599 ], [ -76.198157288904198, 35.617048140783702 ], [ -76.201518669595202, 35.615210803592802 ], [ -76.201324565396206, 35.6125815021161 ], [ -76.203256196433799, 35.611508523999703 ], [ -76.202328304433905, 35.609502538688901 ], [ -76.206423220106601, 35.611270002843298 ], [ -76.207585243523198, 35.6099988441443 ], [ -76.205181038128003, 35.6078425493398 ], [ -76.208009757188606, 35.603568747708501 ], [ -76.2157463789339, 35.598004814240902 ], [ -76.224140558831493, 35.599823571661403 ], [ -76.225538329610799, 35.601845933938101 ], [ -76.229559399194699, 35.599734814609199 ], [ -76.239148290897404, 35.602662274188397 ], [ -76.246828742221098, 35.602562993878003 ], [ -76.252256465188594, 35.606102164345202 ], [ -76.256138329008095, 35.603774593409298 ], [ -76.265360273987, 35.603263704268798 ], [ -76.270151607369598, 35.608065195898298 ], [ -76.276836287605605, 35.605182995631203 ], [ -76.2814125872125, 35.606333039587 ], [ -76.285840623320098, 35.604470713090699 ], [ -76.297901137323905, 35.608902132914103 ], [ -76.269248694625503, 35.6907616770239 ], [ -76.390822814668198, 35.696803865267597 ], [ -76.405900025668899, 35.785904398311096 ], [ -76.353648901962302, 35.8613292933574 ], [ -76.360223944409299, 35.8755768712169 ], [ -76.369641728120698, 35.8832277203866 ], [ -76.373105844154694, 35.899234460264402 ], [ -76.380012167598693, 35.914672488095398 ], [ -76.367647418586202, 35.930059482652297 ], [ -76.3651979285126, 35.945283110625397 ], [ -76.359129277553095, 35.950055990279999 ], [ -76.358779895972404, 35.951898680441197 ], [ -76.392536032947604, 36.000166117698598 ], [ -76.396785165434096, 36.026366956916497 ], [ -76.3819128984223, 36.026426900152401 ], [ -76.355071727472406, 36.019505349252299 ], [ -76.332504076802394, 36.0199468347056 ], [ -76.2789005656401, 36.0322995072016 ], [ -76.231036154548505, 36.0405092617112 ], [ -76.209843934431007, 36.042074193841898 ], [ -76.180742886735999, 36.0493712382547 ], [ -76.1580409861443, 36.059688339449004 ], [ -76.124313514852901, 36.061307230244097 ], [ -76.022400178302206, 36.086661164709902 ], [ -75.950455802488705, 36.087960505593401 ], [ -75.906292663937705, 36.0858797274512 ], [ -75.901962292531195, 36.074115406286701 ], [ -75.8895359027822, 36.055346428907697 ], [ -75.874808328514803, 36.041796038504003 ], [ -75.864670913848101, 36.036171353559098 ], [ -75.840047691503599, 36.028841458107799 ], [ -75.954375937396904, 35.990070880984398 ], [ -75.965584001447994, 35.983419255528297 ], [ -75.973141639963302, 35.976676183738299 ], [ -75.981444167860602, 35.956474334110901 ], [ -75.986817317471207, 35.917612310695397 ], [ -75.995497840932003, 35.906718668702297 ], [ -76.009154316034994, 35.8946467219697 ], [ -76.018135599054403, 35.863670415703403 ], [ -76.022588616462201, 35.809775972153602 ], [ -76.019552188271504, 35.751561394291102 ], [ -76.027416693276294, 35.718901609507597 ], [ -76.020504444611305, 35.687357284836096 ], [ -76.030699231921005, 35.663618286537698 ] ] ] } },
{ "type": "Feature", "properties": { "OBJECTID": 90, "County": "Union", "FIPS": "179", "Rec_Survey": "Recorded survey data is available. Visit North Carolina Geodetic Survey for information. https://ncgs.state.nc.us", "NCGS_url": "https://ncem-gis.maps.arcgis.com/apps/webappviewer/index.html?id=8f3edbd62c004edd8b4fe3640f224738", "ck_date": "2025-01-13T00:00:00Z", "Shape__Area": 17827946645.87561, "Shape__Length": 584449.30650737428, "GlobalID": "37cbfd08-93b9-4fed-a5b5-9f1ec577c69a" }, "geometry": { "type": "Polygon", "coordinates": [ [ [ -80.550358763828299, 35.208411517986498 ], [ -80.504985033179594, 35.1850014827207 ], [ -80.503545947438397, 35.1817272643477 ], [ -80.493366980507702, 35.1788629267784 ], [ -80.489661259666605, 35.1756903910549 ], [ -80.485794013816403, 35.1763873111042 ], [ -80.482663138058101, 35.179989545762297 ], [ -80.478978223517302, 35.1793212022056 ], [ -80.476785145029993, 35.1768302561767 ], [ -80.4766373177806, 35.172319088204297 ], [ -80.469824314227907, 35.166932277050897 ], [ -80.467893330599793, 35.1668064407055 ], [ -80.463736611497396, 35.170379007136503 ], [ -80.459350547232603, 35.165084356911301 ], [ -80.447232475881606, 35.164802530490299 ], [ -80.440083353380203, 35.161046826373102 ], [ -80.435927334618299, 35.165049865013003 ], [ -80.430319794408305, 35.166171135720198 ], [ -80.419438116603501, 35.172855057328697 ], [ -80.417049769948406, 35.171607237403101 ], [ -80.4157467432141, 35.166498795714702 ], [ -80.412190471631405, 35.163377954896298 ], [ -80.4085591216854, 35.163753811706897 ], [ -80.402912216166001, 35.167299945689201 ], [ -80.397784230875601, 35.165459180807503 ], [ -80.388331575301706, 35.165868637837399 ], [ -80.379595782788002, 35.1727910037892 ], [ -80.376775474502097, 35.177513674516298 ], [ -80.370125641851502, 35.179793047340702 ], [ -80.366013970140898, 35.175747439979602 ], [ -80.364486523160807, 35.170613878242499 ], [ -80.356984905995702, 35.164946606139601 ], [ -80.354171201171297, 35.165793345610801 ], [ -80.351553809825703, 35.169293349449802 ], [ -80.346109202589304, 35.169123552058402 ], [ -80.339898611382793, 35.174309260012599 ], [ -80.334897865306999, 35.173717230720001 ], [ -80.328248310213596, 35.176670527775897 ], [ -80.321474577611198, 35.173126704550597 ], [ -80.320933686200704, 35.178732276539399 ], [ -80.305354967062101, 35.1819281818617 ], [ -80.303877745409395, 35.188060360196999 ], [ -80.295750613722106, 35.1940596660463 ], [ -80.292478967385705, 35.194129055653697 ], [ -80.2870975742224, 35.191434006225698 ], [ -80.283853585585206, 35.192509960539397 ], [ -80.281508704434799, 35.195827165379796 ], [ -80.276831944978596, 35.195728569575003 ], [ -80.320828841538102, 34.813936269942303 ], [ -80.797463783461893, 34.819810272452003 ], [ -80.781924172746301, 34.935854931555397 ], [ -80.822842075892197, 34.981039717808699 ], [ -80.839898309603797, 35.002807980038199 ], [ -80.836425121019602, 35.006156450772501 ], [ -80.825062035675103, 35.011979470988997 ], [ -80.8210135676715, 35.017333545754703 ], [ -80.811612835623094, 35.020934663507497 ], [ -80.804509035797906, 35.0277560190994 ], [ -80.769936536333603, 35.034537505104197 ], [ -80.701028493634894, 35.087611461574703 ], [ -80.550358763828299, 35.208411517986498 ] ] ] } },
{ "type": "Feature", "properties": { "OBJECTID": 91, "County": "Vance", "FIPS": "181", "Rec_Survey": "No recent survey data available", "NCGS_url": " ", "ck_date": "2011-11-29T00:00:00Z", "Shape__Area": 7491370572.6489258, "Shape__Length": 391987.31334288302, "GlobalID": "910cfa78-a2e9-46f8-aa7c-b839c9ab4ce1" }, "geometry": { "type": "Polygon", "coordinates": [ [ [ -78.499302202853698, 36.175777556178701 ], [ -78.508334415606598, 36.182930425175897 ], [ -78.511226676480803, 36.454814921672998 ], [ -78.500932238462397, 36.486963735449002 ], [ -78.504063330022205, 36.488288019967698 ], [ -78.502347294091606, 36.4910982742065 ], [ -78.5044808518076, 36.491853319805699 ], [ -78.504205726949905, 36.4951678284962 ], [ -78.502317964963396, 36.498153601392097 ], [ -78.500561009647697, 36.498277358699802 ], [ -78.501537664371796, 36.501654851210702 ], [ -78.500225460345902, 36.504007716711399 ], [ -78.494859515883704, 36.508223032163102 ], [ -78.496889672323306, 36.508364324507298 ], [ -78.495997278194096, 36.510443432478702 ], [ -78.497797193193307, 36.514568149572497 ], [ -78.493799404680502, 36.516060429340499 ], [ -78.493327361897997, 36.518314415177201 ], [ -78.486259947552497, 36.518192441529798 ], [ -78.485471635352198, 36.5167685450321 ], [ -78.480246960822896, 36.517974577370801 ], [ -78.475461326869194, 36.522063871143899 ], [ -78.472910135325805, 36.521238681579902 ], [ -78.470503498971098, 36.522678301053901 ], [ -78.470208408582295, 36.525817331672599 ], [ -78.468292700451798, 36.523593894143701 ], [ -78.466351289995401, 36.524127248593899 ], [ -78.465203211254305, 36.525648747597501 ], [ -78.469315646392999, 36.526692330948201 ], [ -78.467132904334093, 36.532140278937099 ], [ -78.464000034631496, 36.5336347729842 ], [ -78.458859728204501, 36.531819599622999 ], [ -78.458601661495706, 36.533463655096597 ], [ -78.455343123950499, 36.534116085883802 ], [ -78.455998856209504, 36.538319213378202 ], [ -78.453393789030997, 36.540065036932297 ], [ -78.457304968366202, 36.541469949217898 ], [ -78.456915328482594, 36.542548112299698 ], [ -78.323993257393298, 36.543828842839801 ], [ -78.2771680555676, 36.306138120709598 ], [ -78.290970148764899, 36.290240069647297 ], [ -78.292176047049395, 36.285108237334001 ], [ -78.302460632363307, 36.274324505626602 ], [ -78.3048027947018, 36.2681422474082 ], [ -78.314898602052494, 36.256134127939397 ], [ -78.332623155126697, 36.241646790259999 ], [ -78.3381108426004, 36.234455542259902 ], [ -78.378142220951503, 36.235071871112901 ], [ -78.412098155455794, 36.169604290747301 ], [ -78.4165560519059, 36.169342643595598 ], [ -78.418131622618205, 36.167465683225402 ], [ -78.422011598844804, 36.168098156142698 ], [ -78.421339380970196, 36.164578938832101 ], [ -78.424933630405803, 36.163644612296501 ], [ -78.4325075315231, 36.164432515365696 ], [ -78.431820074440594, 36.166693082613499 ], [ -78.451486675295499, 36.168968208465003 ], [ -78.457911330448695, 36.163668581328103 ], [ -78.460418779959298, 36.165955436761102 ], [ -78.460688678483905, 36.169972366898499 ], [ -78.466067729711, 36.172331912196597 ], [ -78.485611033517998, 36.175100716269398 ], [ -78.484532186427501, 36.179015565631801 ], [ -78.492501046833397, 36.183985682659703 ], [ -78.4957381180959, 36.180242230514601 ], [ -78.495461806755401, 36.175779868036997 ], [ -78.499302202853698, 36.175777556178701 ] ] ] } },
{ "type": "Feature", "properties": { "OBJECTID": 92, "County": "Wake", "FIPS": "183", "Rec_Survey": "Recorded survey data is available. Visit North Carolina Geodetic Survey for information. https://ncgs.state.nc.us", "NCGS_url": "https://ncem-gis.maps.arcgis.com/apps/webappviewer/index.html?id=8f3edbd62c004edd8b4fe3640f224738", "ck_date": "2025-01-13T00:00:00Z", "Shape__Area": 23888355723.050537, "Shape__Length": 702032.70590361173, "GlobalID": "ae5eace8-821c-45f8-9668-39da64e69312" }, "geometry": { "type": "Polygon", "coordinates": [ [ [ -78.906075143476997, 35.868103708433203 ], [ -78.829967927251204, 35.866984416454301 ], [ -78.804843391592598, 35.927550540393703 ], [ -78.759108616071799, 35.918400547971999 ], [ -78.749902031649, 35.932932266476001 ], [ -78.741711021975604, 35.933912432068801 ], [ -78.7170182283527, 35.9612721460907 ], [ -78.699319604630304, 36.011454824630498 ], [ -78.707441376670303, 36.011113022312301 ], [ -78.719955113838793, 36.029597150319503 ], [ -78.740191669089995, 36.023568090294397 ], [ -78.753597676080105, 36.031369612846802 ], [ -78.754288316233001, 36.056344927054198 ], [ -78.751276497898303, 36.070840427815199 ], [ -78.719738907174005, 36.075874651933297 ], [ -78.704916671472006, 36.0764108426552 ], [ -78.6832267074561, 36.074491598162098 ], [ -78.6036823136685, 36.0424208962664 ], [ -78.493436987254597, 36.002636659434401 ], [ -78.426866406025098, 35.975018936785403 ], [ -78.394333340178903, 35.9368833594921 ], [ -78.353279685818194, 35.931063692216398 ], [ -78.350377256655904, 35.909524462175803 ], [ -78.343906550333401, 35.906805010061298 ], [ -78.335510410481902, 35.905826343133903 ], [ -78.331523595036799, 35.897941464174899 ], [ -78.328503012233796, 35.896733144775702 ], [ -78.3206244534409, 35.896009082867899 ], [ -78.319523525888997, 35.894276871550097 ], [ -78.312992424908501, 35.897328455612602 ], [ -78.3071272225108, 35.896725377081999 ], [ -78.307729552767896, 35.894812116251302 ], [ -78.303658350964795, 35.892151603141002 ], [ -78.305074241567894, 35.891055230617802 ], [ -78.303025315007503, 35.890595610838702 ], [ -78.301332341173904, 35.887777717438198 ], [ -78.297023742938705, 35.886835385185698 ], [ -78.295375375942101, 35.881391919714197 ], [ -78.291083710682898, 35.880572592484903 ], [ -78.289943952587507, 35.876603686869103 ], [ -78.284318358755897, 35.874585375543802 ], [ -78.281107682016199, 35.868135809031003 ], [ -78.278016704896004, 35.867342116691901 ], [ -78.270176106830505, 35.850863918810198 ], [ -78.269826724959401, 35.844996703778499 ], [ -78.253713503222798, 35.827485024517202 ], [ -78.254714322842204, 35.824370554987098 ], [ -78.256917185305397, 35.823599573307398 ], [ -78.255136046401304, 35.822460523941501 ], [ -78.255976362606503, 35.818127553588099 ], [ -78.300889942391507, 35.792053063687099 ], [ -78.460117331694406, 35.705668888596499 ], [ -78.464737743245493, 35.708246744462599 ], [ -78.469203521788302, 35.706630582601498 ], [ -78.473290543108504, 35.701678170759102 ], [ -78.492151997614897, 35.686909769670997 ], [ -78.708848852268503, 35.5194584761188 ], [ -78.995061636292903, 35.610141928435297 ], [ -78.936276537115305, 35.771899369815998 ], [ -78.930905128781305, 35.794367532852398 ], [ -78.926721060230307, 35.8012890176011 ], [ -78.909427029958195, 35.842946124661403 ], [ -78.906075143476997, 35.868103708433203 ] ] ] } },
{ "type": "Feature", "properties": { "OBJECTID": 93, "County": "Warren", "FIPS": "185", "Rec_Survey": "No recent survey data available", "NCGS_url": " ", "ck_date": "2011-11-29T00:00:00Z", "Shape__Area": 12388232140.091797, "Shape__Length": 504861.49149615777, "GlobalID": "8d227b4e-8e9f-494d-b61d-290076082012" }, "geometry": { "type": "Polygon", "coordinates": [ [ [ -78.006553347884093, 36.2026398380535 ], [ -78.011669028669104, 36.206101455222097 ], [ -78.014094989218094, 36.205166622767003 ], [ -78.016161491661407, 36.207825022129498 ], [ -78.018646529792207, 36.205030989653103 ], [ -78.022342072995102, 36.205444278753902 ], [ -78.023835834120604, 36.208329192506397 ], [ -78.025232356543995, 36.208232083715103 ], [ -78.024695405772803, 36.209487202673103 ], [ -78.028762654794306, 36.2102869638721 ], [ -78.030470716113101, 36.2145460322972 ], [ -78.031180496647593, 36.209012280193498 ], [ -78.035597210943493, 36.206980943805398 ], [ -78.038948140984104, 36.2088324205547 ], [ -78.037205082058307, 36.210511039083499 ], [ -78.045431828508299, 36.212553067346597 ], [ -78.043302672701799, 36.214051662722298 ], [ -78.044911814960301, 36.215471194882099 ], [ -78.056808392349197, 36.210929219228198 ], [ -78.060919421352594, 36.214247023451698 ], [ -78.063738465250907, 36.213914401547697 ], [ -78.064203530335107, 36.215659451769497 ], [ -78.069307163538596, 36.215044041480198 ], [ -78.071012377321296, 36.216591859480502 ], [ -78.071330821882995, 36.215285693415296 ], [ -78.074720805079906, 36.214898108272301 ], [ -78.077017127826693, 36.211471802084198 ], [ -78.082790250886006, 36.212764714059702 ], [ -78.084917432074903, 36.2092386064569 ], [ -78.091608331916106, 36.207694496876798 ], [ -78.094272345801699, 36.210321541559203 ], [ -78.097430619468398, 36.208928051883603 ], [ -78.098367806014593, 36.210833864659598 ], [ -78.102684216914298, 36.208946973630603 ], [ -78.104909577574901, 36.210685061211599 ], [ -78.110071673357496, 36.2102110446151 ], [ -78.110552806214102, 36.216078528567799 ], [ -78.112029603155094, 36.217506043539601 ], [ -78.114841618718998, 36.216699922068997 ], [ -78.118909867274596, 36.224167441528202 ], [ -78.121702928837607, 36.224000560835997 ], [ -78.123028020187604, 36.226265422023701 ], [ -78.125706666455002, 36.226331476430801 ], [ -78.126622351822505, 36.233288028509399 ], [ -78.124972990144698, 36.235248437948599 ], [ -78.130762899697501, 36.240431592297703 ], [ -78.132741214774299, 36.246288224402399 ], [ -78.136259439014395, 36.245925770185202 ], [ -78.137643679670603, 36.247576453943203 ], [ -78.142343769616105, 36.246044957060697 ], [ -78.148729357197197, 36.246923883015697 ], [ -78.156985965152103, 36.2444228862893 ], [ -78.160877073187706, 36.245610206155 ], [ -78.161950600869503, 36.247864917622202 ], [ -78.173174471326206, 36.255498509154002 ], [ -78.188944368466693, 36.2477305057729 ], [ -78.193924931518296, 36.246779512095401 ], [ -78.198386656084196, 36.251587971941603 ], [ -78.2157313375901, 36.251906890190597 ], [ -78.224791412935602, 36.256554321516603 ], [ -78.230375745586997, 36.255952491650397 ], [ -78.235707475925807, 36.258288134768399 ], [ -78.306973627447803, 36.266198002062097 ], [ -78.302460632363307, 36.274324505626602 ], [ -78.292176047049395, 36.285108237334001 ], [ -78.290970148764899, 36.290240069647297 ], [ -78.2771680555676, 36.306138120709598 ], [ -78.323993257393298, 36.543828842839801 ], [ -77.899762600379105, 36.544603117888201 ], [ -77.899525073860204, 36.5042091345667 ], [ -77.905572255671899, 36.490944147302599 ], [ -77.909247528363494, 36.473944357403703 ], [ -77.911797218664006, 36.442813890317801 ], [ -77.917330697853799, 36.440740910114201 ], [ -77.920112206136594, 36.4360029194793 ], [ -77.918030536762402, 36.4295099299027 ], [ -77.912066924482005, 36.424866696140199 ], [ -77.911965329283802, 36.382452812407003 ], [ -77.942408014186299, 36.298532960173297 ], [ -78.006553347884093, 36.2026398380535 ] ] ] } },
{ "type": "Feature", "properties": { "OBJECTID": 94, "County": "Washington", "FIPS": "187", "Rec_Survey": "Recorded survey data is available. Visit North Carolina Geodetic Survey for information. https://ncgs.state.nc.us", "NCGS_url": "https://ncem-gis.maps.arcgis.com/apps/webappviewer/index.html?id=8f3edbd62c004edd8b4fe3640f224738", "ck_date": "2025-01-13T00:00:00Z", "Shape__Area": 11645684917.769531, "Shape__Length": 488723.48124075582, "GlobalID": "621dc072-57b9-43ce-b3bb-0faa5b05c7b9" }, "geometry": { "type": "Polygon", "coordinates": [ [ [ -76.844622137420103, 35.705726091670599 ], [ -76.847266797859305, 35.719989024778997 ], [ -76.831330752425103, 35.730708888696803 ], [ -76.833685228818496, 35.733187454613301 ], [ -76.832619138505606, 35.736660939208299 ], [ -76.825927848352606, 35.740179323959097 ], [ -76.825225580354896, 35.744913409185202 ], [ -76.817775556481493, 35.747591169539803 ], [ -76.817098106941501, 35.749079010502697 ], [ -76.820189457093605, 35.754025132735201 ], [ -76.817090730222006, 35.759883353424399 ], [ -76.809184529357097, 35.763006315168298 ], [ -76.807965792548899, 35.768207427702102 ], [ -76.803473145725903, 35.772687427664103 ], [ -76.802265122186995, 35.776330083452201 ], [ -76.804005517894396, 35.779591050526001 ], [ -76.8034594579225, 35.783937170574099 ], [ -76.798474415614393, 35.784615617622102 ], [ -76.792764810004101, 35.790073962806702 ], [ -76.794114068715004, 35.791240995707497 ], [ -76.792822994245498, 35.792452474293597 ], [ -76.793506252899505, 35.795420004914099 ], [ -76.802608712353106, 35.805171769560303 ], [ -76.799450136901896, 35.813567277218198 ], [ -76.796852534235299, 35.816205854398 ], [ -76.782604641122504, 35.824356986062 ], [ -76.781923552798204, 35.826863736013301 ], [ -76.7849230279095, 35.829158362751301 ], [ -76.784663521228296, 35.832896224203402 ], [ -76.789302144399301, 35.837863187593499 ], [ -76.786250162644706, 35.840880117220102 ], [ -76.783730794686704, 35.848945751934899 ], [ -76.780272301871307, 35.851369131847001 ], [ -76.781170176358401, 35.853453817655499 ], [ -76.778440240263095, 35.854114922976898 ], [ -76.778571942493699, 35.856877185975101 ], [ -76.776897305360606, 35.8567124115553 ], [ -76.776015508678199, 35.858924848241301 ], [ -76.772178836832197, 35.858219915196102 ], [ -76.771580462897305, 35.861017867157202 ], [ -76.765394179565604, 35.861348517711399 ], [ -76.763171876721103, 35.864111298757599 ], [ -76.761311565446604, 35.862923316980897 ], [ -76.760599798904096, 35.864894545218299 ], [ -76.747965069752496, 35.869289175113899 ], [ -76.7380722928593, 35.877628202252801 ], [ -76.731069364441495, 35.888431778864998 ], [ -76.728266660640102, 35.897964425336397 ], [ -76.723617975455994, 35.906175038080399 ], [ -76.723201240182703, 35.912053012943304 ], [ -76.719991551705107, 35.917265714617599 ], [ -76.710667182921497, 35.922956410543897 ], [ -76.700707264870303, 35.923586584505998 ], [ -76.694535761506202, 35.9339745602812 ], [ -76.692497615415405, 35.943786457906697 ], [ -76.687510278507901, 35.950673760482097 ], [ -76.675521306736101, 35.957789628177103 ], [ -76.656033549197701, 35.966007624040202 ], [ -76.618127604189297, 35.976932224363502 ], [ -76.606216411156794, 35.978058673605403 ], [ -76.591538113340405, 35.974717302868498 ], [ -76.563164812700506, 35.9746615073513 ], [ -76.523614841352497, 35.978805739185802 ], [ -76.493377343171105, 35.9852316810221 ], [ -76.445452279760701, 35.999952105132003 ], [ -76.436946546575996, 36.004239172849701 ], [ -76.412987967101301, 36.0209420784307 ], [ -76.396785165434096, 36.026366956916497 ], [ -76.392536032947604, 36.000166117698598 ], [ -76.358779895972404, 35.951898680441197 ], [ -76.359129277553095, 35.950055990279999 ], [ -76.3651979285126, 35.945283110625397 ], [ -76.367647418586202, 35.930059482652297 ], [ -76.380012167598693, 35.914672488095398 ], [ -76.373105844154694, 35.899234460264402 ], [ -76.369641728120698, 35.8832277203866 ], [ -76.360223944409299, 35.8755768712169 ], [ -76.353648901962302, 35.8613292933574 ], [ -76.405900025668899, 35.785904398311096 ], [ -76.390822814668198, 35.696803865267597 ], [ -76.545623273818904, 35.705091346716998 ], [ -76.844622137420103, 35.705726091670599 ] ] ] } },
{ "type": "Feature", "properties": { "OBJECTID": 95, "County": "Watauga", "FIPS": "189", "Rec_Survey": "Recorded survey data is available. Visit North Carolina Geodetic Survey for information. https://ncgs.state.nc.us", "NCGS_url": "https://ncem-gis.maps.arcgis.com/apps/webappviewer/index.html?id=8f3edbd62c004edd8b4fe3640f224738", "ck_date": "2025-01-13T00:00:00Z", "Shape__Area": 8735447865.5135498, "Shape__Length": 444709.71471534873, "GlobalID": "329ef48a-e78b-4acc-b81b-fe1f43ddedc9" }, "geometry": { "type": "Polygon", "coordinates": [ [ [ -81.810519441070895, 36.111517497254198 ], [ -81.829380608285703, 36.169017814897302 ], [ -81.835650410081996, 36.168503380104497 ], [ -81.837254782958595, 36.172897907649201 ], [ -81.856784768613295, 36.193687011218699 ], [ -81.885386818692893, 36.189458351265401 ], [ -81.888327370900299, 36.196614376204401 ], [ -81.901586241111602, 36.205866647010602 ], [ -81.907701944938097, 36.214169427972202 ], [ -81.909011721772799, 36.216398949512701 ], [ -81.906766413255696, 36.218262786040498 ], [ -81.907452702715204, 36.223747703745403 ], [ -81.911241364520606, 36.229508909814697 ], [ -81.907902304148195, 36.234105060657598 ], [ -81.907746562233299, 36.238645872110098 ], [ -81.902240341024296, 36.239182130142801 ], [ -81.897029517286597, 36.242744906186203 ], [ -81.899893045819894, 36.248606921693003 ], [ -81.903393394999696, 36.249377060580599 ], [ -81.903947194832398, 36.251435504376701 ], [ -81.902207660073998, 36.254308811592203 ], [ -81.900950644595298, 36.252172584487802 ], [ -81.900040474467502, 36.254017524412902 ], [ -81.896678443631203, 36.255086503088599 ], [ -81.896081495632899, 36.256437164248602 ], [ -81.897935314586306, 36.2575292989793 ], [ -81.895860431855297, 36.258256766093197 ], [ -81.895513168089295, 36.260357321971803 ], [ -81.897064034882902, 36.26201728302 ], [ -81.893492892910601, 36.264537904570702 ], [ -81.895360947999905, 36.2721231497082 ], [ -81.900075284806704, 36.280738678354901 ], [ -81.907576491220198, 36.278559550219903 ], [ -81.912834817593406, 36.281477437360202 ], [ -81.918122418605407, 36.287135795006002 ], [ -81.908201497098901, 36.3019670052851 ], [ -81.899455348095501, 36.307029218821498 ], [ -81.887350369007805, 36.309203587002202 ], [ -81.879523657457099, 36.313796270544401 ], [ -81.866632174985298, 36.326229967677598 ], [ -81.865512615753204, 36.329199593634002 ], [ -81.854991885499103, 36.337217639852 ], [ -81.851914610468597, 36.337018834614597 ], [ -81.833053022836197, 36.347339087095897 ], [ -81.810280048800806, 36.351857237974798 ], [ -81.800935893495705, 36.358005465841501 ], [ -81.797282713232804, 36.358552618022102 ], [ -81.793088844069899, 36.362414457955303 ], [ -81.793591497980799, 36.358964787117998 ], [ -81.790759183258501, 36.355648433298597 ], [ -81.789733222964401, 36.348335041127598 ], [ -81.778892526575802, 36.348573085056998 ], [ -81.774081016250804, 36.343831125361802 ], [ -81.769174099067897, 36.342470299555799 ], [ -81.764957710863499, 36.338729293404697 ], [ -81.761135284678303, 36.340261240513101 ], [ -81.754473543081801, 36.337006284793297 ], [ -81.745736480864593, 36.337599199545799 ], [ -81.7396095780732, 36.339763994762599 ], [ -81.736032791343206, 36.3429789592603 ], [ -81.721034787224099, 36.338684871070797 ], [ -81.718497860644305, 36.336128337745102 ], [ -81.707478888965795, 36.335232315533403 ], [ -81.705327145426295, 36.341421980141199 ], [ -81.706115815131696, 36.343731044043302 ], [ -81.708245400797395, 36.3463399537955 ], [ -81.716802882811095, 36.347602328335398 ], [ -81.721524860065898, 36.351310904242403 ], [ -81.724376229621399, 36.357701376212802 ], [ -81.722523289053598, 36.358647029716799 ], [ -81.722886876145296, 36.361244028791397 ], [ -81.727119734480397, 36.365593017162603 ], [ -81.726069198721603, 36.368792113579403 ], [ -81.734664114711407, 36.379448673966401 ], [ -81.729501703669001, 36.385446320425601 ], [ -81.730516745204, 36.388292284181198 ], [ -81.7287844539823, 36.391315570719101 ], [ -81.638189322241402, 36.3496132810535 ], [ -81.597371907175102, 36.308745955156603 ], [ -81.5892398822036, 36.303096178433002 ], [ -81.582162465613195, 36.291117585762699 ], [ -81.574173453981203, 36.283727653621298 ], [ -81.573983286002203, 36.281634914367899 ], [ -81.566122510692296, 36.272044137470203 ], [ -81.552343565367593, 36.2764745726614 ], [ -81.546772176914502, 36.272236136413703 ], [ -81.532607884610897, 36.265711739474703 ], [ -81.521684126523098, 36.255336086261501 ], [ -81.5148605556316, 36.2569071295962 ], [ -81.486317583260899, 36.241262756718399 ], [ -81.477311723691599, 36.240260945159697 ], [ -81.477706259667997, 36.235836740528903 ], [ -81.474979690065496, 36.231648903513403 ], [ -81.465321034653996, 36.226584878181697 ], [ -81.466750896326104, 36.224996755087098 ], [ -81.466395343162404, 36.220374574645902 ], [ -81.463511099860497, 36.212684356161198 ], [ -81.461213601197102, 36.2112926782033 ], [ -81.4618105312815, 36.206096281853803 ], [ -81.4599128249328, 36.202140611443603 ], [ -81.455796111813001, 36.200448226056601 ], [ -81.500395631591999, 36.142501328093203 ], [ -81.545491283954604, 36.117482328997902 ], [ -81.660661683164605, 36.118405060916402 ], [ -81.675031252117705, 36.122557434594498 ], [ -81.810519441070895, 36.111517497254198 ] ] ] } },
{ "type": "Feature", "properties": { "OBJECTID": 96, "County": "Wayne", "FIPS": "191", "Rec_Survey": "Recorded survey data is available. Visit North Carolina Geodetic Survey for information. https://ncgs.state.nc.us", "NCGS_url": "https://ncem-gis.maps.arcgis.com/apps/webappviewer/index.html?id=8f3edbd62c004edd8b4fe3640f224738", "ck_date": "2025-01-13T00:00:00Z", "Shape__Area": 15544108319.309448, "Shape__Length": 579779.30579261575, "GlobalID": "d8af9501-60d9-48eb-95b0-fe5d25bfa0c2" }, "geometry": { "type": "Polygon", "coordinates": [ [ [ -77.998685108046004, 35.585671344598197 ], [ -77.824364794538198, 35.586467254777602 ], [ -77.8225131641003, 35.585389502509997 ], [ -77.8267633224241, 35.423450996026801 ], [ -77.821838720115593, 35.421205863687902 ], [ -77.818044170746305, 35.415481484167103 ], [ -77.813333247371901, 35.413793608086301 ], [ -77.805405163425903, 35.407335595627202 ], [ -77.803865891391496, 35.395302131968997 ], [ -77.799863907429298, 35.382283286834401 ], [ -77.802853584456898, 35.372885549087201 ], [ -77.818049814369601, 35.357442340396297 ], [ -77.819272216498007, 35.3520061749958 ], [ -77.824182281939898, 35.343818296243903 ], [ -77.834263928326806, 35.177858683834799 ], [ -77.888770646821996, 35.159968845318701 ], [ -77.893930157456097, 35.154126872434603 ], [ -77.892021237386004, 35.146355150858902 ], [ -77.898145092932594, 35.148883085657403 ], [ -77.903967757758295, 35.154607621574399 ], [ -77.908948791436899, 35.157124090685102 ], [ -77.909609328835501, 35.1623251836848 ], [ -77.913226672604694, 35.166153641325302 ], [ -77.925673260156501, 35.172926740937598 ], [ -77.930034500268803, 35.173563885212602 ], [ -77.936041404991997, 35.170987979002497 ], [ -77.945064567559399, 35.172404379713299 ], [ -77.953457283675505, 35.165521607318198 ], [ -77.970111364419495, 35.165929144964501 ], [ -77.978327723114404, 35.1707924508191 ], [ -77.981503677199598, 35.180264720364299 ], [ -77.984275840840695, 35.183894301904999 ], [ -77.994637720751797, 35.183163911803398 ], [ -78.000901931408507, 35.188978331651697 ], [ -78.006446787483299, 35.1907994235209 ], [ -78.017091305664096, 35.190891951420397 ], [ -78.020635531595303, 35.193974412362003 ], [ -78.033796609443698, 35.1918150223838 ], [ -78.044468030021605, 35.192537088939197 ], [ -78.077391721496397, 35.175142318534199 ], [ -78.163422884833906, 35.189723466390497 ], [ -78.161847345280506, 35.204329512244797 ], [ -78.246232895319807, 35.226020344884397 ], [ -78.306582904154297, 35.287611284703502 ], [ -78.289714088113001, 35.315084186939401 ], [ -78.276037055241702, 35.315142927555399 ], [ -78.269107476335094, 35.322793386387801 ], [ -78.258169594800705, 35.3256965214754 ], [ -78.248789288582003, 35.320437310612 ], [ -78.242632234233, 35.3198058176648 ], [ -78.215647611029894, 35.333481317498503 ], [ -78.216728121213194, 35.3368695501619 ], [ -78.215480535982906, 35.341534506728102 ], [ -78.213518732238697, 35.340469311555204 ], [ -78.211800152442194, 35.342338004544402 ], [ -78.209565711921101, 35.339683386802697 ], [ -78.200782941171894, 35.341287998216302 ], [ -78.197284873874395, 35.340068335775598 ], [ -78.196276527421801, 35.3435747681566 ], [ -78.187008007938303, 35.342588885825897 ], [ -78.184808035233303, 35.345426624186899 ], [ -78.180027713966894, 35.3437136824571 ], [ -78.174026644686407, 35.347265049282598 ], [ -78.170164564161695, 35.346331119463301 ], [ -78.167901519212194, 35.347990775458697 ], [ -78.165559935600498, 35.346374406699702 ], [ -78.160575010162006, 35.349557297716103 ], [ -78.158791790185802, 35.3474952424016 ], [ -78.153245167662405, 35.350678136065 ], [ -78.153719803169594, 35.356430284530099 ], [ -78.160080094134003, 35.356634554746101 ], [ -78.159964822642706, 35.359271420912599 ], [ -78.157664972000404, 35.360126795306201 ], [ -78.162410211727803, 35.367382066969299 ], [ -78.157840799407197, 35.375023508283498 ], [ -78.150725151023394, 35.378570460732 ], [ -78.145819808267106, 35.382988009664302 ], [ -78.144204508789002, 35.386901274325801 ], [ -78.149762364744305, 35.391758059974897 ], [ -78.153674920642402, 35.391993616315503 ], [ -78.154912537867204, 35.417816978524897 ], [ -78.058008671975102, 35.597812672403798 ], [ -77.998685108046004, 35.585671344598197 ] ] ] } },
{ "type": "Feature", "properties": { "OBJECTID": 97, "County": "Wilkes", "FIPS": "193", "Rec_Survey": "Recorded survey data is available. Visit North Carolina Geodetic Survey for information. https://ncgs.state.nc.us", "NCGS_url": "https://ncem-gis.maps.arcgis.com/apps/webappviewer/index.html?id=8f3edbd62c004edd8b4fe3640f224738", "ck_date": "2025-01-13T00:00:00Z", "Shape__Area": 21111515172.647766, "Shape__Length": 718180.0394078258, "GlobalID": "69241b1a-84e3-4fa4-8b2e-197d151c8dbe" }, "geometry": { "type": "Polygon", "coordinates": [ [ [ -81.314355733956404, 36.004266483738199 ], [ -81.313903399340902, 36.001467554995102 ], [ -81.315842981432695, 36.000708654437602 ], [ -81.317553876800602, 35.997079493913297 ], [ -81.326860260037904, 35.994907905792203 ], [ -81.344984152782104, 36.025630338733997 ], [ -81.348476671674106, 36.025798742863003 ], [ -81.378016468171097, 36.040751136916697 ], [ -81.382012931788907, 36.044434850539801 ], [ -81.396399152138002, 36.0407712034567 ], [ -81.3973111351835, 36.043106865408298 ], [ -81.389466844171693, 36.050135398467901 ], [ -81.396562999599695, 36.056627300484998 ], [ -81.400043228088904, 36.062578734082997 ], [ -81.397785678763896, 36.066424279745803 ], [ -81.403287601523303, 36.0659399060347 ], [ -81.406386965525002, 36.0678373216087 ], [ -81.407417589880097, 36.071856637625402 ], [ -81.409452158235894, 36.0707369186119 ], [ -81.411199504640507, 36.072799346346798 ], [ -81.414693952026695, 36.072731188114503 ], [ -81.417348835779507, 36.070854691591798 ], [ -81.424444234383301, 36.077858031205899 ], [ -81.431073397237697, 36.075322553263 ], [ -81.438201198058707, 36.075294901650302 ], [ -81.444763347540601, 36.072133760574701 ], [ -81.444444829887303, 36.0754667007634 ], [ -81.448065435103103, 36.079431680772998 ], [ -81.447376024358206, 36.083032271079702 ], [ -81.453202523835301, 36.0867130346642 ], [ -81.453984779617102, 36.090495423694001 ], [ -81.460025741213599, 36.090973885596497 ], [ -81.467805240263104, 36.085543121479901 ], [ -81.477794611807099, 36.092771044045598 ], [ -81.477124256550098, 36.096841030260897 ], [ -81.484343967139097, 36.095996868815803 ], [ -81.489167320108606, 36.098576022028901 ], [ -81.493515450706596, 36.0975014876296 ], [ -81.495663136528606, 36.100591068736698 ], [ -81.501618126670394, 36.1003394065187 ], [ -81.508416393202197, 36.096984005631199 ], [ -81.516468751854106, 36.097483035449798 ], [ -81.520014865077997, 36.102603352576402 ], [ -81.545491283954604, 36.117482328997902 ], [ -81.500395631591999, 36.142501328093203 ], [ -81.455796111813001, 36.200448226056601 ], [ -81.4599128249328, 36.202140611443603 ], [ -81.4618105312815, 36.206096281853803 ], [ -81.461213601197102, 36.2112926782033 ], [ -81.463511099860497, 36.212684356161198 ], [ -81.466395343162404, 36.220374574645902 ], [ -81.466750896326104, 36.224996755087098 ], [ -81.465321034653996, 36.226584878181697 ], [ -81.472187003458302, 36.229399158935898 ], [ -81.477706259667997, 36.235836740528903 ], [ -81.477311723691599, 36.240260945159697 ], [ -81.464610290847602, 36.2568923806543 ], [ -81.453876046298802, 36.261560327609303 ], [ -81.442927093776007, 36.259780616788397 ], [ -81.440359927307597, 36.262168497636502 ], [ -81.430241203041305, 36.266043172942901 ], [ -81.428971698584704, 36.272968198794501 ], [ -81.416802783511301, 36.277966828987701 ], [ -81.413128541208096, 36.281463727417297 ], [ -81.415839275779405, 36.291661187158397 ], [ -81.414092166219405, 36.294739464542602 ], [ -81.4092361786401, 36.294404276324201 ], [ -81.405449107169204, 36.290700913909298 ], [ -81.38832186082, 36.2846861878037 ], [ -81.378801549311305, 36.289257938177897 ], [ -81.373352124882501, 36.2848789536053 ], [ -81.366728982974806, 36.284454073647098 ], [ -81.366761904223793, 36.303479858105597 ], [ -81.363013889832203, 36.304799113533299 ], [ -81.361369369665098, 36.309510117182597 ], [ -81.362973144393607, 36.313232074531498 ], [ -81.366607030503005, 36.359138240505601 ], [ -81.362709447349204, 36.361474623526298 ], [ -81.3619772815034, 36.364723231680799 ], [ -81.359223759660594, 36.366689371025103 ], [ -81.350609004738899, 36.367002896953501 ], [ -81.343159170390706, 36.371268520438399 ], [ -81.334935150980897, 36.369156727194202 ], [ -81.333729986724606, 36.3707280866101 ], [ -81.322420773275098, 36.3734980699762 ], [ -81.319059035303397, 36.3677280269753 ], [ -81.314909545468495, 36.368074696254702 ], [ -81.306480150682901, 36.3644310746757 ], [ -81.291570391638103, 36.364664718322899 ], [ -81.281773891724399, 36.354516566568897 ], [ -81.259331405157099, 36.356319921150998 ], [ -81.249986400019907, 36.362651766405101 ], [ -81.253652425566997, 36.3666023343227 ], [ -81.249273211895499, 36.367622344625403 ], [ -81.243526210566202, 36.366064564681501 ], [ -81.238288254659594, 36.368301544610901 ], [ -81.238107070599895, 36.370371221474201 ], [ -81.230826589958795, 36.374987787600602 ], [ -81.220171542625806, 36.377609922035099 ], [ -81.212591244509696, 36.385561514821902 ], [ -81.189286066778706, 36.399389091694701 ], [ -81.162959893124295, 36.432522093505803 ], [ -81.160442334333496, 36.429062351467401 ], [ -81.148927086050307, 36.425129654750798 ], [ -81.146859719177996, 36.421930188557603 ], [ -81.147656866717, 36.4191885568668 ], [ -81.142634771396501, 36.4192053252143 ], [ -81.138245758327002, 36.412485924623297 ], [ -81.132626422912494, 36.415488714413499 ], [ -81.128274598079798, 36.422133091946101 ], [ -81.128401571808794, 36.425906253418098 ], [ -81.095115067085402, 36.440779999504898 ], [ -81.091789140446394, 36.435929050799203 ], [ -81.083730348947796, 36.433033196860798 ], [ -81.083320982494001, 36.429847302814501 ], [ -81.078797328933405, 36.425922213338303 ], [ -81.079769142924206, 36.422432954308398 ], [ -81.078050676912895, 36.417927672975203 ], [ -81.044272469673501, 36.4110677543759 ], [ -81.043790178761398, 36.3933272272089 ], [ -81.026688652616699, 36.373199355155002 ], [ -81.013674105701497, 36.371148211108803 ], [ -80.994654154215894, 36.379403585552701 ], [ -80.981376326843403, 36.3761675327696 ], [ -80.979429944377202, 36.379073512591802 ], [ -80.984030848097603, 36.388830981877597 ], [ -80.981671114040395, 36.391238554686602 ], [ -80.971286426614896, 36.395579893358097 ], [ -80.967156457848006, 36.402026826200398 ], [ -80.964540520327802, 36.399024823574301 ], [ -80.957240184107505, 36.397212896544502 ], [ -80.9548818691284, 36.393865430121302 ], [ -80.957101197803993, 36.389984841869598 ], [ -80.956625184452605, 36.385931564333198 ], [ -80.951833148371506, 36.383500535162902 ], [ -80.942139806871197, 36.373611008224998 ], [ -80.924582508520302, 36.364555983530103 ], [ -80.916593369451107, 36.367970140061502 ], [ -80.913255053298599, 36.364441506164802 ], [ -80.905994275024995, 36.361452577967398 ], [ -80.899988929587295, 36.353884589375198 ], [ -80.893272945155303, 36.341216363043898 ], [ -80.885052273469995, 36.337967448622599 ], [ -80.882429709442903, 36.335309708542503 ], [ -80.879427963946796, 36.3353021826576 ], [ -80.868747388485303, 36.326471029267502 ], [ -80.881594564785303, 36.055689234809002 ], [ -80.975678776239306, 36.058817609964002 ], [ -81.048511546774506, 36.041086594522298 ], [ -81.057575378960195, 36.0315571736053 ], [ -81.098116768381303, 36.028169298738298 ], [ -81.098587911440404, 36.030898020330298 ], [ -81.104929264222406, 36.0355111196045 ], [ -81.111513398556696, 36.037740448311197 ], [ -81.115802963679201, 36.034254629921399 ], [ -81.121512265018893, 36.035627822326802 ], [ -81.123464274131607, 36.037812135686899 ], [ -81.136818127404098, 36.036392184783899 ], [ -81.139826268491703, 36.0376594571593 ], [ -81.145537317354197, 36.033876626255797 ], [ -81.168607235063206, 36.025452522123501 ], [ -81.1739067731517, 36.026168890128801 ], [ -81.173832746912396, 36.029068823929201 ], [ -81.175734881297103, 36.031112258131799 ], [ -81.182485828365103, 36.033067730840898 ], [ -81.1858290060256, 36.035719428439599 ], [ -81.189532374559306, 36.035556373386498 ], [ -81.190283870769207, 36.037218906800099 ], [ -81.195905972841999, 36.035039874818096 ], [ -81.202618490731197, 36.036196767402899 ], [ -81.206035299687201, 36.033103206806203 ], [ -81.212257179279703, 36.034113951536 ], [ -81.219345936312905, 36.029832087120397 ], [ -81.230156560142504, 36.031460546456003 ], [ -81.232352150369493, 36.030169972936697 ], [ -81.238002481602507, 36.030851735710897 ], [ -81.240716725614007, 36.026391478288602 ], [ -81.244380912681507, 36.0248387252485 ], [ -81.249877887966903, 36.027271045930497 ], [ -81.253219321402597, 36.025430256087702 ], [ -81.256527549544103, 36.0264597575053 ], [ -81.268454795958306, 36.0249902926912 ], [ -81.272058500188393, 36.021630672824202 ], [ -81.281407919662698, 36.018265520226798 ], [ -81.284468213089397, 36.0154336018077 ], [ -81.283873126677406, 36.012901221208899 ], [ -81.300389017360104, 36.006168068217498 ], [ -81.301199754912602, 36.004358718671497 ], [ -81.314355733956404, 36.004266483738199 ] ] ] } },
{ "type": "Feature", "properties": { "OBJECTID": 98, "County": "Wilson", "FIPS": "195", "Rec_Survey": "Recorded survey data is available. Visit North Carolina Geodetic Survey for information. https://ncgs.state.nc.us", "NCGS_url": "https://ncem-gis.maps.arcgis.com/apps/webappviewer/index.html?id=8f3edbd62c004edd8b4fe3640f224738", "ck_date": "2025-01-13T00:00:00Z", "Shape__Area": 10399605976.379028, "Shape__Length": 430628.77043180767, "GlobalID": "2b485dcd-086d-441f-9e9c-c33b82b18800" }, "geometry": { "type": "Polygon", "coordinates": [ [ [ -77.8225131641003, 35.585389502509997 ], [ -77.824364794538198, 35.586467254777602 ], [ -77.9983576075131, 35.585603666978301 ], [ -78.058008671975102, 35.597812672403798 ], [ -78.064786052730298, 35.585269898825103 ], [ -78.125541114332094, 35.603113949767703 ], [ -78.157840879620494, 35.6855938978645 ], [ -78.161344352142294, 35.698159976528601 ], [ -78.161177309451304, 35.712747381877797 ], [ -78.163875301328503, 35.714235928950998 ], [ -78.163924592161607, 35.712807980655597 ], [ -78.168115499214295, 35.713348382242202 ], [ -78.170637361722001, 35.717073142963997 ], [ -78.174986659084794, 35.717621432523202 ], [ -78.177492515872402, 35.7209934104879 ], [ -78.175723580269903, 35.7229973215331 ], [ -78.176420257283496, 35.724869182292402 ], [ -78.180372106490196, 35.725412188740798 ], [ -78.182308168234997, 35.728878947062597 ], [ -78.192119742148705, 35.730551680709297 ], [ -78.188969473884001, 35.734247394819 ], [ -78.181663474433194, 35.738087537033103 ], [ -78.147104108451401, 35.745810199197599 ], [ -78.008102839389196, 35.7989483285074 ], [ -77.897360125937197, 35.843860003161701 ], [ -77.883120299967203, 35.846238192439102 ], [ -77.8738798569144, 35.849740740560001 ], [ -77.853087320160697, 35.843890209533598 ], [ -77.844717526125194, 35.837609128208697 ], [ -77.827883155326006, 35.866974521069203 ], [ -77.821830342417698, 35.861851706825497 ], [ -77.806580413029195, 35.857478180163099 ], [ -77.751341555237701, 35.827800809713899 ], [ -77.749432444893998, 35.821066755995702 ], [ -77.750422460101504, 35.817885975992901 ], [ -77.7184385367662, 35.728829790309597 ], [ -77.674834912219396, 35.689105132509503 ], [ -77.665133775715105, 35.674941830837298 ], [ -77.688093716290197, 35.6609644203809 ], [ -77.753501402147293, 35.615966352536198 ], [ -77.806293196280805, 35.583443249945802 ], [ -77.815060612882704, 35.588288090770199 ], [ -77.8225131641003, 35.585389502509997 ] ] ] } },
{ "type": "Feature", "properties": { "OBJECTID": 99, "County": "Yadkin", "FIPS": "197", "Rec_Survey": "Recorded survey data is available. Visit North Carolina Geodetic Survey for information. https://ncgs.state.nc.us", "NCGS_url": "https://ncem-gis.maps.arcgis.com/apps/webappviewer/index.html?id=8f3edbd62c004edd8b4fe3640f224738", "ck_date": "2025-01-13T00:00:00Z", "Shape__Area": 9415514046.7497559, "Shape__Length": 452687.3907898172, "GlobalID": "1434800b-c873-4475-8865-cea54663d8f2" }, "geometry": { "type": "Polygon", "coordinates": [ [ [ -80.495553784220505, 36.045971625011298 ], [ -80.881594564785303, 36.055689234809002 ], [ -80.873208349994997, 36.236312252405497 ], [ -80.867632494017002, 36.239063801586802 ], [ -80.849128747875596, 36.240893573376603 ], [ -80.8252356191974, 36.250030199086503 ], [ -80.817011048850702, 36.251094578145498 ], [ -80.808717843131006, 36.254333623633102 ], [ -80.802168255975303, 36.2526092070229 ], [ -80.799543219708497, 36.249187174611997 ], [ -80.796134076744295, 36.2481772636228 ], [ -80.783976702025896, 36.2528391271141 ], [ -80.778383617382502, 36.256933609595897 ], [ -80.780039538299206, 36.268867591335898 ], [ -80.775754453534105, 36.274029993485399 ], [ -80.768732465150705, 36.275010246791098 ], [ -80.759897809380206, 36.269294321816197 ], [ -80.755447760846806, 36.264149173072397 ], [ -80.751781245381494, 36.263386314004698 ], [ -80.743857826664097, 36.271480307119901 ], [ -80.741814825358702, 36.277805355356698 ], [ -80.737599118168006, 36.280365454999803 ], [ -80.732071631464507, 36.276548320194998 ], [ -80.734554672867603, 36.268822131234401 ], [ -80.733351612651802, 36.267208527495796 ], [ -80.720747473079896, 36.2701038061861 ], [ -80.7130397217542, 36.266724061075699 ], [ -80.702817907093205, 36.266005888625301 ], [ -80.684586670376206, 36.268758070031502 ], [ -80.678734438895503, 36.264218305068503 ], [ -80.676826456365802, 36.256888555375703 ], [ -80.673158154051706, 36.252228021494702 ], [ -80.668219208023302, 36.250945567614501 ], [ -80.655148707969104, 36.252073990832699 ], [ -80.6478899924507, 36.257018332108501 ], [ -80.647749888755001, 36.263542628166903 ], [ -80.643319969903104, 36.272407313221798 ], [ -80.638880194515494, 36.273436043564999 ], [ -80.630607350284194, 36.272350607252797 ], [ -80.627200645786999, 36.274162343283997 ], [ -80.626408939475496, 36.2775789641816 ], [ -80.631587689906098, 36.285119527505401 ], [ -80.628212025742897, 36.287936385581602 ], [ -80.622324571225604, 36.285713501567997 ], [ -80.6150294818096, 36.2796407991951 ], [ -80.593256484978298, 36.269852357115496 ], [ -80.572161710351295, 36.280460718658397 ], [ -80.559570451255098, 36.282967733001001 ], [ -80.554141893592103, 36.282384438978497 ], [ -80.549384804718699, 36.285307181250303 ], [ -80.546012160073303, 36.284942115600799 ], [ -80.539293772614101, 36.282109766213203 ], [ -80.536684970131702, 36.279289018221803 ], [ -80.535465542823104, 36.272229482990603 ], [ -80.5373468853265, 36.262168858693997 ], [ -80.532798755198499, 36.258140341529497 ], [ -80.509191486093499, 36.258433299084999 ], [ -80.505173071645302, 36.259923040490399 ], [ -80.483689764168702, 36.256008951242997 ], [ -80.477074896680094, 36.260681588473602 ], [ -80.466730988653097, 36.2598274842709 ], [ -80.4622363747485, 36.256076568222703 ], [ -80.4602161997623, 36.247005782027003 ], [ -80.4374515136452, 36.229891311222303 ], [ -80.432247566941996, 36.218017158170298 ], [ -80.433127710825701, 36.2155901842833 ], [ -80.442890495811895, 36.212984744790397 ], [ -80.446370204825996, 36.207205898067201 ], [ -80.439589963792898, 36.1904874637981 ], [ -80.443683458983401, 36.180757544483001 ], [ -80.438527647635098, 36.175539979869498 ], [ -80.4368263678505, 36.169303138805198 ], [ -80.439097135410506, 36.160884576473102 ], [ -80.442863077210504, 36.1558955315964 ], [ -80.442836259058794, 36.150320995282499 ], [ -80.438933861458494, 36.138461029507297 ], [ -80.449449783590495, 36.129514909984898 ], [ -80.454007391273393, 36.122462507301599 ], [ -80.462329957453505, 36.118137605079397 ], [ -80.473289883964995, 36.1187770947719 ], [ -80.488032889727705, 36.116092859125899 ], [ -80.507522286698403, 36.107521336887203 ], [ -80.5101928952853, 36.098028623600101 ], [ -80.515583097571493, 36.093395136560403 ], [ -80.516580900820998, 36.083359480256398 ], [ -80.509885798937006, 36.073359728711097 ], [ -80.507250805973698, 36.0549468842135 ], [ -80.495553784220505, 36.045971625011298 ] ] ] } },
{ "type": "Feature", "properties": { "OBJECTID": 100, "County": "Yancey", "FIPS": "199", "Rec_Survey": "Recorded survey data is available. Visit North Carolina Geodetic Survey for information. https://ncgs.state.nc.us", "NCGS_url": "https://ncem-gis.maps.arcgis.com/apps/webappviewer/index.html?id=8f3edbd62c004edd8b4fe3640f224738", "ck_date": "2025-01-13T00:00:00Z", "Shape__Area": 8729856044.7456665, "Shape__Length": 540459.65357597603, "GlobalID": "279eb86b-4918-4bf9-956c-72a4919205d7" }, "geometry": { "type": "Polygon", "coordinates": [ [ [ -82.133230770144294, 35.8233251049571 ], [ -82.141208930008801, 35.812868628072501 ], [ -82.150016470866305, 35.809420580921902 ], [ -82.1471019408377, 35.807408244844403 ], [ -82.147535266349195, 35.8042981424652 ], [ -82.152116677622999, 35.804100900890802 ], [ -82.158694748328898, 35.801096495800998 ], [ -82.161893329292695, 35.797843261550199 ], [ -82.1614763093893, 35.795578930117898 ], [ -82.163595121079993, 35.792595773913497 ], [ -82.167763795816498, 35.789430337896903 ], [ -82.166786889039699, 35.784907608207497 ], [ -82.158311312023002, 35.779745304694103 ], [ -82.160436368028797, 35.774321549056502 ], [ -82.164079027362604, 35.772767065142403 ], [ -82.170480077820699, 35.7630298327975 ], [ -82.169806509481603, 35.760924896078301 ], [ -82.176219024337101, 35.758226839168003 ], [ -82.176934524184702, 35.756039787939898 ], [ -82.184391279921996, 35.753468096871202 ], [ -82.184883710072498, 35.750131880058099 ], [ -82.193406225766097, 35.735320847962001 ], [ -82.197605776798994, 35.736331153457201 ], [ -82.199801703331303, 35.733962380530897 ], [ -82.203961180082104, 35.7328297897919 ], [ -82.213481568543202, 35.724375274151598 ], [ -82.2166618774895, 35.724187091743801 ], [ -82.224571641053601, 35.7187061396628 ], [ -82.231000560635295, 35.717631491345998 ], [ -82.237567666852797, 35.713430187353303 ], [ -82.242263598568499, 35.713059815613398 ], [ -82.244586179897993, 35.709013792482303 ], [ -82.252423516706102, 35.706143558293903 ], [ -82.257845563916604, 35.698858896903801 ], [ -82.266724434783697, 35.700478555597101 ], [ -82.2702802209797, 35.703887718737299 ], [ -82.275400182145304, 35.704444715020799 ], [ -82.275947457802005, 35.7144130523128 ], [ -82.285167937685401, 35.725857549856997 ], [ -82.291178864131794, 35.7299312689332 ], [ -82.313068972909804, 35.733610272317797 ], [ -82.321745360334006, 35.740154557579203 ], [ -82.326450056431597, 35.747138984329503 ], [ -82.334870690063099, 35.749061501655802 ], [ -82.337734053325406, 35.768163674544297 ], [ -82.3436991625465, 35.775475341769699 ], [ -82.343312027133194, 35.780650121536802 ], [ -82.346361266549394, 35.787005781359099 ], [ -82.343522672197196, 35.7918070485619 ], [ -82.338303369063794, 35.796156003231303 ], [ -82.3382985692283, 35.801723791271201 ], [ -82.346648780673704, 35.805745256414902 ], [ -82.348695089384407, 35.811463425834702 ], [ -82.358493575101903, 35.816963154316603 ], [ -82.361960044149598, 35.821252073202601 ], [ -82.3656425444983, 35.821792963126398 ], [ -82.373592695335901, 35.817834163286797 ], [ -82.381716786447598, 35.824116547658399 ], [ -82.396585272288107, 35.818331066620601 ], [ -82.402610289235298, 35.817541214579698 ], [ -82.403590159272099, 35.819495450390001 ], [ -82.408737057079193, 35.818137065212198 ], [ -82.413957145112207, 35.819846064992298 ], [ -82.4143395578417, 35.823267489266499 ], [ -82.412052087440998, 35.8267706931831 ], [ -82.416267486364504, 35.829252503969798 ], [ -82.419665158463701, 35.842912073103598 ], [ -82.417353300883093, 35.847328101839203 ], [ -82.418425674714598, 35.850398662579003 ], [ -82.417510316794903, 35.859244524149297 ], [ -82.425217244626694, 35.8611617474645 ], [ -82.423653913194997, 35.869535725187802 ], [ -82.4308447730522, 35.874224600087402 ], [ -82.432145256383606, 35.876686463025003 ], [ -82.439609036544994, 35.879438665624299 ], [ -82.443074281450293, 35.884755664205102 ], [ -82.441868968619502, 35.887504525986799 ], [ -82.451511455635895, 35.898818516588904 ], [ -82.463490337223305, 35.899725785593503 ], [ -82.474778617091403, 35.909251670068102 ], [ -82.482853713483806, 35.9090113690417 ], [ -82.486186150918996, 35.907069679409602 ], [ -82.494509705988193, 35.9091514214022 ], [ -82.490215905387302, 35.917192341567002 ], [ -82.490329762443807, 35.921071052118599 ], [ -82.493098392546202, 35.921249334431003 ], [ -82.493668835727505, 35.923820551239402 ], [ -82.498023629419805, 35.925349225111901 ], [ -82.498551990040198, 35.930199974860997 ], [ -82.495702289058201, 35.9312056213112 ], [ -82.490338458511104, 35.937045776187297 ], [ -82.488004255891894, 35.943031985163302 ], [ -82.480107399109698, 35.948964436649398 ], [ -82.486026496693398, 35.953972053958303 ], [ -82.496816823742293, 35.957122770770503 ], [ -82.496307838771003, 35.962228067491502 ], [ -82.501050758763, 35.966099294784001 ], [ -82.505429303176101, 35.977439402697001 ], [ -82.503543688864497, 35.981927340576298 ], [ -82.499967642013004, 35.982448169769697 ], [ -82.484173582022706, 35.993308062297203 ], [ -82.481390356357707, 35.998171015233098 ], [ -82.475944233973806, 35.998227472794298 ], [ -82.470405023899104, 36.002903406247 ], [ -82.460587207375895, 36.007730947354901 ], [ -82.416742212977397, 36.072834195259503 ], [ -82.400085770006399, 36.071242708895703 ], [ -82.399076182793493, 36.073094450239097 ], [ -82.402574004078701, 36.076980051987299 ], [ -82.402607021788199, 36.0791394322614 ], [ -82.401069507319903, 36.081381516295799 ], [ -82.398131749319006, 36.081902261898897 ], [ -82.385699381382395, 36.076370118967503 ], [ -82.380085005769402, 36.070746625014998 ], [ -82.376578049792499, 36.070861793008902 ], [ -82.3712818388952, 36.076166774985701 ], [ -82.359327976620406, 36.078474100508899 ], [ -82.356349759576005, 36.083138099299902 ], [ -82.351962169342002, 36.0845256279502 ], [ -82.348482098479906, 36.078463457143897 ], [ -82.345294013358796, 36.076465537106301 ], [ -82.344156523616107, 36.069868394674103 ], [ -82.340735403443205, 36.065565070249001 ], [ -82.336988641229397, 36.055062824390298 ], [ -82.336159315883705, 36.044769491164303 ], [ -82.339951264033104, 36.035412538562802 ], [ -82.338205110096098, 36.030095053356 ], [ -82.3236349290558, 36.029194933091901 ], [ -82.319597809809395, 36.025424243298801 ], [ -82.312438572112299, 36.026110894472197 ], [ -82.311433744820903, 36.027755472863099 ], [ -82.313315760083398, 36.034680188490597 ], [ -82.312265901744397, 36.037627082187001 ], [ -82.309933514453604, 36.040151676654901 ], [ -82.304924472650995, 36.041053852853203 ], [ -82.301871175971698, 36.045252174047398 ], [ -82.299678199011794, 36.0456907304754 ], [ -82.298740462932898, 36.039403629292501 ], [ -82.290862616597906, 36.029390057909303 ], [ -82.281068981441393, 36.026037595733698 ], [ -82.268074235887894, 36.016631803468798 ], [ -82.267945158635499, 36.014391250196702 ], [ -82.272900392427005, 36.010775779435399 ], [ -82.273489283765201, 36.003110086908599 ], [ -82.262666928044695, 35.999759302998399 ], [ -82.257796711408702, 35.992675527642298 ], [ -82.253310112068206, 35.989724109994199 ], [ -82.250568945022593, 35.988913949862997 ], [ -82.249186809534095, 35.990333745366399 ], [ -82.253969433862494, 36.005328503837703 ], [ -82.252119099124599, 36.008689565875898 ], [ -82.237352230417699, 36.004726583254602 ], [ -82.236301545896794, 36.0057846900512 ], [ -82.237590610865695, 36.009394062078798 ], [ -82.233305632052407, 36.013542231900701 ], [ -82.227784242714094, 36.012895814614701 ], [ -82.214195665779101, 36.017066788050101 ], [ -82.209227688819993, 36.016504216044297 ], [ -82.205604385165799, 36.0141170541186 ], [ -82.199543769433603, 36.015960120787298 ], [ -82.196983022583296, 36.014525367697601 ], [ -82.193469189580995, 36.007211229835796 ], [ -82.193566869079106, 36.001075970356602 ], [ -82.196400805591097, 36.000519780248702 ], [ -82.200414099269494, 36.006113775519196 ], [ -82.203837914383399, 36.005945835914098 ], [ -82.204201112616204, 36.0039299399185 ], [ -82.197949277123698, 35.995482878121699 ], [ -82.197407666197194, 35.992224165540499 ], [ -82.191708684511397, 35.9906427639336 ], [ -82.191343026026999, 35.985993733633798 ], [ -82.192726754360805, 35.984027301470299 ], [ -82.191236785704703, 35.981507031422801 ], [ -82.191314538992899, 35.9703126173996 ], [ -82.194046932834397, 35.9672741371417 ], [ -82.185921982859995, 35.960153535046501 ], [ -82.187268037381102, 35.958110962850697 ], [ -82.192755226748204, 35.959490434472002 ], [ -82.194112539988097, 35.955633239965998 ], [ -82.197668561359293, 35.952214463226497 ], [ -82.193727262113001, 35.950901985060803 ], [ -82.191567634369306, 35.947071095264 ], [ -82.1842166514665, 35.942403910213102 ], [ -82.183527241320107, 35.937562666164602 ], [ -82.177216806412801, 35.9356457133796 ], [ -82.169728266624205, 35.928624343910897 ], [ -82.167713866268997, 35.9292888470424 ], [ -82.168430095055299, 35.932683179275401 ], [ -82.166598585831593, 35.934536673233197 ], [ -82.160381676424905, 35.930427874468897 ], [ -82.154771577091694, 35.933649282237397 ], [ -82.145206110660098, 35.931449769346798 ], [ -82.152701426852403, 35.928463944750298 ], [ -82.150249016838501, 35.924390164778401 ], [ -82.155030927684905, 35.921070045403603 ], [ -82.153408289773395, 35.9181285496146 ], [ -82.154901267037005, 35.914863998010098 ], [ -82.151801786722302, 35.914672231188398 ], [ -82.150105735497704, 35.916553138556303 ], [ -82.149824326714594, 35.913621047980399 ], [ -82.1471550364287, 35.9116103470475 ], [ -82.144641409432595, 35.9135931039648 ], [ -82.142696817540099, 35.908396461019599 ], [ -82.144526758085703, 35.904043133196403 ], [ -82.146907811499105, 35.906193600773797 ], [ -82.146526396604997, 35.897216320442503 ], [ -82.144703483426795, 35.896528494250099 ], [ -82.149942573484907, 35.891197958996202 ], [ -82.146496340252995, 35.889089736255301 ], [ -82.146947495398805, 35.882718008084503 ], [ -82.144781108550902, 35.880326866838899 ], [ -82.146273322031007, 35.863606146093403 ], [ -82.141172416368505, 35.857867698558003 ], [ -82.142827330471107, 35.855191349850301 ], [ -82.142735941425002, 35.848833411312803 ], [ -82.138600109147404, 35.845913853141603 ], [ -82.141383131832399, 35.841919497659703 ], [ -82.143778520717305, 35.843865669645801 ], [ -82.146466087945598, 35.841645525110501 ], [ -82.150083872043098, 35.841663100054198 ], [ -82.146744237657103, 35.837282824243601 ], [ -82.143610862290203, 35.826889649119998 ], [ -82.144975806415403, 35.823823372748599 ], [ -82.147345752235594, 35.824526505953898 ], [ -82.148307713072995, 35.822742055640198 ], [ -82.133230770144294, 35.8233251049571 ] ] ] } }
]
}
